geo_id,state_fips,county_fips,county,area_km2,northmost,southmost,eastmost,westmost,bbox_area_km2,occupied_raw,occupied
0500000US01001,01,001,Autauga,1539.58924,32.707386,32.340803,-86.411172,-86.917595,1935.3919693646983,0.7954922126216002,0.7954922126216002
0500000US01009,01,009,Blount,1669.9698399999997,34.259317,33.765316,-86.303516,-86.963358,3340.787193044704,0.49987315668497695,0.49987315668497695
0500000US01017,01,017,Chambers,1545.0152899999998,33.108077,32.72853,-85.123421,-85.593177,1850.551474223828,0.8348945228059768,0.8348945228059768
0500000US01021,01,021,Chilton,1794.49186,33.071861,32.661732,-86.374974,-87.019157,2743.755297347973,0.65402766118921,0.65402766118921
0500000US01033,01,033,Colbert,1534.88321,34.892202,34.567081,-87.416484,-88.139988,2390.279976881337,0.6421353250854754,0.6421353250854754
0500000US01045,01,045,Dale,1453.3784999999998,31.619466,31.195179,-85.416437,-85.791402,1678.8662465501397,0.8656904640179115,0.8656904640179115
0500000US01051,01,051,Elmore,1601.87615,32.767469,32.409937,-85.87986,-86.413335,1987.0077079238492,0.806175106222281,0.806175106222281
0500000US01065,01,065,Hale,1667.8123699999999,33.006824,32.480918,-87.420132,-87.870464,2462.955555639908,0.677158938650308,0.677158938650308
0500000US01079,01,079,Lawrence,1788.85602,34.800022,34.299299,-87.105073,-87.529722,2165.3703103081734,0.8261201381972452,0.8261201381972452
0500000US01083,01,083,Limestone,1450.23424,34.999024,34.55079,-86.783628,-87.260676,2171.656458628819,0.6678009471699202,0.6678009471699202
0500000US01099,01,099,Monroe,2656.4982499999996,31.830628,31.244458,-86.905899,-87.784796,5429.028153369476,0.48931377310159435,0.48931377310159435
0500000US01107,01,107,Pickens,2282.84672,33.534008,32.991199,-87.837521,-88.340432,2822.2790629037945,0.8088664051708686,0.8088664051708686
0500000US01121,01,121,Talladega,1908.24725,33.679098,33.102944,-85.794559,-86.503127,4214.4571354618165,0.45278601458379664,0.45278601458379664
0500000US02050,02,050,Bethel,105076.31036,62.295331,58.551842,-153.001262,-173.120769,459566.9249741295,0.22864202067177722,0.22864202067177722
0500000US02105,02,105,Hoonah-Angoon,19489.52985,59.261108,57.023737,-132.367984,-137.944259,81414.73715858629,0.23938577375784803,0.23938577375784803
0500000US02122,02,122,Kenai Peninsula,41635.10729,61.428123,58.64681,-148.562368,-154.747693,106223.01851728035,0.3919593687993983,0.3919593687993983
0500000US02150,02,150,Kodiak Island,16963.40961,58.855797,55.759983,-151.963817,-156.750815,98957.8484423137,0.17142055811660675,0.17142055811660675
0500000US02164,02,164,Lake and Peninsula,61258.70330999999,60.908538,55.633045,-153.394293,-159.903652,223216.63550015172,0.274436101828792,0.274436101828792
0500000US02180,02,180,Nome,59470.96098999999,66.58111,62.937527,-159.384765,-171.849984,239422.94856880195,0.24839290195655608,0.24839290195655608
0500000US02188,02,188,Northwest Arctic,92132.99256,68.301027,65.435857,-154.141599,-165.35998,156108.39248175285,0.5901860309705592,0.5901860309705592
0500000US02198,02,198,Prince of Wales-Hyder,10160.24107,56.352506,54.669064,-130.00426,-133.945619,46452.461669479795,0.2187234153981442,0.2187234153981442
0500000US05141,05,141,Van Buren,1834.09037,35.790823,35.363718,-92.24052,-92.850624,2620.452721449501,0.699913551191824,0.699913551191824
0500000US05145,05,145,White,2680.84425,35.534114,35.024577,-91.347257,-92.119719,3972.800458866964,0.6747996225223384,0.6747996225223384
0500000US06005,06,005,Amador,1539.9699699999999,38.709029,38.221277,-120.072392,-121.027507,4510.024491057292,0.34145490186439814,0.34145490186439814
0500000US06021,06,021,Glenn,3403.1227299999996,39.798156,39.383266,-121.856532,-122.937654,4273.819870530317,0.7962719143747449,0.7962719143747449
0500000US06033,06,033,Lake,3254.24176,39.580668,38.667506,-122.340172,-123.093013,6594.120744733393,0.4935065471160966,0.4935065471160966
0500000US06043,06,043,Mariposa,3752.43344,37.904122,37.183108,-119.308995,-120.391931,7654.688947938367,0.4902137063336376,0.4902137063336376
0500000US06055,06,055,Napa,1938.2575799999997,38.864245,38.155017,-122.064779,-122.646268,3990.08402105072,0.4857686128347726,0.4857686128347726
0500000US06089,06,089,Shasta,9778.29118,41.183886,40.286971,-121.319972,-123.068789,14695.264335649532,0.6654042388525567,0.6654042388525567
0500000US06099,06,099,Stanislaus,3871.60193,38.077421,37.134774,-120.387329,-121.472648,10021.232193174254,0.3863399086428771,0.3863399086428771
0500000US06115,06,115,Yuba,1636.4630100000002,39.639459,38.938918,-121.009477,-121.62376,4118.023770032843,0.39739037494359797,0.39739037494359797
0500000US08003,08,003,Alamosa,1871.64537,37.751464,37.356798,-105.457255,-106.039331,2251.8071887279107,0.831174791238378,0.831174791238378
0500000US08013,08,013,Boulder,1881.0885099999998,40.261793,39.912886,-105.052774,-105.675798,2056.2813523328773,0.9148011325716109,0.9148011325716109
0500000US08014,08,014,Broomfield,85.55806,40.044227,39.913795,-104.961151,-105.147342,230.0918849582319,0.3718430140008248,0.3718430140008248
0500000US08025,08,025,Crowley,2039.42039,38.522393,38.11334,-103.501764,-104.058242,2208.1915075974657,0.9235704344406748,0.9235704344406748
0500000US08031,08,031,Denver,396.27,39.914183,39.614337,-104.600435,-105.109927,1451.9556927926374,0.2729215512339974,0.2729215512339974
0500000US08035,08,035,Douglas,2176.24232,39.566088,39.129527,-104.660626,-105.32922,2790.8207591098117,0.7797857719440772,0.7797857719440772
0500000US08047,08,047,Gilpin,388.23063999999994,39.934867,39.747087,-105.39745,-105.690348,522.1547589244146,0.7435164256660521,0.7435164256660521
0500000US12083,12,083,Marion,4103.97414,29.521004,28.959884,-81.639151,-82.535591,5426.882139631626,0.7562305637760867,0.7562305637760867
0500000US12087,12,087,Monroe,2546.7003799999998,25.805377,24.544701,-80.173951,-82.165206,28089.713289249532,0.0906630962650185,0.0906630962650185
0500000US12095,12,095,Orange,2339.88111,28.78597,28.347098,-80.862908,-81.658114,3789.7617515526863,0.6174216912293596,0.6174216912293596
0500000US12111,12,111,St. Lucie,1481.28834,27.55847,27.205988,-80.199288,-80.679821,1859.615189786148,0.7965563779732006,0.7965563779732006
0500000US12119,12,119,Sumter,1416.55647,28.960391,28.312794,-81.95358,-82.311697,2516.7110390580383,0.5628601965087707,0.5628601965087707
0500000US12125,12,125,Union,630.81004,30.143117,29.923093,-82.142578,-82.57601,1020.8162281732866,0.6179467200759646,0.6179467200759646
0500000US13001,13,001,Appling,1313.33979,31.966182,31.471262,-82.048582,-82.52142,2461.289195602971,0.5335983241409612,0.5335983241409612
0500000US13013,13,013,Barrow,415.20030999999994,34.127493,33.896682,-83.537385,-83.869115,784.7376734997832,0.5290944018888303,0.5290944018888303
0500000US13029,13,029,Bryan,1129.1545299999998,32.241289,31.72607,-81.138533,-81.780858,3470.6765197597615,0.3253413343396691,0.3253413343396691
0500000US13043,13,043,Candler,629.48396,32.53877,32.268783,-81.918671,-82.252757,941.5965512076116,0.6685283194725782,0.6685283194725782
0500000US13055,13,055,Chattooga,811.54542,34.588684,34.286097,-85.107748,-85.527127,1294.0381599479372,0.6271417993057105,0.6271417993057105
0500000US13059,13,059,Clarke,308.728,34.040572,33.847977,-83.24086,-83.537385,585.7820844602795,0.5270355789123389,0.5270355789123389
0500000US13071,13,071,Colquitt,1409.35627,31.334966,31.033875,-83.50981,-84.003876,1573.5334661732911,0.8956633591196779,0.8956633591196779
0500000US13079,13,079,Crawford,841.4599199999999,32.849562,32.529927,-83.70109,-84.202628,1668.1624239671917,0.5044232551401416,0.5044232551401416
0500000US13091,13,091,Dodge,1284.3551,32.452533,31.900325,-82.87179,-83.346528,2743.5199835034887,0.4681413322019518,0.4681413322019518
0500000US13107,13,107,Emanuel,1762.7643600000001,32.835772,32.292194,-82.001236,-82.647733,3661.99497936842,0.48136722467708626,0.48136722467708626
0500000US13113,13,113,Fayette,503.34578,33.550933,33.2565,-84.381759,-84.62722,745.9821127500165,0.6747424253169384,0.6747424253169384
0500000US13123,13,123,Gilmer,1104.7386,34.855398,34.548946,-84.196754,-84.657098,1434.0096950834543,0.7703843312828565,0.7703843312828565
0500000US08053,08,053,Hinsdale,2893.68009,38.147267,37.422673,-107.000602,-107.568875,4023.654220026096,0.7191671877761983,0.7191671877761983
0500000US08057,08,057,Jackson,4179.54257,41.003082,40.323382,-105.854926,-106.857772,6393.0167576092135,0.6537668722712713,0.6537668722712713
0500000US08059,08,059,Jefferson,1979.2987199999998,39.913886,39.129564,-105.04874,-105.398949,2619.749169659744,0.7555298587066919,0.7555298587066919
0500000US08073,08,073,Lincoln,6676.05134,39.566331,38.516409,-103.154376,-104.055528,9085.914196319305,0.7347693579039588,0.7347693579039588
0500000US08083,08,083,Montezuma,5256.474929999999,37.639587,36.998906,-107.970086,-109.04581,6776.822602060885,0.7756547926164489,0.7756547926164489
0500000US08095,08,095,Phillips,1781.73352,40.749586,40.438473,-102.051292,-102.664804,1792.0396106880646,0.994248960443398,0.994248960443398
0500000US08105,08,105,Rio Grande,2361.97122,37.835244,37.400852,-106.038413,-106.711624,2864.057417418576,0.8246940880566861,0.8246940880566861
0500000US08111,08,111,San Juan,1003.5939199999999,37.965015,37.639501,-107.468843,-107.970086,1593.9972812795263,0.6296083009592084,0.6296083009592084
0500000US08123,08,123,Weld,10326.946419999998,41.001887,40.000251,-103.574522,-105.05672,13957.90884164738,0.7398634377942507,0.7398634377942507
0500000US09015,09,015,Windham,1328.4369,42.028962,41.634799,-71.789465,-72.239559,1634.431982697127,0.8127820025938453,0.8127820025938453
0500000US12001,12,001,Alachua,2266.3017999999997,29.940881,29.431764,-82.050291,-82.658554,3326.3919007192285,0.6813093188177806,0.6813093188177806
0500000US12013,12,013,Calhoun,1469.3950599999998,30.608026,30.199976,-84.932519,-85.389679,1989.2988238317118,0.7386497404998746,0.7386497404998746
0500000US12023,12,023,Columbia,2065.7166599999996,30.597734,29.830144,-82.458364,-82.800477,2805.802667370997,0.7362302003709873,0.7362302003709873
0500000US12039,12,039,Gadsden,1337.2998799999998,30.711542,30.388281,-84.282562,-84.932519,2237.2052203036124,0.5977546752812039,0.5977546752812039
0500000US12055,12,055,Highlands,2633.03285,27.646647,27.032461,-80.943186,-81.563696,4185.791750963572,0.6290405750343109,0.6290405750343109
0500000US12059,12,059,Holmes,1240.03243,30.996931,30.70313,-85.497992,-86.037591,1682.8355399582706,0.7368708352990626,0.7368708352990626
0500000US12073,12,073,Leon,1727.1466799999998,30.685316,30.273617,-83.977165,-84.713351,3229.6064801414823,0.5347854887646675,0.5347854887646675
0500000US02261,02,261,Valdez-Cordova,88681.28919999998,63.222211,59.78326,-141.00185,-148.746023,157083.90830668074,0.5645472547503989,0.5645472547503989
0500000US02270,02,270,Wade Hampton,44240.91147,63.275727,60.917363,-160.18666,-166.182688,81817.30127712466,0.5407280707065969,0.5407280707065969
0500000US04003,04,003,Cochise,15969.137099999998,32.427354,31.332502,-109.047926,-110.460172,16233.724744808362,0.9837013594250463,0.9837013594250463
0500000US04013,04,013,Maricopa,23828.37037,34.04817,32.504938,-111.039905,-113.33392,36593.872382473724,0.6511573883449505,0.6511573883449505
0500000US05001,05,001,Arkansas,2560.9143,34.56805,33.954941,-91.056276,-91.711795,4106.981277654715,0.6235514911970589,0.6235514911970589
0500000US05009,05,009,Boone,1528.6982899999998,36.498389,36.114132,-92.854049,-93.300828,1710.5918758044038,0.8936662868699358,0.8936662868699358
0500000US05019,05,019,Clark,2243.1316599999996,34.340851,33.777011,-92.886285,-93.478646,3421.2461059791317,0.6556475595484921,0.6556475595484921
0500000US05029,05,029,Conway,1430.3274999999999,35.46295,35.071742,-92.479268,-93.040525,2216.554039024213,0.6452933133223626,0.6452933133223626
0500000US05043,05,043,Drew,2145.44204,33.792246,33.388974,-91.450325,-92.00785,2315.7084565438895,0.9264732932754385,0.9264732932754385
0500000US05051,05,051,Garland,1755.4527899999998,34.773193,34.389255,-92.793197,-93.407227,2399.8879041251344,0.7314728271193734,0.7314728271193734
0500000US05061,05,061,Howard,1524.35486,34.355481,33.747709,-93.820722,-94.254668,2701.8152890279257,0.5641965482208967,0.5641965482208967
0500000US05071,05,071,Johnson,1708.8923599999998,35.768649,35.326779,-93.164452,-93.710076,2425.4140159835615,0.7045775891201834,0.7045775891201834
0500000US05085,05,085,Lonoke,1996.1855199999998,35.076317,34.48192,-91.638531,-92.121336,2914.403021041183,0.6849380492636375,0.6849380492636375
0500000US05097,05,097,Montgomery,2019.8891999999998,34.745296,34.339527,-93.394289,-93.935371,2236.0668646203403,0.9033223612223935,0.9033223612223935
0500000US05101,05,101,Newton,2126.1206399999996,36.125072,35.724663,-92.944666,-93.523639,2321.150174505731,0.9159772010239445,0.9159772010239445
0500000US05111,05,111,Poinsett,1964.22751,35.708418,35.438573,-90.286736,-91.03923,2042.0966295353112,0.961868053446114,0.961868053446114
0500000US05123,05,123,St. Francis,1644.0568899999998,35.148196,34.86712,-90.400434,-91.152457,2140.668736038277,0.7680108847867074,0.7680108847867074
0500000US05129,05,129,Searcy,1725.18605,36.115123,35.718365,-92.411502,-92.951315,2144.641731091902,0.804416898631202,0.804416898631202
0500000US13309,13,309,Wheeler,765.30356,32.309283,31.918883,-82.543655,-82.927865,1570.8246862669744,0.48719858217833634,0.48719858217833634
0500000US13313,13,313,Whitfield,752.30176,34.988004,34.622482,-84.810477,-85.168851,1329.8874248520117,0.5656883025897588,0.5656883025897588
0500000US13319,13,319,Wilkinson,1158.5277199999998,33.002803,32.584201,-82.946366,-83.40699,2004.1116365349499,0.5780754419464678,0.5780754419464678
0500000US15009,15,009,Maui,3008.3393899999996,21.227268,20.504738,-155.984587,-157.313343,11091.994582026768,0.27121717088418423,0.27121717088418423
0500000US16015,16,015,Boise,4919.02383,44.339411,43.591338,-114.99075,-116.281687,8594.180630194196,0.5723668190912632,0.5723668190912632
0500000US16021,16,021,Boundary,3285.5703999999996,49.000912,48.500617,-116.049023,-117.033177,4013.8915673821352,0.8185498648492023,0.8185498648492023
0500000US16045,16,045,Gem,1452.7309999999998,44.498966,43.806937,-116.152289,-116.712672,3440.2442075614294,0.4222755456740522,0.4222755456740522
0500000US16051,16,051,Jefferson,2832.1675899999996,44.058454,43.623011,-111.626438,-112.697408,4158.87030827081,0.6809944480277791,0.6809944480277791
0500000US16057,16,057,Latah,2786.82964,47.127265,46.541785,-116.329279,-117.039828,3518.842639347394,0.7919733632978957,0.7919733632978957
0500000US16067,16,067,Minidoka,1962.16069,43.20003,42.535275,-113.413026,-113.932904,3131.789325558286,0.6265302311323949,0.6265302311323949
0500000US16081,16,081,Teton,1164.09104,43.983096,43.501136,-111.045205,-111.399915,1527.100304069027,0.7622885261028548,0.7622885261028548
0500000US17005,17,005,Bond,984.92261,39.028246,38.740532,-89.250447,-89.639265,1076.6853523904197,0.9147729258258309,0.9147729258258309
0500000US17009,17,009,Brown,791.5221300000001,40.104452,39.839326,-90.513747,-90.916609,1012.0734978678099,0.7820796925001422,0.7820796925001422
0500000US17019,17,019,Champaign,2580.32894,40.399401,39.879092,-87.932858,-88.462207,2603.3899337183625,0.9911419363577914,0.9911419363577914
0500000US17029,17,029,Coles,1316.4736899999998,39.685928,39.374515,-87.960179,-88.472073,1520.2132277774658,0.8659796309789181,0.8659796309789181
0500000US17035,17,035,Cumberland,896.2021599999999,39.378968,39.171118,-88.007766,-88.471147,921.8605207074509,0.9721667647858916,0.9721667647858916
0500000US17049,17,049,Effingham,1240.03243,39.216263,38.910847,-88.360654,-88.806794,1308.114098645579,0.9479543346287066,0.9479543346287066
0500000US17055,17,055,Franklin,1059.02251,38.125195,37.861999,-88.704606,-89.177597,1213.034027443978,0.8730361111398496,0.8730361111398496
0500000US17065,17,065,Hamilton,1125.78235,38.256661,37.906797,-88.370491,-88.706622,1144.5261622994788,0.9836230809597044,0.9836230809597044
0500000US18051,18,051,Gibson,1262.58874,38.533519,38.165403,-87.31596,-87.955344,2282.2668776626883,0.5532169582608325,0.5532169582608325
0500000US18059,18,059,Hancock,792.58144,39.945756,39.697136,-85.576192,-85.951721,886.6176592215912,0.8939382514621347,0.8939382514621347
0500000US18069,18,069,Huntington,991.0660899999999,41.00525,40.653129,-85.334667,-85.643841,1018.5147373192682,0.9730503189462795,0.9730503189462795
0500000US18079,18,079,Jennings,975.34997,39.195617,38.807508,-85.440054,-85.799834,1341.6957670577488,0.7269531543196852,0.7269531543196852
0500000US18085,18,085,Kosciusko,1376.27679,41.436856,41.042574,-85.651928,-86.077551,1560.2564973818835,0.8820836781063868,0.8820836781063868
0500000US18095,18,095,Madison,1170.45985,40.379757,39.943618,-85.576192,-85.862489,1179.8708104882328,0.992023736493372,0.992023736493372
0500000US18105,18,105,Monroe,1021.77831,39.346948,38.99087,-86.31738,-86.68561,1256.890512049007,0.8129413820892621,0.8129413820892621
0500000US18115,18,115,Ohio,223.1026,39.030296,38.900905,-84.813182,-85.140312,406.9200664821547,0.5482713151227308,0.5482713151227308
0500000US18125,18,125,Pike,865.67642,38.54493,38.232596,-87.072369,-87.462892,1182.0890755415821,0.732327569818192,0.732327569818192
0500000US18131,18,131,Pulaski,1123.1509099999998,41.172318,40.909889,-86.467046,-86.930759,1134.8558344318933,0.9896859811821359,0.9896859811821359
0500000US18139,18,139,Rush,1057.04116,39.787579,39.45275,-85.297575,-85.633491,1071.2180978977615,0.9867655915022502,0.9867655915022502
0500000US18153,18,153,Sullivan,1158.0977799999998,39.259459,38.907874,-87.240379,-87.658746,1411.7132800891654,0.8203491433663166,0.8203491433663166
0500000US18173,18,173,Warrick,996.67085,38.246077,37.877155,-87.017453,-87.467284,1615.552879072716,0.6169224560275999,0.6169224560275999
0500000US18179,18,179,Wells,953.3453299999999,40.917823,40.566929,-85.068479,-85.448993,1250.7967062422015,0.7621904704755404,0.7621904704755404
0500000US18183,18,183,Whitley,869.12371,41.294776,41.001909,-85.307781,-85.686574,1032.8634722009704,0.8414700813728548,0.8414700813728548
0500000US19009,19,009,Audubon,1147.26899,41.863374,41.504148,-94.700629,-95.092861,1301.07116399281,0.8817880387719823,0.8817880387719823
0500000US19017,19,017,Bremer,1127.8854299999998,42.907112,42.642056,-92.081568,-92.554492,1137.6646517676268,0.9914041262050002,0.9914041262050002
0500000US19021,19,021,Buena Vista,1489.02985,42.909897,42.560309,-94.91389,-95.388182,1505.7885166074411,0.9888705044416206,0.9888705044416206
0500000US19031,19,031,Cedar,1500.73924,41.94741,41.597133,-90.898373,-91.366448,1511.88595285254,0.9926272793053544,0.9926272793053544
0500000US19039,19,039,Clarke,1116.7225299999998,41.162035,40.897031,-93.55654,-94.014803,1132.721509377687,0.9858756285236634,0.9858756285236634
0500000US17073,17,073,Henry,2131.53115,41.584653,41.148955,-89.856619,-90.437657,2349.1323218792686,0.9073695551959409,0.9073695551959409
0500000US17077,17,077,Jackson,1512.76979,37.95531,37.572143,-89.150834,-89.674304,1960.5398027056715,0.7716088129974612,0.7716088129974612
0500000US17079,17,079,Jasper,1280.7809,39.174882,38.847521,-87.945923,-88.36176,1307.8394920666283,0.979310464142759,0.979310464142759
0500000US17089,17,089,Kane,1346.95022,42.154253,41.719563,-88.238369,-88.601933,1453.5641626134072,0.9266534320564681,0.9266534320564681
0500000US17103,17,103,Lee,1877.4806399999998,41.901617,41.584949,-88.938618,-89.631494,2024.1745254869609,0.9275290328774044,0.9275290328774044
0500000US17107,17,107,Logan,1600.77281,40.325344,39.91699,-89.143457,-89.602979,1774.1690706519971,0.9022662137897179,0.9022662137897179
0500000US17121,17,121,Marion,1482.42017,38.826299,38.473878,-88.695165,-89.144388,1528.73155039841,0.9697060086276492,0.9697060086276492
0500000US17129,17,129,Menard,814.39183,40.15487,39.901925,-89.578289,-89.994724,997.2806093059534,0.8166125184834058,0.8166125184834058
0500000US17139,17,139,Moultrie,870.09237,39.792146,39.447041,-88.470505,-88.812709,1124.7707739289115,0.7735730605452166,0.7735730605452166
0500000US17145,17,145,Perry,1144.16099,38.219271,37.950311,-89.129637,-89.595084,1218.3103105985203,0.9391375744311867,0.9391375744311867
0500000US17155,17,155,Putnam,414.81699,41.310187,41.103665,-89.162238,-89.466534,584.5812799652787,0.709596773308646,0.709596773308646
0500000US17169,17,169,Schuyler,1132.53707,40.284394,39.981658,-90.199556,-90.913616,2043.5031076996374,0.5542135295673184,0.5542135295673184
0500000US17175,17,175,Stark,746.12461,41.234483,40.973707,-89.638429,-89.985479,843.1855426350556,0.8848878120802112,0.8848878120802112
0500000US17179,17,179,Tazewell,1680.84266,40.748257,40.319218,-89.26374,-89.92468,2664.746576208519,0.6307701734217267,0.6307701734217267
0500000US17189,17,189,Washington,1457.0614799999998,38.516522,38.212896,-89.143898,-89.704417,1649.9015836760263,0.8831202384530273,0.8831202384530273
0500000US17203,17,203,Woodford,1366.99941,40.92774,40.594329,-88.929331,-89.554994,1953.6139110642373,0.6997285401470767,0.6997285401470767
0500000US18009,18,009,Blackford,427.5572,40.567242,40.379034,-85.201146,-85.447014,435.2415723801932,0.9823445808768453,0.9823445808768453
0500000US18011,18,011,Boone,1095.34467,40.180778,39.92277,-86.239739,-86.695804,1113.666260577695,0.98354840114471,0.98354840114471
0500000US18021,18,021,Clay,926.0337799999999,39.607137,39.167965,-86.939981,-87.240737,1262.1945471020986,0.733669609115411,0.733669609115411
0500000US18033,18,033,DeKalb,939.71416,41.530135,41.264209,-84.803582,-85.194084,963.1618909670759,0.9756554622987285,0.9756554622987285
0500000US13125,13,125,Glascock,372.2866,33.32727,33.126331,-82.431957,-82.755846,673.133966995133,0.553064647237883,0.553064647237883
0500000US13129,13,129,Gordon,921.5427199999999,34.634128,34.392446,-84.653232,-85.086761,1067.4751226245062,0.8632919872964203,0.8632919872964203
0500000US13131,13,131,Grady,1177.2249299999999,31.078883,30.675954,-84.076964,-84.380719,1298.8073743092486,0.9063891638481721,0.9063891638481721
0500000US13139,13,139,Hall,1017.3053799999999,34.505494,34.098281,-83.615251,-84.062841,1861.6335871502154,0.5464584368384161,0.5464584368384161
0500000US13157,13,157,Jackson,879.72717,34.295276,33.965912,-83.360028,-83.817682,1542.726083520017,0.5702419758099497,0.5702419758099497
0500000US13169,13,169,Jones,1020.2864699999999,33.185352,32.844868,-83.357685,-83.816048,1618.0568287701067,0.6305628157544534,0.6305628157544534
0500000US13175,13,175,Laurens,2090.89664,32.71576,32.147274,-82.647733,-83.226536,3433.8345423585274,0.6089101307029979,0.6089101307029979
0500000US13187,13,187,Lumpkin,732.7964699999999,34.740859,34.418389,-83.843405,-84.19104,1141.199783177842,0.6421281188464812,0.6421281188464812
0500000US13197,13,197,Marion,947.9477699999999,32.562083,32.134058,-84.392316,-84.65892,1191.9735916787552,0.7952758153516862,0.7952758153516862
0500000US13201,13,201,Miller,731.47039,31.258967,31.06919,-84.537101,-84.922423,773.6672472396825,0.9454586485466019,0.9454586485466019
0500000US13217,13,217,Newton,704.89699,33.744203,33.368278,-83.674644,-84.044493,1432.5841877603978,0.4920457701700497,0.4920457701700497
0500000US13225,13,225,Peach,389.19152999999994,32.692622,32.468514,-83.70109,-84.00849,717.7473927131115,0.5422402560444584,0.5422402560444584
0500000US13233,13,233,Polk,803.75729,34.100668,33.901697,-84.922742,-85.421731,1017.7001746436829,0.789778080053304,0.789778080053304
0500000US13243,13,243,Randolph,1109.13124,31.924465,31.618669,-84.535527,-84.95864,1360.054924936826,0.8155047415099935,0.8155047415099935
0500000US13253,13,253,Seminole,609.23534,31.07548,30.711487,-84.730855,-85.022121,1124.8715585371892,0.5416043595166231,0.5416043595166231
0500000US13265,13,265,Taliaferro,504.03472,33.733333,33.443543,-82.679975,-83.014038,997.113521086681,0.5054938172442888,0.5054938172442888
0500000US13277,13,277,Tift,670.5898500000001,31.596466,31.326263,-83.338728,-83.65409,898.7013233760096,0.7461765467095351,0.7461765467095351
0500000US13285,13,285,Troup,1072.22892,33.224693,32.870525,-84.861768,-85.236509,1375.5228884932264,0.779506418228009,0.779506418228009
0500000US13293,13,293,Upson,837.70183,32.993729,32.690018,-84.122361,-84.52702,1276.6968349053698,0.6561478082320862,0.6561478082320862
0500000US13303,13,303,Washington,1757.19068,33.238348,32.759358,-82.510851,-83.073648,2795.407647663244,0.6285990815932991,0.6285990815932991
0500000US20027,20,027,Clay,1671.32959,39.567018,39.131961,-96.958859,-97.371154,1715.0165565491313,0.9745267960345316,0.9745267960345316
0500000US20029,20,029,Cloud,1852.7357799999997,39.654043,39.306011,-97.368374,-97.931844,1871.506168348158,0.9899704373591642,0.9899704373591642
0500000US20039,20,039,Decatur,2314.20903,40.00227,39.56689,-100.177795,-100.740873,2329.3031261352976,0.9935199090380559,0.9935199090380559
0500000US20049,20,049,Elk,1668.64635,37.607015,37.299232,-95.961002,-96.52569,1705.936568314463,0.9781409115631378,0.9781409115631378
0500000US20065,20,065,Graham,2327.17198,39.567437,39.131926,-99.602255,-100.1642,2339.945987840055,0.9945408962828898,0.9945408962828898
0500000US20075,20,075,Hamilton,2580.95572,38.263207,37.736314,-101.527063,-102.04451,2656.387815201274,0.971603508053451,0.971603508053451
0500000US20085,20,085,Jackson,1699.6020299999998,39.653001,39.216081,-95.564126,-96.035952,1968.6498499979634,0.8633338376561774,0.8633338376561774
0500000US20095,20,095,Kingman,2236.11017,37.733855,37.384056,-97.807057,-98.464951,2255.632532951286,0.9913450605690002,0.9913450605690002
0500000US20105,20,105,Lincoln,1863.2356399999999,39.21978,38.870791,-97.92856,-98.490161,1882.0644409317554,0.9899956661832291,0.9899956661832291
0500000US20115,20,115,Marion,2445.7111,38.609362,38.085622,-96.819723,-97.371911,2804.359713341697,0.8721103389000234,0.8721103389000234
0500000US20127,20,127,Morris,1800.77261,38.870067,38.521657,-96.352613,-96.930286,1942.2380843582882,0.9271636801391276,0.9271636801391276
0500000US20135,20,135,Ness,2783.6025,38.698165,38.262179,-99.584207,-100.2472,2797.7922367805854,0.9949282378462406,0.9949282378462406
0500000US20145,20,145,Pawnee,1953.54117,38.349386,38.000236,-98.912583,-99.584794,2281.2967407117108,0.8563292688484451,0.8563292688484451
0500000US20155,20,155,Reno,3251.3461399999997,38.173814,37.732675,-97.698692,-98.472794,3329.296818043171,0.9765864438338101,0.9765864438338101
0500000US20163,20,163,Rooks,2306.48047,39.568093,39.132357,-99.044398,-99.605187,2336.320621760195,0.9872277154589709,0.9872277154589709
0500000US20173,20,173,Sedgwick,2583.55608,37.912733,37.474184,-97.152476,-97.807823,2811.881662902706,0.9187997183825276,0.9187997183825276
0500000US20185,20,185,Stafford,2051.39914,38.261088,37.824497,-98.472257,-99.022627,2339.79687288091,0.8767424060509081,0.8767424060509081
0500000US20195,20,195,Trego,2303.7480199999995,39.132481,38.696514,-99.591776,-100.153823,2357.3439987350903,0.9772642521567283,0.9772642521567283
0500000US20203,20,203,Wichita,1861.0911199999998,38.700603,38.263122,-101.125438,-101.567482,1871.7527393001628,0.9943039381878243,0.9943039381878243
0500000US20205,20,205,Wilson,1477.3826199999999,37.734304,37.383979,-95.525499,-95.961605,1497.462539382266,0.9865907033704165,0.9865907033704165
0500000US21183,21,183,Ohio,1521.03966,37.737754,37.212313,-86.59281,-87.103111,2631.0663514780563,0.5781076783356391,0.5781076783356391
0500000US21187,21,187,Owen,909.35677,38.720459,38.352415,-84.580539,-85.074583,1758.5726188512258,0.5170993567465132,0.5170993567465132
0500000US21189,21,189,Owsley,511.28413,37.53746,37.258529,-83.526907,-83.885262,981.8379598403005,0.5207418646587694,0.5207418646587694
0500000US21199,21,199,Pulaski,1705.2767199999998,37.355729,36.867133,-84.289076,-84.905778,2971.022526285704,0.5739696366866303,0.5739696366866303
0500000US21209,21,209,Scott,729.77394,38.492917,38.116397,-84.401847,-84.740594,1237.5190961639296,0.5897072152358364,0.5897072152358364
0500000US21219,21,219,Todd,969.9446399999999,37.072401,36.641543,-87.053164,-87.33598,1205.512475892016,0.8045911256806295,0.8045911256806295
0500000US21229,21,229,Washington,769.91894,37.897661,37.630903,-85.000529,-85.401784,1046.2388259512777,0.7358921509149331,0.7358921509149331
0500000US22001,22,001,Acadia,1696.75821,30.481147,30.049369,-92.142184,-92.631987,2258.4768906908644,0.7512842911936833,0.7512842911936833
0500000US22013,22,013,Bienville,2101.18412,32.585277,32.146907,-92.774936,-93.42819,2990.660704655013,0.702581913330881,0.702581913330881
0500000US22033,22,033,East Baton Rouge,1179.41866,30.719311,30.319893,-90.849041,-91.297658,1908.5628183012493,0.6179616665956863,0.6179616665956863
0500000US22053,22,053,Jefferson Davis,1686.93952,30.488208,30.037323,-92.591129,-93.131155,2600.3097741278834,0.6487455982300346,0.6487455982300346
0500000US22073,22,073,Ouachita,1580.9515399999998,32.723003,32.277068,-91.910952,-92.415418,2345.8623785471154,0.673931921351305,0.673931921351305
0500000US22077,22,077,Pointe Coupee,1443.52614,31.018814,30.497138,-91.33087,-91.815258,2684.889974892495,0.5376481544864049,0.5376481544864049
0500000US22089,22,089,St. Charles,722.82497,30.230888,29.692028,-90.173202,-90.541943,2128.4629268779954,0.339599511399633,0.339599511399633
0500000US22105,22,105,Tangipahoa,2049.4022499999996,31.000359,30.224447,-90.243034,-90.567195,2676.4458068085905,0.7657178205463905,0.7657178205463905
0500000US22115,22,115,Vernon,3439.2869,31.364507,30.87747,-92.823932,-93.554576,3766.6117446631774,0.9130983316432982,0.9130983316432982
0500000US21003,21,003,Allen,891.83542,36.934015,36.6284,-85.976421,-86.411387,1316.4184989733326,0.6774710479194401,0.6774710479194401
0500000US21009,21,009,Barren,1262.73119,37.169813,36.722722,-85.739255,-86.16674,1888.6091084544391,0.6686037806062303,0.6686037806062303
0500000US21017,21,017,Bourbon,750.37221,38.37175,38.067028,-83.977924,-84.442661,1375.6548045551963,0.5454654812495822,0.5454654812495822
0500000US21025,21,025,Breathitt,1275.34967,37.690729,37.334418,-82.948544,-83.579186,2203.8197649755293,0.578699624292625,0.578699624292625
0500000US21031,21,031,Butler,1103.56792,37.395123,36.999766,-86.399165,-86.941391,2111.333552668582,0.5226876248924123,0.5226876248924123
0500000US21043,21,043,Carter,1060.5946399999998,38.503965,38.175114,-82.771737,-83.341347,1816.5877401456153,0.58383892864706,0.58383892864706
0500000US21053,21,053,Clinton,510.86714,36.858743,36.614327,-84.974888,-85.29599,777.660003864975,0.6569286545032369,0.6569286545032369
0500000US21063,21,063,Elliott,606.87585,38.264537,38.007047,-82.889059,-83.263289,937.1211895562876,0.6475959105004833,0.6475959105004833
0500000US21077,21,077,Gallatin,262.19606,38.855859,38.66213,-84.660107,-85.024205,680.0790884566405,0.3855376006267493,0.3855376006267493
0500000US21087,21,087,Green,740.8280599999999,37.469917,37.10945,-85.352771,-85.697325,1221.7391829244086,0.6063716956566141,0.6063716956566141
0500000US21099,21,099,Hart,1067.30274,37.449933,37.148377,-85.657332,-86.157589,1483.755621135699,0.7193251535472286,0.7193251535472286
0500000US21103,21,103,Henry,741.45484,38.596838,38.335586,-84.870482,-85.34608,1202.8691236799036,0.6164052475897694,0.6164052475897694
0500000US21115,21,115,Johnson,678.4582699999999,38.000431,37.716338,-82.612393,-83.004649,1087.851192175216,0.6236682690427416,0.6236682690427416
0500000US21121,21,121,Knox,1000.50923,37.054919,36.687259,-83.581094,-84.091853,1857.4452653554533,0.5386480283759725,0.5386480283759725
0500000US21137,21,137,Lincoln,865.30605,37.634501,37.238328,-84.446719,-84.850816,1571.7260044007826,0.5505450998311224,0.5505450998311224
0500000US21143,21,143,Lyon,553.8456,37.179684,36.867183,-87.876996,-88.240371,1120.9642806681595,0.49407961480260193,0.49407961480260193
0500000US21151,21,151,Madison,1132.58887,37.892007,37.522858,-84.080337,-84.525643,1608.000888934505,0.7043459228125658,0.7043459228125658
0500000US21157,21,157,Marshall,780.2452699999999,37.064183,36.74715,-88.110831,-88.485697,1174.9993484675017,0.6640388958663155,0.6640388958663155
0500000US21169,21,169,Metcalfe,750.1805499999999,37.182427,36.818039,-85.45183,-85.744221,1052.0727350338232,0.7130500820134668,0.7130500820134668
0500000US21175,21,175,Morgan,987.11893,38.115386,37.712657,-82.989014,-83.49508,1988.0661950506308,0.49652216433108287,0.49652216433108287
0500000US19045,19,045,Clinton,1799.8298499999999,42.033548,41.729104,-90.140613,-90.898484,2124.0026755154,0.8473764514271444,0.8473764514271444
0500000US19047,19,047,Crawford,1849.7521,42.211408,41.863147,-95.090851,-95.672771,1861.047585111968,0.9939305769490636,0.9939305769490636
0500000US19055,19,055,Delaware,1496.3880399999998,42.645844,42.295761,-91.130079,-91.607059,1522.9135035685279,0.9825824227663797,0.9825824227663797
0500000US19063,19,063,Emmet,1025.3369699999998,43.500639,43.255014,-94.442848,-94.914843,1041.8852951884046,0.9841169414091671,0.9841169414091671
0500000US19067,19,067,Floyd,1296.63688,43.212813,42.907112,-92.554211,-93.025144,1300.5582157327124,0.9969848825794367,0.9969848825794367
0500000US19079,19,079,Hamilton,1493.7850899999999,42.558139,42.209302,-93.462635,-93.971583,1621.4490602146332,0.921265506671092,0.921265506671092
0500000US19087,19,087,Henry,1124.90952,41.162822,40.812631,-91.370298,-91.718787,1139.003976322729,0.9876256302737125,0.9876256302737125
0500000US19095,19,095,Iowa,1518.92363,41.862779,41.50979,-91.829231,-92.298164,1528.4288479621102,0.9937810530239705,0.9937810530239705
0500000US19105,19,105,Jones,1490.8583899999999,42.296445,41.946245,-90.89802,-91.365789,1502.3169494293068,0.99237274169498,0.99237274169498
0500000US19113,19,113,Linn,1856.7191999999998,42.299063,41.860068,-91.363263,-91.831379,1885.8745995315678,0.9845401175991182,0.9845401175991182
0500000US19121,19,121,Madison,1453.0055399999999,41.511916,41.15661,-93.789196,-94.241637,1492.4483221782311,0.9735717601794985,0.9735717601794985
0500000US19125,19,125,Marion,1436.2430599999998,41.508522,41.160659,-92.869771,-93.328614,1481.8525814655557,0.9692212828482251,0.9692212828482251
0500000US19137,19,137,Montgomery,1098.41123,41.160011,40.900653,-94.927587,-95.384964,1106.4317773968603,0.9927509788125115,0.9927509788125115
0500000US19141,19,141,O'Brien,1484.1606499999998,43.257566,42.909097,-95.388078,-95.861914,1491.0776722362182,0.9953610584042583,0.9953610584042583
0500000US19151,19,151,Pocahontas,1495.0541899999998,42.9097,42.558843,-94.442954,-94.914485,1502.4771592834745,0.995059512726959,0.995059512726959
0500000US19161,19,161,Sac,1489.2810799999997,42.561742,42.209692,-94.856702,-95.38801,1708.2217006907406,0.8718312613624979,0.8718312613624979
0500000US19169,19,169,Story,1483.59862,42.209339,41.862711,-93.231722,-93.69839,1485.4894779567478,0.9987271145404889,0.9987271145404889
0500000US19175,19,175,Union,1097.24055,41.157566,40.897031,-94.014189,-94.470779,1109.591561109648,0.9888688671196306,0.9888688671196306
0500000US19181,19,181,Warren,1475.8519299999998,41.511916,41.160659,-93.327886,-93.790612,1508.9338987979281,0.9780759324021532,0.9780759324021532
0500000US19195,19,195,Worth,1036.31857,43.499572,43.255468,-93.024143,-93.497635,1038.7228463802467,0.9976853533272854,0.9976853533272854
0500000US20005,20,005,Atchison,1116.73548,39.65298,39.418876,-94.969061,-95.570351,1342.286058289923,0.8319653423374783,0.8319653423374783
0500000US20015,20,015,Butler,3703.34517,38.087704,37.475544,-96.522782,-97.153331,3772.012951765536,0.9817954544049498,0.9817954544049498
0500000US27073,27,073,Lac qui Parle,1981.4043899999997,45.268925,44.805347,-95.737015,-96.452948,2899.8029860546303,0.6832893129390933,0.6832893129390933
0500000US27083,27,083,Lyon,1850.7078099999999,44.630486,44.19553,-95.59357,-96.09295,1918.3843502729571,0.9647221161581474,0.9647221161581474
0500000US27085,27,085,McLeod,1272.90989,44.979695,44.629921,-94.010494,-94.502395,1509.3682238005993,0.8433395310223268,0.8433395310223268
0500000US27093,27,093,Meeker,1575.18102,45.326705,44.892097,-94.256074,-94.76308,1922.8043264837788,0.8192102536405899,0.8192102536405899
0500000US27103,27,103,Nicollet,1161.59946,44.45665,44.154018,-93.92955,-94.78063,2278.993163545143,0.5096985276572948,0.5096985276572948
0500000US27113,27,113,Pennington,1596.9163,48.174108,47.933966,-95.582155,-96.500843,1823.3185822661187,0.8758295536127682,0.8758295536127682
0500000US27121,27,121,Pope,1734.5566699999997,45.759932,45.412313,-95.13173,-95.758508,1885.3163701391247,0.9200348002452237,0.9200348002452237
0500000US27127,27,127,Redwood,2275.50148,44.69854,44.195044,-94.865824,-95.594817,3239.86674173983,0.7023441583828971,0.7023441583828971
0500000US27147,27,147,Steele,1112.78055,44.196716,43.84812,-93.04557,-93.406642,1119.0683600185614,0.9943812100822356,0.9943812100822356
0500000US27153,27,153,Todd,2447.5033799999997,46.36888,45.773416,-94.64399,-95.15557,2613.0660269143896,0.9366404655645488,0.9366404655645488
0500000US27161,27,161,Waseca,1096.4920399999999,44.196377,43.847956,-93.406565,-93.767971,1119.545967923592,0.9794077879925289,0.9794077879925289
0500000US28003,28,003,Alcorn,1036.09842,34.996052,34.755604,-88.363531,-88.823473,1121.80431549204,0.9235999591832128,0.9235999591832128
0500000US28013,28,013,Calhoun,1519.2240699999998,34.162082,33.721819,-89.137876,-89.509748,1679.3701245788586,0.904639214289334,0.904639214289334
0500000US28017,28,017,Chickasaw,1299.60761,34.074948,33.738602,-88.718964,-89.191781,1631.9238128411057,0.796365369371896,0.796365369371896
0500000US28029,28,029,Copiah,2013.06196,32.049728,31.698491,-90.122565,-90.736824,2265.361685689724,0.8886271771596123,0.8886271771596123
0500000US28037,28,037,Franklin,1460.18761,31.611409,31.320975,-90.633231,-91.15815,1607.8041607648156,0.9081874805606946,0.9081874805606946
0500000US28049,28,049,Hinds,2252.6291899999997,32.573783,32.048352,-90.065697,-90.728622,3639.887221541289,0.6188733476874421,0.6188733476874421
0500000US28061,28,061,Jasper,1751.46937,32.224186,31.80209,-88.910459,-89.322692,1824.241767043753,0.9601081400730764,0.9601081400730764
0500000US28065,28,065,Jefferson Davis,1057.86737,31.774654,31.390021,-89.586819,-89.976052,1576.9184748368332,0.6708446802295595,0.6708446802295595
0500000US28075,28,075,Lauderdale,1822.4120599999999,32.578116,32.224186,-88.388739,-88.914516,1942.6520978006336,0.9381052130040356,0.9381052130040356
0500000US22121,22,121,West Baton Rouge,498.30046,30.658677,30.322471,-91.142105,-91.485089,1228.6050872088672,0.40558228611280944,0.40558228611280944
0500000US22127,22,127,Winn,2460.7227399999997,32.147942,31.708922,-92.312218,-92.973529,3046.6258597667447,0.8076878662706543,0.8076878662706543
0500000US23009,23,009,Hancock,4110.0528699999995,45.252577,44.099722,-67.957089,-68.846945,9019.535308146269,0.45568343928848304,0.45568343928848304
0500000US23029,23,029,Washington,6637.2894,45.680241,44.394078,-66.949895,-68.105017,12980.42908899633,0.5113305079896404,0.5113305079896404
0500000US24001,24,001,Allegany,1098.56922,39.722775,39.441543,-78.334044,-79.067933,1966.7889907456424,0.5585597769608799,0.5585597769608799
0500000US24003,24,003,Anne Arundel,1074.59618,39.237398,38.713561,-76.39408,-76.840362,2247.1300664151236,0.4782082693211958,0.4782082693211958
0500000US24009,24,009,Calvert,552.06368,38.767278,38.305057,-76.386229,-76.70196,1411.4419769565473,0.39113451988327524,0.39113451988327524
0500000US24017,24,017,Charles,1185.56991,38.705792,38.254491,-76.662995,-77.27422,2669.939913786782,0.44404366700466424,0.44404366700466424
0500000US24019,24,019,Dorchester,1400.58135,38.686222,38.11446,-75.701565,-76.33636,3516.9184745867274,0.3982410624871201,0.3982410624871201
0500000US24029,24,029,Kent,717.5076999999999,39.382549,39.01001,-75.755962,-76.278527,1865.417452247651,0.38463653223329247,0.38463653223329247
0500000US24035,24,035,Queen Anne's,963.24172,39.259483,38.836125,-75.747671,-76.376202,2555.1332350054026,0.37698297169147943,0.37698297169147943
0500000US24037,24,037,St. Mary's,925.0962,38.513733,38.036503,-76.319476,-76.87181,2558.551747107738,0.36157025201689036,0.36157025201689036
0500000US24039,24,039,Somerset,828.08257,38.285183,37.911717,-75.54087,-76.059304,1883.9223909477878,0.4395523796409669,0.4395523796409669
0500000US24041,24,041,Talbot,695.51342,38.944259,38.573875,-75.896774,-76.347998,1611.3500957290967,0.43163395828347106,0.43163395828347106
0500000US25011,25,011,Franklin,1811.2362099999998,42.741133,42.303275,-72.224839,-73.022903,3184.327302691917,0.5687971234831436,0.5687971234831436
0500000US26009,26,009,Antrim,1232.0707699999998,45.207565,44.812372,-84.847309,-85.44225,2055.241476556474,0.599477377259005,0.599477377259005
0500000US26015,26,015,Barry,1432.5082799999998,42.770784,42.419849,-85.071609,-85.545564,1513.9167716315014,0.9462265739061928,0.9462265739061928
0500000US26023,26,023,Branch,1311.49571,42.072468,41.759366,-84.82513,-85.293626,1349.6116162584456,0.9717578703389386,0.9717578703389386
0500000US26035,26,035,Clare,1461.5758500000002,44.164239,43.813676,-84.606035,-85.088811,1505.556713602529,0.9707876407410183,0.9707876407410183
0500000US26037,26,037,Clinton,1466.9967199999999,43.118851,42.76988,-84.363659,-84.837085,1495.313457584646,0.9810630089356746,0.9810630089356746
0500000US26045,26,045,Eaton,1489.7032499999998,42.770784,42.421428,-84.600403,-85.074245,1506.7266509221354,0.9887017323867491,0.9887017323867491
0500000US26057,26,057,Gratiot,1472.32176,43.466158,43.117938,-84.367795,-84.845962,1498.4987182936527,0.9825312107550813,0.9825312107550813
0500000US26061,26,061,Houghton,2613.56641,47.286097,46.419704,-88.227552,-88.991236,5594.632685280329,0.46715603275910916,0.46715603275910916
0500000US26073,26,073,Isabella,1483.23343,43.815218,43.466006,-84.606035,-85.088811,1508.528764273313,0.9832317852517063,0.9832317852517063
0500000US26077,26,077,Kalamazoo,1454.6942199999999,42.421433,42.069327,-85.293626,-85.764352,1517.0629322955656,0.9588885134770305,0.9588885134770305
0500000US26083,26,083,Keweenaw,1398.89008,48.190975,47.199782,-87.710471,-89.255202,12742.024974496326,0.10978553901753721,0.10978553901753721
0500000US26085,26,085,Lake,1469.4883,44.167091,43.815611,-85.562439,-86.041988,1499.344603685784,0.9800870969806478,0.9800870969806478
0500000US26091,26,091,Lenawee,1941.3474499999998,42.08243,41.706925,-83.763155,-84.363297,2074.1065569963134,0.9359921472942194,0.9359921472942194
0500000US26097,26,097,Mackinac,2645.8637099999996,46.245667,45.721712,-84.114284,-85.865402,7882.759816171897,0.33565195080178273,0.33565195080178273
0500000US26103,26,103,Marquette,4683.75859,46.912473,45.985087,-87.11608,-88.117407,7910.86229185334,0.592066757984571,0.592066757984571
0500000US26107,26,107,Mecosta,1437.63389,43.815634,43.46619,-85.084996,-85.562439,1492.8484220383566,0.9630139730040603,0.9630139730040603
0500000US26111,26,111,Midland,1337.09527,43.825902,43.466006,-84.167318,-84.60754,1417.518929109956,0.9432644901888873,0.9432644901888873
0500000US26117,26,117,Montcalm,1826.9834099999998,43.468247,43.118793,-84.836889,-85.562538,2282.0710658764174,0.8005812953499573,0.8005812953499573
0500000US26123,26,123,Newaygo,2106.19836,43.815634,43.293003,-85.562392,-86.039491,2234.315166990199,0.9426594739708173,0.9426594739708173
0500000US26133,26,133,Osceola,1466.9526899999998,44.165118,43.813676,-85.08704,-85.564554,1492.8697652114947,0.9826394265491584,0.9826394265491584
0500000US26143,26,143,Roscommon,1345.8572399999998,44.511069,44.160482,-84.366324,-84.855795,1517.5920997104718,0.8868372735050244,0.8868372735050244
0500000US26155,26,155,Shiawassee,1374.43012,43.132782,42.775778,-83.922516,-84.367893,1438.870406016888,0.9552146699609502,0.9552146699609502
0500000US26161,26,161,Washtenaw,1828.44935,42.435166,42.071577,-83.539396,-84.131963,1971.7648309802669,0.9273161389591186,0.9273161389591186
0500000US26165,26,165,Wexford,1463.3551799999998,44.512969,44.164197,-85.334,-85.821186,1502.61564968204,0.9738719148237622,0.9738719148237622
0500000US27009,27,009,Benton,1057.49959,45.822143,45.559066,-93.759435,-94.353165,1349.0540187408217,0.783882317023189,0.783882317023189
0500000US27019,27,019,Carver,917.70175,44.978712,44.640303,-93.520431,-94.012236,1459.9214128550743,0.6285966778206984,0.6285966778206984
0500000US27029,27,029,Clearwater,2587.2546,48.020557,47.151453,-95.169172,-95.582887,2998.5468530777416,0.862836142561659,0.862836142561659
0500000US27039,27,039,Dodge,1137.7248399999999,44.196726,43.848467,-92.678412,-93.045966,1138.0532979006853,0.9997113861878953,0.9997113861878953
0500000US27051,27,051,Grant,1419.7343999999998,46.10861,45.75982,-95.758508,-96.26614,1522.5463754738316,0.9324736657418164,0.9324736657418164
0500000US27057,27,057,Hubbard,2397.4982499999996,47.412773,46.803716,-94.659942,-95.183216,2681.9952318387027,0.8939233826886188,0.8939233826886188
0500000US27067,27,067,Kandiyohi,2063.6731499999996,45.412861,44.89131,-94.758189,-95.255206,2260.303827318124,0.9130069705932281,0.9130069705932281
0500000US29097,29,097,Jasper,1653.68133,37.364167,37.048127,-94.052313,-94.618505,1762.1509112528104,0.9384447832701834,0.9384447832701834
0500000US29103,29,103,Knox,1305.38849,40.302756,39.949426,-91.949747,-92.347801,1329.6678339171356,0.9817402938554889,0.9817402938554889
0500000US29109,29,109,Lawrence,1584.3988299999999,37.290078,36.922831,-93.605095,-94.06274,1657.2833577386095,0.9560216860935224,0.9560216860935224
0500000US29117,29,117,Livingston,1378.7321099999997,39.967606,39.611407,-93.266968,-93.761973,1675.1762387035765,0.8230370501595726,0.8230370501595726
0500000US29131,29,131,Miller,1534.82105,38.430778,38.016338,-92.18537,-92.695886,2055.152769383123,0.7468160386250476,0.7468160386250476
0500000US29137,29,137,Monroe,1677.42127,39.662932,39.339122,-91.715247,-92.310028,1837.4585410975483,0.912902921335055,0.912902921335055
0500000US29151,29,151,Osage,1565.25614,38.703939,38.28851,-91.640372,-92.195675,2232.3596082167364,0.7011666642949005,0.7011666642949005
0500000US29159,29,159,Pettis,1766.9549799999998,38.942837,38.506321,-93.050453,-93.512743,1946.5681736225904,0.9077282799254197,0.9077282799254197
0500000US29169,29,169,Pulaski,1416.98641,38.021179,37.602542,-92.021165,-92.413669,1605.0716563139265,0.8828181623081754,0.8828181623081754
0500000US29179,29,179,Reynolds,2093.9580199999996,37.603011,37.050324,-90.735453,-91.314236,3145.112048894507,0.6657816915413288,0.6657816915413288
0500000US29195,29,195,Saline,1956.7553599999999,39.401787,38.928244,-92.849224,-93.496377,2937.805448818016,0.66606022559706,0.66606022559706
0500000US29205,29,205,Shelby,1297.2377599999998,39.954494,39.604082,-91.840353,-92.299316,1528.1971603566758,0.8488680607790352,0.8488680607790352
0500000US29211,29,211,Sullivan,1678.2707899999998,40.385894,40.033098,-92.855313,-93.367214,1705.2837304718457,0.9841592692235611,0.9841592692235611
0500000US29221,29,221,Washington,1968.1746699999999,38.204112,37.734813,-90.63998,-91.100017,2104.3850689608807,0.9352730633903709,0.9352730633903709
0500000US29229,29,229,Wright,1765.7868899999999,37.481545,37.059653,-92.251359,-92.686671,1807.038808244526,0.9771715371820924,0.9771715371820924
0500000US30013,30,013,Cascade,6988.229219999999,47.698605,46.823626,-110.63928,-112.047308,10337.773045299115,0.6759898083831266,0.6759898083831266
0500000US30037,30,037,Golden Valley,3044.13578,46.751009,46.044485,-108.779115,-109.654304,5272.59794778431,0.5773502569599924,0.5773502569599924
0500000US30043,30,043,Jefferson,4289.7056299999995,46.569096,45.748503,-111.659995,-112.57685,6443.432189258803,0.66574854891015,0.66574854891015
0500000US31121,31,121,Merrick,1255.84179,41.395068,40.872296,-97.598253,-98.287168,3353.857000040968,0.37444702919196005,0.37444702919196005
0500000US31125,31,125,Nance,1143.82947,41.526796,41.264041,-97.703627,-98.291419,1432.523030026992,0.798471958931402,0.798471958931402
0500000US31135,31,135,Perkins,2287.83765,41.00395,40.697542,-101.247963,-102.051761,2303.4478015343716,0.9932231364114379,0.9932231364114379
0500000US31137,31,137,Phelps,1398.0560999999998,40.684911,40.350681,-99.179248,-99.643462,1458.359057588171,0.9586501299015483,0.9586501299015483
0500000US31147,31,147,Richardson,1429.2656,40.261904,39.999998,-95.30829,-96.01068,1739.0564628136024,0.8218626770102709,0.8218626770102709
0500000US31159,31,159,Seward,1479.9985199999999,41.046947,40.697948,-96.91094,-97.368401,1492.6815359030516,0.9915032003826733,0.9915032003826733
0500000US31163,31,163,Sherman,1465.49452,41.394178,41.04664,-98.74433,-99.207564,1497.2527550951902,0.9787889953869738,0.9787889953869738
0500000US31171,31,171,Thomas,1847.2812399999998,42.088166,41.739761,-100.265474,-100.846129,1861.3703501074795,0.9924307862179785,0.9924307862179785
0500000US31183,31,183,Wheeler,1489.72138,42.088873,41.740372,-98.295438,-98.761155,1493.316548950768,0.9975924937326288,0.9975924937326288
0500000US32009,32,009,Esmeralda,9277.05884,38.473797,36.970862,-117.165612,-118.428581,18563.502088051828,0.49974723497734114,0.49974723497734114
0500000US32021,32,021,Mineral,9719.86596,39.07463,37.893705,-117.691021,-119.156863,16753.777269809707,0.5801596740524413,0.5801596740524413
0500000US32033,32,033,White Pine,22987.928319999995,40.127842,38.677322,-114.046555,-115.907659,25790.966426165036,0.8913170580796326,0.8913170580796326
0500000US34007,34,007,Camden,573.0711699999999,39.995951,39.608288,-74.736309,-75.153925,1537.8356767874902,0.37264785740771394,0.37264785740771394
0500000US34015,34,015,Gloucester,833.99295,39.906144,39.514802,-74.877189,-75.440623,2097.2771462435207,0.3976550984183388,0.3976550984183388
0500000US34031,34,031,Passaic,478.09586999999993,41.2034,40.819962,-74.130031,-74.502892,1333.875591273272,0.35842613293764974,0.35842613293764974
0500000US35001,35,001,Bernalillo,3006.54452,35.219323,34.870053,-106.149575,-107.19617,3700.3052700342832,0.8125125633140382,0.8125125633140382
0500000US35006,35,006,Cibola,11757.253199999997,35.348333,34.57806,-107.066694,-109.046156,15449.67821387546,0.7610031119897843,0.7610031119897843
0500000US30051,30,051,Liberty,3703.81655,48.998363,48.132218,-110.743209,-111.409097,4719.145359186765,0.7848490072020724,0.7848490072020724
0500000US30059,30,059,Meagher,6195.0546699999995,47.088184,46.18421,-110.273374,-111.658131,10627.17625614689,0.5829445678400886,0.5829445678400886
0500000US30069,30,069,Petroleum,4286.11589,47.598294,46.749414,-107.827755,-108.736711,6485.182476558018,0.6609090654724086,0.6609090654724086
0500000US30093,30,093,Silver Bow,1860.8554299999998,46.183767,45.624854,-112.190269,-113.085474,4304.842210956558,0.4322702990747966,0.4322702990747966
0500000US30099,30,099,Teton,5885.45125,48.13246,47.505078,-111.408495,-113.016894,8377.733376565697,0.7025111668584321,0.7025111668584321
0500000US30107,30,107,Wheatland,3686.0750499999995,46.752655,46.219402,-109.389163,-110.281858,4052.562872148652,0.9095664068120078,0.9095664068120078
0500000US31003,31,003,Antelope,2220.1946199999998,42.437684,41.914954,-97.833288,-98.300592,2238.2723155011113,0.9919233708177889,0.9919233708177889
0500000US31009,31,009,Blaine,1841.16366,42.086147,41.739817,-99.686834,-100.268125,1852.3397255772543,0.9939665141210684,0.9939665141210684
0500000US31023,31,023,Butler,1514.90913,41.456436,41.046091,-96.905859,-97.368186,1763.5409042058986,0.8590155898210625,0.8590155898210625
0500000US31035,31,035,Clay,1482.22851,40.698555,40.350347,-97.824114,-98.278103,1485.7362073540796,0.997639084693018,0.997639084693018
0500000US31037,31,037,Colfax,1066.1994,41.743085,41.377083,-96.90591,-97.253519,1177.0574612748615,0.905817630046037,0.905817630046037
0500000US31047,31,047,Dawson,2623.91864,41.046597,40.670825,-99.417316,-100.224235,2835.5234090683243,0.9253736476335944,0.9253736476335944
0500000US31053,31,053,Dodge,1369.34854,41.742763,41.393136,-96.329012,-96.905922,1865.8787699550405,0.733889340534699,0.733889340534699
0500000US31063,31,063,Frontier,2524.19328,40.700254,40.349447,-99.981193,-100.779227,2631.1443752819305,0.9593518712668625,0.9593518712668625
0500000US31073,31,073,Gosper,1186.6214499999999,40.700003,40.3512,-99.642209,-100.095095,1484.6335907855937,0.7992688952781267,0.7992688952781267
0500000US31085,31,085,Hayes,1846.8305799999998,40.700135,40.349466,-100.777376,-101.345365,1871.9431624022534,0.9865847516598598,0.9865847516598598
0500000US31093,31,093,Howard,1474.5828299999998,41.394178,41.046363,-98.286584,-98.748526,1494.2699820755593,0.9868249029213491,0.9868249029213491
0500000US31097,31,097,Johnson,973.9720899999999,40.523148,40.262038,-96.066736,-96.463667,975.9977644505069,0.9979245091287197,0.9979245091287197
0500000US31117,31,117,McPherson,2224.74784,41.7432,41.393511,-100.711711,-101.40726,2249.9733021428165,0.9887885504602244,0.9887885504602244
0500000US28079,28,079,Leake,1509.97,32.931654,32.576433,-89.317588,-89.730304,1524.4627390730695,0.9904932152806295,0.9904932152806295
0500000US28083,28,083,Leflore,1534.67601,33.81139,33.242209,-90.101401,-90.453801,2067.4152798359214,0.7423162752873714,0.7423162752873714
0500000US28095,28,095,Monroe,1981.59346,34.08934,33.650209,-88.203597,-88.719979,2327.9500592308564,0.8512182003830052,0.8512182003830052
0500000US28099,28,099,Neshoba,1476.6651899999997,32.931654,32.576458,-88.914413,-89.319163,1494.9330330367236,0.9877801596238625,0.9877801596238625
0500000US28103,28,103,Noxubee,1800.40742,33.28832,32.925973,-88.304514,-88.813053,1908.4564643420615,0.9433840664637266,0.9433840664637266
0500000US28115,28,115,Pontotoc,1289.01451,34.379361,34.073942,-88.824523,-89.246339,1317.0437252086933,0.9787180830277659,0.9787180830277659
0500000US28117,28,117,Prentiss,1074.7982,34.756781,34.463571,-88.329193,-88.736465,1215.2134635913555,0.8844521824368352,0.8844521824368352
0500000US28127,28,127,Simpson,1525.93217,32.049728,31.75268,-89.653025,-90.230331,1800.0761967787842,0.8477042098165835,0.8477042098165835
0500000US28139,28,139,Tippah,1185.74085,34.995157,34.596472,-88.717794,-89.088488,1500.5824015131266,0.7901870958931324,0.7901870958931324
0500000US28151,28,151,Washington,1877.07919,33.529423,33.007697,-90.680319,-91.215671,2887.448145847781,0.6500823894272472,0.6500823894272472
0500000US29001,29,001,Adair,1469.3691599999997,40.346505,40.03721,-92.345064,-92.856191,1493.1446589598131,0.984076895150684,0.984076895150684
0500000US29009,29,009,Barry,2015.6700899999998,36.931775,36.498717,-93.5738,-94.077089,2160.2315936199457,0.9330805530078833,0.9330805530078833
0500000US29021,29,021,Buchanan,1056.78993,39.820594,39.530372,-94.601246,-95.113557,1414.9491730300342,0.7468748349009199,0.7468748349009199
0500000US29033,29,033,Carroll,1799.06839,39.615632,39.207021,-93.104485,-93.759183,2555.5273873780725,0.7039910426652924,0.7039910426652924
0500000US29043,29,043,Christian,1457.25055,37.098153,36.809178,-92.903273,-93.610126,2018.2414064664806,0.7220397645846249,0.7220397645846249
0500000US29053,29,053,Cooper,1462.7413499999998,39.064547,38.680013,-92.498377,-93.059974,2078.809138913774,0.7036438904460061,0.7036438904460061
0500000US29065,29,065,Dent,1949.7260999999999,37.791286,37.415277,-91.153345,-91.809105,2415.340428594963,0.8072262099857213,0.8072262099857213
0500000US29075,29,075,Gentry,1272.78298,40.386714,40.034885,-94.214278,-94.606575,1303.2426681506097,0.9766277694131714,0.9766277694131714
0500000US29085,29,085,Hickory,1033.64569,38.072573,37.802737,-93.065199,-93.574103,1339.0828211108194,0.7719057206204409,0.7719057206204409
0500000US37001,37,001,Alamance,1098.01237,36.249851,35.843399,-79.249475,-79.54249,1190.6113245456643,0.9222257065453329,0.9222257065453329
0500000US37005,37,005,Alleghany,608.8028099999999,36.575024,36.365351,-80.901836,-81.353169,940.92789739302,0.647023870465291,0.647023870465291
0500000US37017,37,017,Bladen,2264.5095199999996,34.856464,34.367089,-78.176496,-78.901096,3608.4453451426225,0.6275582150768299,0.6275582150768299
0500000US37021,37,021,Buncombe,1700.78048,35.818061,35.423342,-82.169018,-82.883665,2835.1881035020338,0.5998827654148203,0.5998827654148203
0500000US37027,37,027,Caldwell,1221.35594,36.117398,35.767865,-81.328385,-81.81152,1690.442498734251,0.7225066459903321,0.7225066459903321
0500000US37055,37,055,Dare,993.0578,36.231529,35.061855,-75.458659,-76.045987,6902.396666188264,0.1438714475603153,0.1438714475603153
0500000US37057,37,057,Davidson,1431.4282499999997,36.026772,35.504335,-80.043272,-80.464086,2205.6518756202227,0.6489819476146871,0.6489819476146871
0500000US37067,37,067,Forsyth,1057.10332,36.261635,35.97321,-80.03554,-80.516138,1384.5069483111909,0.7635233042993718,0.7635233042993718
0500000US37081,37,081,Guilford,1672.3733599999998,36.257507,35.899627,-79.532365,-80.046709,1839.4411169224886,0.909174718676505,0.909174718676505
0500000US37091,37,091,Hertford,914.4254,36.54633,36.242692,-76.690392,-77.20879,1566.604351308528,0.5836990043058501,0.5836990043058501
0500000US37103,37,103,Jones,1219.13372,35.243433,34.784945,-77.090323,-77.73103,2974.7236094373297,0.40983092215098255,0.40983092215098255
0500000US37117,37,117,Martin,1194.5520299999998,36.074512,35.658485,-76.760842,-77.402701,2675.6074367814467,0.44646012474720714,0.44646012474720714
0500000US37127,37,127,Nash,1399.6541300000001,36.202663,35.730443,-77.697879,-78.254903,2632.266931303223,0.5317295572706366,0.5317295572706366
0500000US37141,37,141,Pender,2252.76905,34.721969,34.292719,-77.51796,-78.256316,3229.2501836729125,0.6976136631933937,0.6976136631933937
0500000US37151,37,151,Randolph,2026.71903,35.920663,35.505661,-79.541978,-80.066842,2186.7350473031847,0.9268242316322106,0.9268242316322106
0500000US37165,37,165,Scotland,825.8085500000001,35.043096,34.630432,-79.349143,-79.692948,1439.8168326649043,0.5735511151592396,0.5735511151592396
0500000US37167,37,167,Stanly,1023.27274,35.504335,35.143081,-80.051739,-80.505334,1653.0555086406537,0.6190189831202106,0.6190189831202106
0500000US39055,39,055,Geauga,1036.4247599999999,41.715137,41.34786,-81.00299,-81.391694,1321.3806321773063,0.7843498949218212,0.7843498949218212
0500000US39063,39,063,Hancock,1376.2172199999998,41.167824,40.818134,-83.420319,-83.881149,1503.9054982664002,0.9150955439596499,0.9150955439596499
0500000US39065,39,065,Hardin,1218.3489499999998,40.819919,40.504077,-83.415303,-83.880194,1377.163099406644,0.8846802172705107,0.8846802172705107
0500000US39075,39,075,Holmes,1094.36047,40.668229,40.443866,-81.649199,-82.220665,1204.4667543229248,0.908585036550204,0.908585036550204
0500000US39089,39,089,Licking,1767.675,40.276996,39.91326,-82.182823,-82.782495,2063.0909775780297,0.8568090400333028,0.8568090400333028
0500000US39097,39,097,Madison,1206.61625,40.111468,39.695438,-83.206273,-83.65333,1764.1061768829325,0.6839816479368702,0.6839816479368702
0500000US39109,39,109,Miami,1053.0421999999999,40.197037,39.879807,-84.022919,-84.432575,1230.1939522946266,0.855996892226471,0.855996892226471
0500000US39121,39,121,Noble,1030.85108,39.95127,39.583318,-81.234053,-81.697442,1620.4485071938795,0.6361517045580907,0.6361517045580907
0500000US39131,39,131,Pike,1140.3303799999999,39.197585,38.948073,-82.785891,-83.385637,1436.430387702913,0.7938640046619833,0.7938640046619833
0500000US39143,39,143,Sandusky,1057.8932699999998,41.500228,41.254003,-82.840087,-83.419843,1324.4228008331793,0.7987579716496056,0.7987579716496056
0500000US39147,39,147,Seneca,1427.1340300000002,41.255337,40.991889,-82.829512,-83.421054,1451.49266038109,0.9832182200806344,0.9832182200806344
0500000US39159,39,159,Union,1118.1807,40.507034,40.106927,-83.169981,-83.551338,1438.6957794216455,0.777218308410905,0.777218308410905
0500000US39169,39,169,Wayne,1437.2661099999998,40.991807,40.668117,-81.647736,-82.129334,1458.416031840896,0.9854980188237511,0.9854980188237511
0500000US39173,39,173,Wood,1598.56095,41.618938,41.16678,-83.414626,-83.883234,1965.3650307824505,0.8133659269207519,0.8133659269207519
0500000US40009,40,009,Beckham,2335.6749499999996,35.508861,35.030111,-99.360226,-100.000389,3093.8288910418473,0.754946389169396,0.754946389169396
0500000US40019,40,019,Carter,2129.4332499999996,34.507036,34.07102,-96.933457,-97.562616,2802.3435957957395,0.7598758600461113,0.7598758600461113
0500000US40031,40,031,Comanche,2769.45333,34.855466,34.405948,-98.089098,-98.826124,3370.629816730712,0.8216426841812569,0.8216426841812569
0500000US40043,40,043,Dewey,2588.64284,36.164894,35.812188,-98.631985,-99.382074,2646.7738840604143,0.9780370191762526,0.9780370191762526
0500000US40053,40,053,Grant,2592.25589,36.99909,36.593578,-97.462346,-98.111985,2608.2767397517136,0.9938576879103562,0.9938576879103562
0500000US37181,37,181,Vance,656.60903,36.543809,36.16416,-78.28767,-78.5113,845.4310430079614,0.7766559265009348,0.7766559265009348
0500000US37191,37,191,Wayne,1432.49533,35.585523,35.14656,-77.799961,-78.304662,2233.7814330608526,0.64128715047878,0.64128715047878
0500000US37197,37,197,Yadkin,867.20711,36.285246,36.046536,-80.439622,-80.88218,1054.515387043694,0.8223750176194129,0.8223750176194129
0500000US38007,38,007,Billings,2975.52927,47.329354,46.629797,-103.032569,-103.666986,3743.8259989246544,0.794783002963991,0.794783002963991
0500000US38019,38,019,Cavalier,3855.86509,49.000459,48.543124,-97.927154,-98.99989,3997.8097308163956,0.9644943980894736,0.9644943980894736
0500000US38031,38,031,Foster,1645.8232699999999,47.587618,47.326538,-98.499246,-99.26628,1674.160601956154,0.983073707550492,0.983073707550492
0500000US38035,38,035,Grand Forks,3720.21384,48.194897,47.672051,-96.890671,-97.903434,4386.534325400989,0.8480986501023042,0.8480986501023042
0500000US38045,38,045,LaMoure,2967.99237,46.63112,46.282796,-98.033862,-99.037367,2977.344988325678,0.9968587387882996,0.9968587387882996
0500000US38061,38,061,Mountrail,4727.52182,48.547133,47.758008,-101.871537,-102.885763,6601.936155035477,0.7160811175664263,0.7160811175664263
0500000US38073,38,073,Ransom,2233.50463,46.630727,46.282321,-97.279948,-98.034573,2239.476427499271,0.9973333956875182,0.9973333956875182
0500000US38079,38,079,Rolette,2338.9746099999998,48.999423,48.544834,-99.493002,-100.183034,2556.1131752558335,0.9150512710634963,0.9150512710634963
0500000US38091,38,091,Steele,1844.6368499999999,47.6723,47.239061,-97.451512,-97.986585,1938.0294104585469,0.9518105556321512,0.9518105556321512
0500000US38103,38,103,Wells,3292.0117299999997,47.847301,47.327076,-99.265846,-100.069514,3486.5714562232,0.9441974074915546,0.9441974074915546
0500000US39003,39,003,Allen,1042.46464,40.920429,40.643069,-83.880063,-84.397374,1343.3175213719,0.7760374024864607,0.7760374024864607
0500000US39015,39,015,Brown,1269.1414399999999,39.254235,38.637101,-83.673018,-84.052707,2253.2651467103233,0.5632454937018377,0.5632454937018377
0500000US39027,39,027,Clinton,1058.49156,39.569169,39.247333,-83.576286,-84.006782,1323.5876876461596,0.7997139667281123,0.7997139667281123
0500000US39039,39,039,Defiance,1065.6814,41.42781,41.165524,-84.228222,-84.804133,1403.1887638468008,0.7594711612986877,0.7594711612986877
0500000US39047,39,047,Fayette,1052.46463,39.716876,39.377416,-83.252435,-83.670196,1352.0670652861263,0.7784115574010199,0.7784115574010199
0500000US35015,35,015,Eddy,10815.130339999998,32.96546,32.00001,-103.722853,-104.851525,11365.17377409073,0.9516027255698747,0.9516027255698747
0500000US35027,35,027,Lincoln,12512.52569,34.346989,33.132218,-104.885186,-106.373929,18594.143804341096,0.6729283059045049,0.6729283059045049
0500000US35028,35,028,Los Alamos,282.74253,35.966335,35.755739,-106.171656,-106.4007,483.34910216144374,0.584965460234911,0.584965460234911
0500000US35045,35,045,San Juan,14278.84353,37.000005,36.00032,-107.420915,-109.045973,16146.391896373172,0.884336489640595,0.884336489640595
0500000US35053,35,053,Socorro,17214.89861,34.579457,33.475786,-105.923959,-107.725461,20373.785547515086,0.8449533627342827,0.8449533627342827
0500000US36003,36,003,Allegany,2665.9077199999997,42.521522,41.998524,-77.722964,-78.308839,2803.918120451816,0.9507794470012635,0.9507794470012635
0500000US36021,36,021,Columbia,1643.88595,42.510002,41.97798,-73.352527,-73.929626,2810.2864059595217,0.584953172927129,0.584953172927129
0500000US36037,36,037,Genesee,1276.7042399999998,43.133561,42.862754,-77.905934,-78.465505,1370.333619281435,0.9316740259714771,0.9316740259714771
0500000US36043,36,043,Herkimer,3655.7073,44.096959,42.824943,-74.696333,-75.219106,5967.753075895089,0.6125768364589531,0.6125768364589531
0500000US36057,36,057,Montgomery,1043.88137,43.047423,42.772979,-74.083883,-74.763303,1688.5891524309152,0.6181973681977139,0.6181973681977139
0500000US36069,36,069,Ontario,1668.12835,43.039926,42.576368,-76.96335,-77.61167,2726.1042784631504,0.6119092226877001,0.6119092226877001
0500000US36083,36,083,Rensselaer,1689.79629,42.943652,42.464231,-73.264957,-73.784594,2263.5823559592895,0.7465141639540112,0.7465141639540112
0500000US36095,36,095,Schoharie,1610.51121,42.829558,42.355017,-74.169725,-74.71158,2340.5373637102844,0.6880946379967091,0.6880946379967091
0500000US36109,36,109,Tompkins,1229.34091,42.623588,42.262976,-76.250149,-76.696655,1469.1371456820566,0.8367775014151386,0.8367775014151386
0500000US36121,36,121,Wyoming,1535.2121399999999,42.867461,42.519166,-77.954964,-78.464556,1612.961322390521,0.9517972431754957,0.9517972431754957
0500000US36123,36,123,Yates,875.7903699999998,42.764223,42.463054,-76.889805,-77.367106,1308.0166485489756,0.6695559807832278,0.6695559807832278
0500000US42013,42,013,Blair,1361.822,40.743017,40.242107,-78.116521,-78.620383,2373.2021406550407,0.5738331247350534,0.5738331247350534
0500000US42015,42,015,Bradford,2971.7634099999996,42.001774,41.541285,-76.115172,-76.927084,3447.6622717886507,0.8619647679290366,0.8619647679290366
0500000US42021,42,021,Cambria,1782.82909,40.725968,40.242933,-78.35043,-79.055983,3204.9721083314853,0.5562697676417984,0.5562697676417984
0500000US42031,42,031,Clarion,1556.1600599999997,41.436145,40.974142,-79.207196,-79.694984,2096.375786918593,0.7423096897562236,0.7423096897562236
0500000US42047,42,047,Elk,2142.85722,41.629898,41.201859,-78.236817,-79.095096,3406.445134501951,0.6290596605523495,0.6290596605523495
0500000US42063,42,063,Indiana,2142.0076999999997,40.911346,40.380868,-78.801697,-79.454011,3246.3165835677805,0.6598271132404102,0.6598271132404102
0500000US42069,42,069,Lackawanna,1189.01202,41.642263,41.161497,-75.441421,-75.834695,1753.524604031046,0.6780697671801522,0.6780697671801522
0500000US42087,42,087,Mifflin,1064.5702899999999,40.846937,40.378545,-77.287941,-77.913844,2751.697140752992,0.3868777105712601,0.3868777105712601
0500000US42093,42,093,Montour,337.3267799999999,41.17204,40.882515,-76.514951,-76.792878,750.5636641644619,0.4494312689324188,0.4494312689324188
0500000US42105,42,105,Potter,2800.62657,42.000452,41.474822,-77.598129,-78.206606,2950.8679968971865,0.9490856835835544,0.9490856835835544
0500000US42113,42,113,Sullivan,1165.3446,41.590034,41.275629,-76.220139,-76.813731,1730.0319869483774,0.6735971408572416,0.6735971408572416
0500000US42123,42,123,Warren,2289.90965,41.999259,41.623402,-78.918854,-79.612873,2403.9267573442175,0.9525704737068695,0.9525704737068695
0500000US45005,45,005,Allendale,1056.9531,33.158279,32.744964,-81.082291,-81.615756,2287.63442495535,0.46202884887109075,0.46202884887109075
0500000US45009,45,009,Bamberg,1018.8282999999999,33.44,33.02663,-80.797912,-81.227804,1837.834161162157,0.5543635663817145,0.5543635663817145
0500000US45027,45,027,Clarendon,1571.96424,33.946527,33.430408,-79.87562,-80.534085,3496.309602617455,0.44960670497348826,0.44960670497348826
0500000US45039,45,039,Fairfield,1777.45743,34.572029,34.174552,-80.769926,-81.427545,2667.527319908669,0.6663314811189475,0.6663314811189475
0500000US47005,47,005,Benton,1020.82778,36.360133,35.815705,-87.919043,-88.217436,1623.197179331118,0.6288994294708297,0.6288994294708297
0500000US47007,47,007,Bledsoe,1052.64075,35.765611,35.354276,-84.916062,-85.423804,2100.7314934755796,0.5010829576598799,0.5010829576598799
0500000US47013,47,013,Campbell,1243.6946899999998,36.591981,36.177578,-83.905638,-84.372731,1926.7264648889636,0.64549624072957,0.64549624072957
0500000US47027,47,027,Clay,612.62824,36.626511,36.403074,-85.276284,-85.813885,1193.6630800947016,0.5132338012426387,0.5132338012426387
0500000US47031,47,031,Coffee,1110.9986299999998,35.70379,35.289189,-85.876962,-86.261489,1604.8424172395564,0.6922789540364946,0.6922789540364946
0500000US47045,47,045,Dyer,1326.9269299999999,36.212659,35.880934,-89.154464,-89.733095,1918.8903054839386,0.6915074437594559,0.6915074437594559
0500000US47057,47,057,Grainger,726.754,36.413186,36.080587,-83.255292,-83.732704,1583.3489892123016,0.45899798777877265,0.45899798777877265
0500000US47069,47,069,Hardeman,1729.51912,35.432816,34.994307,-88.781768,-89.198288,1845.0621430486888,0.9373771645123176,0.9373771645123176
0500000US47081,47,081,Hickman,1586.37241,35.993074,35.609349,-87.201426,-87.74375,2086.88086733839,0.7601643365599786,0.7601643365599786
0500000US47093,47,093,Knox,1316.27685,36.186378,35.805106,-83.654605,-84.271587,2353.2000140644514,0.5593561287323486,0.5593561287323486
0500000US47105,47,105,Loudon,593.66944,35.89694,35.610549,-84.133072,-84.584472,1297.1771657200666,0.45766257353940737,0.45766257353940737
0500000US47117,47,117,Marshall,972.4413999999999,35.710051,35.252878,-86.599478,-86.960804,1663.1675164009237,0.5846923959315611,0.5846923959315611
0500000US47129,47,129,Morgan,1352.4461999999999,36.370824,35.908454,-84.341812,-84.907753,2612.867810426662,0.5176098823687355,0.5176098823687355
0500000US47139,47,139,Polk,1125.8108399999999,35.285472,34.9878,-84.292321,-84.775852,1455.3600482358004,0.7735617322769834,0.7735617322769834
0500000US47151,47,151,Scott,1378.64923,36.603374,36.163478,-84.259593,-84.785399,2302.378934343173,0.5987933651735324,0.5987933651735324
0500000US47173,47,173,Union,578.99191,36.435879,36.164583,-83.667408,-84.004317,910.7975484983123,0.6356977035726759,0.6356977035726759
0500000US47179,47,179,Washington,845.5443499999999,36.445703,36.096205,-82.299859,-82.702566,1403.0152230823303,0.6026622777067207,0.6026622777067207
0500000US45049,45,049,Hampton,1450.1306399999999,33.02663,32.544831,-80.826309,-81.41866,2966.5843598421243,0.4888216427046669,0.4888216427046669
0500000US45053,45,053,Jasper,1697.27362,32.753058,32.0346,-80.829489,-81.286776,3430.0414988860416,0.49482597238290427,0.49482597238290427
0500000US45075,45,075,Orangeburg,2864.80159,33.707131,33.17693,-80.222267,-81.373494,6297.500467347622,0.4549108975622824,0.4549108975622824
0500000US45081,45,081,Saluda,1172.6950199999999,34.187613,33.81451,-81.471972,-82.008298,2051.146859062487,0.5717265025752476,0.5717265025752476
0500000US46003,46,003,Aurora,1834.8207499999999,43.937708,43.498651,-98.320595,-98.807771,1911.4533822592828,0.9599087097961524,0.9599087097961524
0500000US46007,46,007,Bennett,3068.39631,43.389902,42.996238,-101.227749,-102.110819,3133.641300291658,0.979179177181005,0.979179177181005
0500000US46017,46,017,Buffalo,1220.88456,44.196575,43.933752,-98.925953,-99.576571,1519.2063615847003,0.8036331277118155,0.8036331277118155
0500000US46029,46,029,Codington,1783.2020499999999,45.151826,44.804035,-96.882345,-97.494254,1861.3492995369108,0.9580158062990362,0.9580158062990362
0500000US46035,46,035,Davison,1128.08745,43.851058,43.498297,-97.965012,-98.325242,1136.4041370991479,0.9926815761861114,0.9926815761861114
0500000US46043,46,043,Douglas,1118.36718,43.499319,43.196838,-98.109492,-98.705782,1621.7292608915818,0.689613986113288,0.689613986113288
0500000US46055,46,055,Haakon,4689.28306,44.747126,43.99453,-101.046786,-102.007336,6389.280548588275,0.7339297475419367,0.7339297475419367
0500000US46061,46,061,Hanson,1125.3886699999998,43.850686,43.49904,-97.607012,-97.967444,1133.4439486490592,0.9928930948383814,0.9928930948383814
0500000US46087,46,087,McCook,1487.1883599999999,43.849059,43.499683,-97.129089,-97.608517,1497.9284073914548,0.9928300662845709,0.9928300662845709
0500000US46095,46,095,Mellette,3385.92254,43.857896,43.389185,-100.214221,-101.228264,4254.055063713535,0.7959282353633412,0.7959282353633412
0500000US46103,46,103,Pennington,7191.2722699999995,44.510926,43.687756,-102.001068,-104.055104,15013.110003733835,0.4789995056461649,0.4789995056461649
0500000US46111,46,111,Sanborn,1474.54139,44.19662,43.849857,-97.849492,-98.332042,1487.6798261556955,0.9911685055314312,0.9911685055314312
0500000US46125,46,125,Turner,1598.17763,43.500007,43.083145,-96.924142,-97.40145,1790.6766326851662,0.8924992937465717,0.8924992937465717
0500000US46137,46,137,Ziebach,5079.694479999999,45.472416,44.511663,-101.136162,-102.000432,7260.601113174839,0.6996245077811201,0.6996245077811201
0500000US40059,40,059,Harper,2691.05403,37.001706,36.592753,-99.295186,-100.00316,2866.576149864402,0.9387694201416191,0.9387694201416191
0500000US40063,40,063,Hughes,2084.03573,35.290122,34.767479,-95.981376,-96.490786,2695.589916587365,0.7731278846147351,0.7731278846147351
0500000US40073,40,073,Kingfisher,2326.23699,36.16489,35.72514,-97.674026,-98.210544,2361.6762988150117,0.9849940024241283,0.9849940024241283
0500000US40081,40,081,Lincoln,2466.4932599999997,35.941991,35.462706,-96.620648,-97.14149,2506.4417893096434,0.9840616568555351,0.9840616568555351
0500000US40087,40,087,McClain,1478.1155899999999,35.337508,34.854455,-96.930586,-97.671595,3621.1149867678982,0.4081934971414213,0.4081934971414213
0500000US40097,40,097,Mayes,1697.4497399999998,36.51024,36.074544,-95.00573,-95.43997,1885.4813861862006,0.900273931334567,0.900273931334567
0500000US40109,40,109,Oklahoma,1835.8412099999998,35.72597,35.37686,-97.141072,-97.674026,1871.674285891533,0.9808550685545884,0.9808550685545884
0500000US40123,40,123,Pontotoc,1865.9266499999997,34.964364,34.505389,-96.406187,-96.932471,2454.3919874759445,0.7602398718384374,0.7602398718384374
0500000US40127,40,127,Pushmataha,3615.21524,34.681142,34.156699,-94.937605,-95.779425,4503.006983334506,0.8028446887557145,0.8028446887557145
0500000US40147,40,147,Washington,1076.02586,36.999336,36.42356,-95.786762,-96.001171,1223.6410938893655,0.8793639453377887,0.8793639453377887
0500000US40153,40,153,Woodward,3217.8134099999997,36.819566,36.161577,-98.955849,-99.605565,4249.546149444962,0.7572134286434993,0.7572134286434993
0500000US41017,41,017,Deschutes,7817.10174,44.39244,43.610259,-119.896365,-122.002675,14652.830853355274,0.5334874754396011,0.5334874754396011
0500000US41031,41,031,Jefferson,4612.23315,44.82564,44.390045,-120.371422,-121.842667,5641.248573731964,0.8175908382191321,0.8175908382191321
0500000US41037,41,037,Lake,21079.96856,43.616629,41.993058,-119.360177,-121.34988,29303.42282406017,0.7193688152597609,0.7193688152597609
0500000US41053,41,053,Polk,1918.63833,45.076098,44.719441,-123.039507,-123.725389,2142.5408778573214,0.8954967206594264,0.8954967206594264
0500000US41069,41,069,Wheeler,4441.199909999999,45.068549,44.306662,-119.652128,-120.495247,5646.60531555542,0.7865256489178131,0.7865256489178131
0500000US42005,42,005,Armstrong,1691.79577,41.170691,40.530149,-79.215214,-79.69293,2861.865011722071,0.5911514914471787,0.5911514914471787
0500000US48357,48,357,Ochiltree,2376.65393,36.4997,36.056536,-100.546145,-101.085716,2383.4240767963524,0.997159487116765,0.997159487116765
0500000US48359,48,359,Oldham,3886.3804699999996,35.627515,35.183156,-102.162752,-103.042497,3939.6514786610005,0.9864782433295073,0.9864782433295073
0500000US48367,48,367,Parker,2340.0080199999998,33.003332,32.555391,-97.544181,-98.066836,2433.7662919175677,0.9614760578166708,0.9614760578166708
0500000US48379,48,379,Rains,594.28068,32.979877,32.72038,-95.635017,-95.987259,949.4482035293352,0.6259221701520008,0.6259221701520008
0500000US48381,48,381,Randall,2360.89896,35.183233,34.747417,-101.622941,-102.168839,2410.6447231926527,0.9793641249935953,0.9793641249935953
0500000US48393,48,393,Roberts,2393.31022,36.057572,35.619102,-100.540158,-101.086068,2399.254512257766,0.9975224419804583,0.9975224419804583
0500000US48397,48,397,Rockwall,329.02324,32.982308,32.813616,-96.297227,-96.51897,388.3363931073491,0.8472634701251062,0.8472634701251062
0500000US48411,48,411,San Saba,2940.41923,31.484071,30.921368,-98.439687,-99.092431,3884.4553540714005,0.7569707879170419,0.7569707879170419
0500000US48425,48,425,Somervell,482.93916999999993,32.318618,32.087328,-97.615055,-97.945625,799.9198352542753,0.6037344602743663,0.6037344602743663
0500000US48429,48,429,Stephens,2322.50221,32.957037,32.514768,-98.575616,-99.09605,2393.9059468468195,0.9701727058488366,0.9701727058488366
0500000US48433,48,433,Stonewall,2373.25067,33.397866,32.959978,-99.988827,-100.519208,2403.414889680432,0.9874494329672547,0.9874494329672547
0500000US48445,48,445,Terry,2302.09301,33.389586,32.958831,-102.075929,-102.595023,2314.075236678448,0.994822023723115,0.994822023723115
0500000US48449,48,449,Titus,1051.67986,33.389454,32.982886,-94.808783,-95.12613,1335.0869625047476,0.78772386334067,0.78772386334067
0500000US48459,48,459,Upshur,1509.8327299999999,32.904502,32.537246,-94.70179,-95.15341,1725.3234893362505,0.8751012429447929,0.8751012429447929
0500000US48463,48,463,Uvalde,4019.5401399999996,29.627514,29.086318,-99.411817,-100.112098,4084.181700105492,0.9841727021832004,0.9841727021832004
0500000US48475,48,475,Ward,2164.20918,31.651802,31.267909,-102.767246,-103.610887,3415.783315570914,0.6335908867914456,0.6335908867914456
0500000US48491,48,491,Williamson,2896.40477,30.906188,30.402843,-97.155219,-98.049886,4789.887257669443,0.6046916376502082,0.6046916376502082
0500000US48497,48,497,Wise,2342.45298,33.434057,32.990839,-97.383015,-97.921642,2469.545108418669,0.9485362190852832,0.9485362190852832
0500000US48507,48,507,Zavala,3360.2815399999995,29.091335,28.640566,-99.409021,-100.114336,3442.612281961757,0.9760848056015062,0.9760848056015062
0500000US49011,49,011,Davis,773.83502,41.152741,40.77345,-111.738575,-112.493393,2673.0557056784482,0.2894945355445157,0.2894945355445157
0500000US47185,47,185,White,975.5830699999999,36.081937,35.793388,-85.213115,-85.682602,1356.1707762486358,0.7193659434976203,0.7193659434976203
0500000US47189,47,189,Wilson,1478.43934,36.3475,35.954399,-86.014849,-86.594286,2274.0746181138575,0.6501278930003773,0.6501278930003773
0500000US48009,48,009,Archer,2339.0549,33.836047,33.396195,-98.420666,-98.953938,2415.172512505751,0.9684835712100837,0.9684835712100837
0500000US48011,48,011,Armstrong,2354.59231,35.183117,34.747462,-101.086281,-101.629396,2397.4702414002527,0.9821153436402157,0.9821153436402157
0500000US48021,48,021,Bastrop,2300.3084999999996,30.419563,29.786541,-97.024461,-97.649449,4231.9266629810845,0.543560577294976,0.543560577294976
0500000US48031,48,031,Blanco,1836.9600899999998,30.502095,29.937557,-98.125556,-98.59167,2811.3768759544564,0.6534022904262368,0.6534022904262368
0500000US48047,48,047,Brooks,2443.31276,27.265115,26.780917,-97.985494,-98.523723,2870.4625624547816,0.8511912999521969,0.8511912999521969
0500000US48053,48,053,Burnet,2575.12822,31.034919,30.426186,-97.828512,-98.445782,3993.533883827232,0.6448244324227712,0.6448244324227712
0500000US48063,48,063,Camp,507.18933999999996,33.069287,32.902641,-94.719942,-95.152206,747.0943097502723,0.6788826168004622,0.6788826168004622
0500000US48069,48,069,Castro,2316.5840599999997,34.74819,34.313034,-101.99802,-102.525631,2338.6383620844467,0.9905695970604066,0.9905695970604066
0500000US48079,48,079,Cochran,2007.6384999999998,33.825121,33.388416,-102.594836,-103.056655,2076.824991405724,0.9666864123399754,0.9666864123399754
0500000US48095,48,095,Concho,2548.03941,31.580267,31.087296,-99.60185,-100.115216,2672.7210353859587,0.9533503034042032,0.9533503034042032
0500000US48099,48,099,Coryell,2724.85094,31.711019,31.069374,-97.418606,-98.180006,5156.455625065108,0.5284348665301652,0.5284348665301652
0500000US48103,48,103,Crane,2033.3287099999998,31.651714,31.086212,-102.301212,-102.767688,2784.875073315683,0.7301328269562594,0.7301328269562594
0500000US48115,48,115,Dawson,2331.79254,32.961838,32.523271,-101.68874,-102.20852,2370.7078460499083,0.983584942313854,0.983584942313854
0500000US48123,48,123,DeWitt,2354.24525,29.384488,28.8133,-96.976378,-97.75511,4805.508428523607,0.48990555006128517,0.48990555006128517
0500000US48127,48,127,Dimmit,3441.8095599999997,28.648122,28.197819,-99.394177,-100.114336,3526.292023754011,0.9760421249332398,0.9760421249332398
0500000US48137,48,137,Edwards,5485.25222,30.290698,29.623263,-99.754142,-100.700393,6765.544427758229,0.810762870389951,0.810762870389951
0500000US48149,48,149,Fayette,2460.52072,30.160545,29.628101,-96.569844,-97.317893,4269.388557666114,0.5763168863096072,0.5763168863096072
0500000US48159,48,159,Franklin,736.57269,33.389454,32.961829,-95.125451,-95.308957,812.0960689605246,0.9070019153556625,0.9070019153556625
0500000US48169,48,169,Garza,2313.93708,33.397214,32.961025,-101.03866,-101.557434,2341.6915358433876,0.9881476892158679,0.9881476892158679
0500000US48177,48,177,Gonzales,2762.72192,29.784658,29.109765,-97.130517,-97.858782,5291.952188031439,0.522061012994093,0.522061012994093
0500000US48179,48,179,Gray,2398.27266,35.619296,35.18214,-100.538978,-101.086281,2411.327498965738,0.9945860365415575,0.9945860365415575
0500000US48185,48,185,Grimes,2039.5188099999998,30.864125,30.225187,-95.804306,-96.187765,2608.959726221038,0.7817364099192715,0.7817364099192715
0500000US48191,48,191,Hall,2288.24428,34.748281,34.312759,-100.415895,-100.946132,2352.2574758530677,0.9727864842560006,0.9727864842560006
0500000US48195,48,195,Hansford,2382.3079,36.499528,36.055276,-101.085156,-101.623915,2385.701790748903,0.9985774036126125,0.9985774036126125
0500000US48217,48,217,Hill,2483.45776,32.265451,31.708887,-96.719114,-97.485968,4475.8804485084,0.5548534614742936,0.5548534614742936
0500000US48227,48,227,Howard,2333.04869,32.525222,32.087136,-101.174571,-101.695011,2382.6583723901085,0.9791788520901787,0.9791788520901787
0500000US48233,48,233,Hutchinson,2298.4152099999997,36.055405,35.624057,-101.085735,-101.623466,2324.880588578443,0.9886164568156914,0.9886164568156914
0500000US48247,48,247,Jim Hogg,2942.5974199999996,27.354029,26.783535,-98.417883,-98.954669,3371.6031970094486,0.8727591143020716,0.8727591143020716
0500000US48251,48,251,Johnson,1876.95228,32.555484,32.133612,-97.086191,-97.617066,2339.4876161269217,0.802292034829122,0.802292034829122
0500000US48263,48,263,Kent,2337.49313,33.397866,32.962926,-100.517449,-101.038788,2346.4970852208708,0.9961628099699841,0.9961628099699841
0500000US48265,48,265,Kerr,2857.5936199999996,30.290698,29.781398,-98.917725,-99.757621,4578.6944929620295,0.6241066365953098,0.6241066365953098
0500000US48275,48,275,Knox,2203.10839,33.835967,33.397404,-99.472444,-99.996434,2366.164610176168,0.9310883868878302,0.9310883868878302
0500000US48283,48,283,La Salle,3850.52969,28.647487,28.030419,-98.800841,-99.395736,3994.859138903147,0.9638712044943905,0.9638712044943905
0500000US48297,48,297,Live Oak,2692.8126399999996,28.786949,28.0569,-97.808774,-98.335031,4177.701526383298,0.6445679814592236,0.6445679814592236
0500000US48303,48,303,Lubbock,2319.60141,33.830451,33.389586,-101.556884,-102.085733,2400.826947820348,0.9661676832251112,0.9661676832251112
0500000US48309,48,309,McLennan,2686.09159,31.863079,31.244215,-96.801123,-97.60523,5243.175972440352,0.51230239155025,0.51230239155025
0500000US48319,48,319,Mason,2405.59977,30.941002,30.498482,-98.964112,-99.484755,2448.9389597100985,0.9823028705806416,0.9823028705806416
0500000US48329,48,329,Midland,2331.77441,32.086991,31.651276,-101.775802,-102.287345,2340.4184094561565,0.9963066435380821,0.9963066435380821
0500000US48339,48,339,Montgomery,2698.09365,30.630284,30.032217,-95.096708,-95.83024,4681.762501072757,0.5762987014787212,0.5762987014787212
0500000US48349,48,349,Navarro,2614.9339299999997,32.328851,31.796191,-96.05478,-96.896209,4696.357394722005,0.5568004541006163,0.5568004541006163
0500000US48353,48,353,Nolan,2362.0722299999998,32.525312,32.082372,-100.146543,-100.665353,2401.5749853039015,0.983551312973514,0.983551312973514
0500000US51121,51,121,Montgomery,1002.36626,37.366792,36.984639,-80.178032,-80.606874,1614.5320724435971,0.620840104144179,0.620840104144179
0500000US51125,51,125,Nelson,1219.51704,38.047565,37.535642,-78.644036,-79.171926,2640.459055392509,0.46185796273167984,0.46185796273167984
0500000US51141,51,141,Patrick,1251.21864,36.87213,36.542623,-80.041493,-80.612158,1863.9214516183488,0.6712829228472209,0.6712829228472209
0500000US51145,51,145,Powhatan,673.97239,37.691369,37.418363,-77.653987,-78.132048,1279.3031407623698,0.5268277459229581,0.5268277459229581
0500000US51155,51,155,Pulaski,828.4322199999999,37.244911,36.879001,-80.529678,-80.912674,1382.716862604079,0.5991336638795367,0.5991336638795367
0500000US51157,51,157,Rappahannock,689.5279299999999,38.864902,38.523809,-77.935454,-78.33832,1326.0881148362205,0.519971427453115,0.519971427453115
0500000US51173,51,173,Smyth,1167.9035199999998,37.010091,36.638717,-81.26162,-81.836842,2114.295902164392,0.5523841382866155,0.5523841382866155
0500000US51187,51,187,Warren,552.8743499999999,39.036277,38.759229,-78.004167,-78.386682,1019.7724151274592,0.5421546433288229,0.5421546433288229
0500000US51197,51,197,Wythe,1196.12416,37.073349,36.76312,-80.740483,-81.379427,1959.4345382079143,0.6104435420914684,0.6104435420914684
0500000US51510,51,510,Alexandria,38.919929999999994,38.845011,38.7852,-77.032986,-77.088047,31.727074862855165,1.226710315030206,1.0
0500000US51530,51,530,Buena Vista,17.36336,37.760576,37.702359,-79.328768,-79.382642,30.6700802651817,0.5661335037232298,0.5661335037232298
0500000US51540,51,540,Charlottesville,26.516419999999997,38.065337,38.011439,-78.44905,-78.520375,37.43606659882782,0.7083121280917442,0.7083121280917442
0500000US51595,51,595,Emporia,17.85546,36.719122,36.674874,-77.509246,-77.557359,21.10556761237994,0.8460070976497446,0.8460070976497446
0500000US51660,51,660,Harrisonburg,45.11261999999999,38.48851,38.389755,-78.824253,-78.914591,86.39957669687253,0.522139363694741,0.522139363694741
0500000US51670,51,670,Hopewell,26.62002,37.313012,37.261595,-77.284019,-77.334549,25.557958750590455,1.0415550107022928,1.0
0500000US51760,51,760,Richmond,154.89495,37.579928,37.447079,-77.413196,-77.59611,238.32213478384577,0.6499394197710051,0.6499394197710051
0500000US51775,51,775,Salem,37.39183,37.308156,37.262811,-80.01876,-80.12049,45.379435711423454,0.8239818193814006,0.8239818193814006
0500000US51820,51,820,Waynesboro,38.95101,38.099978,38.039587,-78.855796,-78.949568,55.12326014698356,0.7066165879184028,0.7066165879184028
0500000US53013,53,013,Columbia,2249.7491099999997,46.624772,45.998887,-117.603163,-118.241611,3412.7096984848654,0.6592266289156727,0.6592266289156727
0500000US53021,53,021,Franklin,3217.22289,46.738938,46.192856,-118.209807,-119.45322,5782.653981328283,0.5563574961234322,0.5563574961234322
0500000US55029,55,029,Door,1248.32302,45.428539,44.675593,-86.805415,-87.736058,6120.754428315283,0.2039492083239152,0.2039492083239152
0500000US55033,55,033,Dunn,2201.77195,45.209554,44.683633,-91.650361,-92.156465,2329.2673658659232,0.9452637263826834,0.9452637263826834
0500000US55039,55,039,Fond du Lac,1863.6422699999998,43.9382,43.542943,-88.160873,-88.886052,2560.469151174777,0.7278518739993162,0.7278518739993162
0500000US55045,55,045,Green,1512.4486299999999,42.857397,42.500274,-89.366031,-89.83841,1533.4290921814218,0.986317944345522,0.986317944345522
0500000US55063,55,063,La Crosse,1169.86674,44.079656,43.725342,-90.910467,-91.420114,1608.6990358164333,0.727212930420064,0.727212930420064
0500000US55069,55,069,Lincoln,2276.5400699999996,45.555353,45.119098,-89.424824,-90.046143,2355.802733378068,0.9663542866917338,0.9663542866917338
0500000US55073,55,073,Marathon,4001.5059699999997,45.120604,44.681365,-89.223745,-90.316253,4202.713960936437,0.9521242718855879,0.9521242718855879
0500000US55081,55,081,Monroe,2333.0098399999997,44.158316,43.725342,-90.312195,-90.972764,2546.3000336834334,0.9162352468829481,0.9162352468829481
0500000US55095,55,095,Polk,2367.16158,45.72868,45.209554,-92.154443,-92.888114,3302.5064613127383,0.7167772743914811,0.7167772743914811
0500000US55103,55,103,Richland,1518.1310899999999,43.554996,43.164464,-90.191964,-90.671654,1684.0551042068291,0.9014735243565694,0.9014735243565694
0500000US55115,55,115,Shawano,2313.01763,45.029499,44.584746,-88.242687,-89.223814,3827.861767727462,0.6042584007345699,0.6042584007345699
0500000US55129,55,129,Washburn,2064.52267,46.157597,45.637605,-91.540294,-92.049636,2279.0265901396006,0.9058791498670222,0.9058791498670222
0500000US55141,55,141,Wood,2054.17044,44.685154,44.247678,-89.724746,-90.316253,2283.369922758792,0.8996222729947012,0.8996222729947012
0500000US56025,56,025,Natrona,13831.51168,43.501362,42.431094,-106.072669,-107.543526,14242.750225901313,0.9711264650872378,0.9711264650872378
0500000US56031,56,031,Platte,5398.09872,42.609468,41.653007,-104.653338,-105.286511,5553.048410857521,0.9720964631688501,0.9720964631688501
0500000US56033,56,033,Sheridan,6537.1418699999995,45.000948,44.556777,-106.009676,-107.911495,7413.85660711171,0.8817464669776961,0.8817464669776961
0500000US56045,56,045,Weston,6211.050509999999,44.180381,43.498445,-104.054487,-105.079797,6235.534060673594,0.9960735439121393,0.9960735439121393
0500000US72013,72,013,Arecibo,326.20273,18.494199,18.325013,-66.582374,-66.770072,372.54633417159596,0.8756031131680657,0.8756031131680657
0500000US53041,53,041,Lewis,6223.25718,46.794392,46.384227,-121.35232,-123.370775,7034.700559577372,0.8846513262781832,0.8846513262781832
0500000US53045,53,045,Mason,2484.89003,47.60701,47.082716,-122.80015,-123.504385,3093.3230466567798,0.8033076379415446,0.8033076379415446
0500000US53065,53,065,Stevens,6417.411349999999,49.000094,47.795111,-117.429539,-118.402407,9623.615500001144,0.6668399573943116,0.6668399573943116
0500000US54001,54,001,Barbour,883.34281,39.299584,38.947236,-79.809729,-80.227173,1410.8600028778185,0.6261023830842117,0.6261023830842117
0500000US54007,54,007,Braxton,1323.00308,38.904167,38.507045,-80.446148,-81.031677,2243.5862413404134,0.5896822932955685,0.5896822932955685
0500000US54013,54,013,Calhoun,723.25491,39.030608,38.611982,-80.98495,-81.278412,1183.4345771337642,0.6111490436181924,0.6111490436181924
0500000US54021,54,021,Gilmer,876.72277,39.109401,38.717898,-80.605799,-81.056714,1698.368318699471,0.5162147458516844,0.5162147458516844
0500000US54039,54,039,Kanawha,2335.11033,38.626427,37.968008,-81.194113,-81.915197,4607.014120078453,0.506859816170964,0.506859816170964
0500000US54049,54,049,Marion,799.62365,39.637347,39.386463,-79.938878,-80.498163,1338.4698355549526,0.5974162650206176,0.5974162650206176
0500000US54061,54,061,Monongalia,932.56058,39.721283,39.435588,-79.763774,-80.421388,1790.4395533123604,0.5208556626638069,0.5208556626638069
0500000US54079,54,079,Putnam,895.28271,38.684134,38.269085,-81.696348,-82.064562,1479.2964112202844,0.6052084647873062,0.6052084647873062
0500000US54089,54,089,Summers,933.5913999999999,37.868915,37.428301,-80.660446,-81.09463,1872.8464566661778,0.4984879548865261,0.4984879548865261
0500000US54101,54,101,Webster,1433.48212,38.739169,38.225845,-80.183931,-80.678291,2456.1472139993516,0.5836303751784718,0.5836303751784718
0500000US55003,55,003,Ashland,2706.6406500000003,47.07757,45.981055,-90.302063,-90.927387,5832.599300415978,0.46405393386220856,0.46405393386220856
0500000US55005,55,005,Barron,2234.4214899999997,45.639928,45.206538,-91.540294,-92.156465,2317.4127242978125,0.9641879785039329,0.9641879785039329
0500000US55007,55,007,Bayfield,3827.6651699999998,46.962232,46.154616,-90.750858,-91.551408,5496.750064544872,0.6963505935423914,0.6963505935423914
0500000US55017,55,017,Chippewa,2611.68607,45.292015,44.855951,-90.922247,-91.665647,2830.521017100466,0.9226873972041245,0.9226873972041245
0500000US55025,55,025,Dane,3100.84901,43.292928,42.845046,-89.00892,-89.838167,3354.7240981282216,0.9243231095308636,0.9243231095308636
0500000US49029,49,029,Morgan,1577.81764,41.36137,40.791758,-111.221378,-111.858392,3381.988754034018,0.46653544844523437,0.46653544844523437
0500000US49031,49,031,Piute,1962.67869,38.509852,38.149942,-111.766741,-112.518504,2624.2919219632736,0.7478888585427225,0.7478888585427225
0500000US49035,49,035,Salt Lake,1922.51038,40.921845,40.41727,-111.553105,-112.26351,3361.5998547414783,0.5719033981062119,0.5719033981062119
0500000US49051,49,051,Wasatch,3044.5475899999997,40.690384,39.899146,-110.891872,-111.611734,5371.47353338779,0.5667993281686716,0.5667993281686716
0500000US50005,50,005,Caledonia,1680.55776,44.769032,44.157633,-71.837294,-72.434315,3221.0570805798834,0.5217410675930806,0.5217410675930806
0500000US50019,50,019,Orleans,1795.56412,45.011794,44.542336,-71.874433,-72.578161,2899.6111946425876,0.6192430638002573,0.6192430638002573
0500000US51007,51,007,Amelia,920.14671,37.492081,37.192592,-77.65061,-78.235039,1720.5382761423475,0.5348016505991827,0.5348016505991827
0500000US51017,51,017,Bath,1370.51922,38.264856,37.871566,-79.436942,-80.055278,2367.202595817812,0.5789615229475187,0.5789615229475187
0500000US51029,51,029,Buckingham,1501.31163,37.796712,37.339677,-78.239748,-78.825238,2622.457541512978,0.5724827213537445,0.5724827213537445
0500000US51043,51,043,Clarke,456.29842999999994,39.264624,38.979479,-77.828157,-78.151981,885.7217158283926,0.5151713250851435,0.5151713250851435
0500000US51047,51,047,Culpeper,982.2160599999999,38.695853,38.311361,-77.618727,-78.231978,2281.489762062481,0.4305152170010486,0.4305152170010486
0500000US51063,51,063,Floyd,985.2878,37.122912,36.708718,-80.121479,-80.633987,2098.4729970383505,0.4695260798640591,0.4695260798640591
0500000US51075,51,075,Goochland,728.86485,37.905108,37.562631,-77.630145,-78.159278,1772.015068490172,0.41131978105638917,0.41131978105638917
0500000US51101,51,101,King William,709.5071899999999,37.900241,37.517594,-76.777729,-77.345229,2124.1318053380664,0.3340222053155869,0.3340222053155869
0500000US51111,51,111,Lunenburg,1118.0589699999998,37.120089,36.777858,-78.003639,-78.493028,1654.9460897248648,0.6755863390002494,0.6755863390002494
0500000US51113,51,113,Madison,830.5689699999999,38.627282,38.230308,-78.094571,-78.452918,1377.873196488777,0.6027905703634645,0.6027905703634645
0500000US01023,01,023,Choctaw,2365.9649999999997,32.310574,31.697952,-87.930661,-88.471214,3472.164060727751,0.6814093339541403,0.6814093339541403
0500000US01025,01,025,Clarke,3207.6243499999996,31.991355,31.187356,-87.50093,-88.180384,5753.513786462792,0.5575070242374474,0.5575070242374474
0500000US01029,01,029,Cleburne,1450.6589999999999,33.964129,33.469349,-85.304439,-85.887782,2968.387921594692,0.4887026353417681,0.4887026353417681
0500000US01031,01,031,Coffee,1758.53748,31.617964,31.192213,-85.789142,-86.196365,1829.6328463446384,0.961142276994711,0.961142276994711
0500000US01037,01,037,Coosa,1685.89834,33.104394,32.75358,-86.007187,-86.517344,1857.3413079792524,0.9076944193063908,0.9076944193063908
0500000US01047,01,047,Dallas,2534.82005,32.729532,32.047514,-86.810313,-87.47308,4719.452762381812,0.5371004177019726,0.5371004177019726
0500000US01055,01,055,Etowah,1385.6266899999998,34.200756,33.841598,-85.738975,-86.370152,2323.1274818046268,0.5964488392705992,0.5964488392705992
0500000US01059,01,059,Franklin,1641.59639,34.581703,34.304598,-87.529667,-88.173632,1819.5621980804435,0.902193061458306,0.902193061458306
0500000US01061,01,061,Geneva,1487.71672,31.199886,30.993133,-85.48576,-86.193476,1549.1980886978315,0.9603140688422167,0.9603140688422167
0500000US01067,01,067,Henry,1454.9325,31.763081,31.307675,-85.041305,-85.417434,1805.123470763229,0.8060016522774678,0.8060016522774678
0500000US01071,01,071,Jackson,2791.6781199999996,34.991098,34.475994,-85.583145,-86.359034,4061.027543059959,0.6874314666421808,0.6874314666421808
0500000US01081,01,081,Lee,1573.5182399999999,32.746512,32.40984,-85.00103,-85.696755,2440.429392896857,0.6447710573310996,0.6447710573310996
0500000US01085,01,085,Lowndes,1854.2094899999997,32.402814,31.962167,-86.406276,-86.908302,2314.942273859643,0.8009743961816052,0.8009743961816052
0500000US01087,01,087,Macon,1577.0121499999998,32.595933,32.231975,-85.433543,-86.023012,2239.3741848468076,0.7042200274840986,0.7042200274840986
0500000US01089,01,089,Madison,2076.12587,34.99207,34.479581,-86.311274,-86.790056,2493.1695603455887,0.8327255005119746,0.8327255005119746
0500000US02070,02,070,Dillingham,48093.135019999994,61.000515,58.390065,-155.953624,-161.034851,82749.16061138596,0.5811918171092912,0.5811918171092912
0500000US02110,02,110,Juneau,6998.00129,58.974972,57.786368,-133.176444,-135.219128,15738.357664999676,0.4446462228751328,0.4446462228751328
0500000US02130,02,130,Ketchikan Gateway,12583.292259999998,56.40742,54.71691,-129.980058,-132.2015,26257.280284375134,0.47923060285447433,0.47923060285447433
0500000US02185,02,185,North Slope,229721.11967,71.352561,67.99894,-141.002672,-166.85064,372216.00355884264,0.6171715280202453,0.6171715280202453
0500000US02195,02,195,Petersburg,8500.33338,57.426343,55.828667,-132.080112,-134.419791,25423.06123385957,0.3343552258246098,0.3343552258246098
0500000US02220,02,220,Sitka,7434.17801,58.001387,56.166925,-134.615955,-136.370705,21627.259048834734,0.3437411089964518,0.3437411089964518
0500000US02230,02,230,Skagway,1171.5217499999999,59.799626,59.340621,-135.00518,-135.72246,2061.7755165938393,0.5682101376077134,0.5682101376077134
0500000US05143,05,143,Washington,2439.6919399999997,36.235046,35.750426,-93.887775,-94.552184,3221.1009305489915,0.7574093431416284,0.7574093431416284
0500000US05147,05,147,Woodruff,1519.78869,35.445845,34.912452,-91.039783,-91.465114,2292.7381085257193,0.6628706019010856,0.6628706019010856
0500000US06003,06,003,Alpine,1912.2798799999998,38.933324,38.32688,-119.542862,-120.072484,3102.3011533776344,0.6164069139187222,0.6164069139187222
0500000US06007,06,007,Butte,4238.44176,40.151905,39.295621,-121.076695,-122.046471,7896.937364617003,0.5367196881908612,0.5367196881908612
0500000US01093,01,093,Marion,1922.53628,34.321054,33.915251,-87.634725,-88.207229,2378.114758784389,0.8084287240127701,0.8084287240127701
0500000US01095,01,095,Marshall,1465.5307799999998,34.600143,34.099073,-86.057712,-86.581936,2681.390365356855,0.5465562936804833,0.5465562936804833
0500000US01097,01,097,Mobile,3184.23665,31.162694,30.228031,-87.941152,-88.432007,4877.7474686367805,0.6528088365529758,0.6528088365529758
0500000US01101,01,101,Montgomery,2031.1997299999998,32.49498,31.965065,-85.919293,-86.496774,3200.6606762499864,0.634618891365838,0.634618891365838
0500000US01117,01,117,Shelby,2032.9686999999997,33.545896,33.020566,-86.35734,-87.026846,3635.347732978102,0.5592226244432957,0.5592226244432957
0500000US01119,01,119,Sumter,2341.06733,32.99586,32.30868,-87.840858,-88.421453,4153.403073370134,0.5636504063402694,0.5636504063402694
0500000US01125,01,125,Tuscaloosa,3423.3454500000003,33.609833,33.003379,-87.065738,-87.840683,4856.3631981669905,0.7049195684729932,0.7049195684729932
0500000US01131,01,131,Wilcox,2301.20982,32.264919,31.827123,-86.856576,-87.667769,3721.9315837846316,0.6182837508420893,0.6182837508420893
0500000US02020,02,020,Anchorage,4415.12897,61.483938,60.733881,-148.460007,-150.075451,7238.237458388453,0.6099729382162326,0.6099729382162326
0500000US02068,02,068,Denali,33026.15449,64.365138,62.722992,-146.972014,-153.001339,54537.29819681717,0.605570051725214,0.605570051725214
0500000US72019,72,019,Barranquitas,88.71526999999999,18.249324,18.152088,-66.24046,-66.373768,152.25215894082905,0.5826864500126931,0.5826864500126931
0500000US72025,72,025,Caguas,151.76623,18.312344,18.113069,-65.99765,-66.117774,281.1464988553398,0.5398119152039994,0.5398119152039994
0500000US72031,72,031,Carolina,117.38138999999998,18.458102,18.27013,-65.918535,-66.036559,260.33604087291,0.45088413270179073,0.45088413270179073
0500000US72045,72,045,Comerío,73.55859,18.27666,18.184794,-66.169126,-66.266466,105.01502273715725,0.700457782922261,0.700457782922261
0500000US72054,72,054,Florida,39.39131,18.413309,18.33806,-66.531299,-66.590785,52.523946313370836,0.749968590802026,0.749968590802026
0500000US72061,72,061,Guaynabo,71.42961,18.439973,18.277874,-66.080475,-66.143861,120.57509133874075,0.592407678956903,0.592407678956903
0500000US72069,72,069,Humacao,115.91545,18.200408,18.069842,-65.739125,-65.877615,212.46713557870282,0.5455688461383817,0.5455688461383817
0500000US72083,72,083,Las Marías,120.07239999999999,18.289705,18.187744,-66.897964,-67.082002,220.35702014635345,0.5448993634069479,0.5448993634069479
0500000US72093,72,093,Maricao,94.85356999999999,18.195471,18.14154,-66.83676,-67.051461,136.02944108624376,0.6973017696945624,0.6973017696945624
0500000US72105,72,105,Naranjito,70.96858999999999,18.329975,18.240967,-66.204734,-66.313299,113.44549862342599,0.6255743141962381,0.6255743141962381
0500000US72115,72,115,Quebradillas,58.74896999999999,18.491693,18.366108,-66.8989,-66.957517,86.35131379749683,0.680348305270406,0.680348305270406
0500000US72129,72,129,San Lorenzo,137.54971999999998,18.229292,18.075565,-65.924448,-66.052555,231.37862981341152,0.5944789288056676,0.5944789288056676
0500000US72135,72,135,Toa Alta,69.97143999999999,18.401464,18.316035,-66.19698,-66.318764,122.08997842527731,0.5731137059936872,0.5731137059936872
0500000US72145,72,145,Vega Baja,118.76704,18.489886,18.344246,-66.349647,-66.4438,160.86155971570963,0.7383183416218069,0.7383183416218069
0500000US01007,01,007,Bibb,1612.4873799999998,33.246907,32.831522,-86.876118,-87.421936,2349.9957918937357,0.6861660712594649,0.6861660712594649
0500000US01011,01,011,Bullock,1613.0649499999997,32.274382,31.880275,-85.410241,-85.999157,2431.596242881463,0.6633769708775762,0.6633769708775762
0500000US01015,01,015,Calhoun,1569.19812,33.96846,33.55622,-85.529432,-86.145562,2610.817782109155,0.6010370125226893,0.6010370125226893
0500000US06045,06,045,Mendocino,9081.42837,40.001923,38.768408,-122.821592,-124.023938,14172.901712879884,0.6407599907185616,0.6407599907185616
0500000US06049,06,049,Modoc,10147.0243,41.997169,41.183484,-119.999168,-121.44754,10898.164693685776,0.9310764321518306,0.9310764321518306
0500000US06051,06,051,Mono,7896.86338,38.713212,37.463052,-117.832726,-119.639205,21977.10287417237,0.35932231037060136,0.35932231037060136
0500000US06057,06,057,Nevada,2480.62948,39.526889,39.005177,-120.003117,-121.279533,6374.624512554196,0.38914127022142936,0.38914127022142936
0500000US06059,06,059,Orange,2047.5711199999998,33.946411,33.386629,-117.412987,-118.116703,4053.7250598642445,0.5051085334506064,0.5051085334506064
0500000US06065,06,065,Riverside,18664.783199999998,34.079727,33.425932,-114.434949,-117.673749,21768.402789188895,0.8574254795243735,0.8574254795243735
0500000US06069,06,069,San Benito,3596.7589,36.971895,36.196848,-120.596562,-121.644001,8059.894991391059,0.4462538164382753,0.4462538164382753
0500000US06073,06,073,San Diego,10895.171699999999,33.505019,32.534156,-116.08109,-117.59588,15246.539290478504,0.7145996538902475,0.7145996538902475
0500000US06075,06,075,San Francisco,121.40106999999999,37.872242,37.689392,-122.356784,-123.014303,1174.8956077170055,0.10332923980871804,0.10332923980871804
0500000US06113,06,113,Yolo,2628.0445099999997,38.924481,38.313089,-121.504139,-122.395056,5262.022933199145,0.49943615665738483,0.49943615665738483
0500000US08001,08,001,Adams,3024.22127,40.001366,39.739894,-103.705701,-105.05327,3343.6582205276973,0.904464831792143,0.904464831792143
0500000US08007,08,007,Archuleta,3496.9532499999996,37.422942,36.992426,-106.476228,-107.482131,4264.551864191294,0.8200048589778711,0.8200048589778711
0500000US08009,08,009,Baca,6617.36453,37.644282,36.993083,-102.041585,-103.086105,6688.320613753632,0.9893910462952807,0.9893910462952807
0500000US08015,08,015,Chaffee,2624.71377,39.057908,38.422768,-105.879176,-106.599214,4410.449473172412,0.5951125358005876,0.5951125358005876
0500000US08017,08,017,Cheyenne,4605.73484,39.047038,38.61245,-102.045074,-103.172943,4721.184363548391,0.9755464911644288,0.9755464911644288
0500000US08021,08,021,Conejos,3334.34269,37.403596,36.993472,-105.71847,-106.678373,3877.2453019732598,0.8599772339147698,0.8599772339147698
0500000US08023,08,023,Costilla,3177.80568,37.654416,36.995169,-105.154176,-105.770171,3992.7910246274814,0.7958858002833951,0.7958858002833951
0500000US08029,08,029,Delta,2957.9094999999998,39.217916,38.668097,-107.500606,-108.378953,4644.162558975987,0.6369091224602188,0.6369091224602188
0500000US08037,08,037,Eagle,4362.932699999999,39.924914,39.361871,-106.177604,-107.113672,5017.948039340097,0.8694654998009429,0.8694654998009429
0500000US08043,08,043,Fremont,3970.64612,38.697205,38.257973,-104.940366,-106.010751,4550.755550119246,0.8725245898773786,0.8725245898773786
0500000US06081,06,081,San Mateo,1161.37672,37.708332,37.107318,-122.081473,-122.519533,2585.7659693930837,0.4491422401512198,0.4491422401512198
0500000US06083,06,083,Santa Barbara,7083.87015,35.114102,33.895712,-119.440414,-120.670835,15274.64665776612,0.46376654784340515,0.46376654784340515
0500000US06087,06,087,Santa Cruz,1152.9903,37.286055,36.850648,-121.581354,-122.317682,3162.9661291917214,0.36452818427576406,0.36452818427576406
0500000US06095,06,095,Solano,2128.37135,38.533384,38.035717,-121.593273,-122.406978,3930.1939691481666,0.5415435896313547,0.5415435896313547
0500000US06101,06,101,Sutter,1560.2418999999998,39.303878,38.734598,-121.414885,-121.945509,2901.794439908374,0.5376817456612348,0.5376817456612348
0500000US06103,06,103,Tehama,7639.7463099999995,40.445591,39.797648,-121.345571,-123.065426,10536.011394220415,0.7251080151821802,0.7251080151821802
0500000US06109,06,109,Tuolumne,5752.089559999999,38.433521,37.633704,-119.200283,-120.652673,11312.913560286208,0.5084534173577188,0.5084534173577188
0500000US06009,06,009,Calaveras,2641.83108,38.509869,37.831422,-120.019951,-120.995497,6433.551092503214,0.41063341877838366,0.41063341877838366
0500000US06013,06,013,Contra Costa,1854.27683,38.094414,37.718629,-121.536595,-122.430087,3275.557845740104,0.5660949729254532,0.5660949729254532
0500000US06015,06,015,Del Norte,2606.50607,42.000436,41.380776,-123.518075,-124.255994,4221.869554867033,0.6173819527406245,0.6173819527406245
0500000US02013,02,013,Aleutians East,18083.232369999998,56.851184,54.03642,-158.891034,-166.112242,142536.62963161146,0.12686726504433593,0.12686726504433593
0500000US13149,13,149,Heard,766.7176999999999,33.428079,33.129562,-84.939015,-85.293902,1095.0688270150222,0.7001548040500308,0.7001548040500308
0500000US20059,20,059,Franklin,1480.8480399999999,38.738808,38.389945,-95.056412,-95.508328,1524.1892002881573,0.9715644486393399,0.9715644486393399
0500000US06025,06,025,Imperial,10817.40177,33.433554,32.618328,-114.46289,-116.106159,13887.29984762668,0.7789420469558508,0.7789420469558508
0500000US06029,06,029,Kern,21061.66244,35.797251,34.790629,-117.616195,-120.194146,26188.01231086747,0.8042482258670642,0.8042482258670642
0500000US06031,06,031,Kings,3598.5978,36.488835,35.789204,-119.474607,-120.315068,5871.4470979678545,0.6128979346923688,0.6128979346923688
0500000US06039,06,039,Madera,5535.008709999999,37.777986,36.769687,-119.022363,-120.541696,15072.474537635675,0.3672262770243327,0.3672262770243327
0500000US13067,13,067,Cobb,879.4319099999999,34.079399,33.743507,-84.383027,-84.737836,1222.9001082738323,0.7191363415948583,0.7191363415948583
0500000US13069,13,069,Coffee,1489.5012299999999,31.816154,31.36393,-82.597509,-83.150846,2635.4825436179194,0.5651721099830366,0.5651721099830366
0500000US13073,13,073,Columbia,751.3331,33.700644,33.354635,-82.028238,-82.436814,1457.1309488011716,0.515624968790997,0.515624968790997
0500000US13077,13,077,Coweta,1141.9102799999998,33.511457,33.191173,-84.497527,-85.015358,1712.948524151511,0.6666343231566936,0.6666343231566936
0500000US13081,13,081,Crisp,705.9899700000001,32.030595,31.803495,-83.609663,-83.961278,838.0465648834091,0.8424233205922381,0.8424233205922381
0500000US13087,13,087,Decatur,1546.5926,31.079029,30.689673,-84.376612,-84.863465,2011.4356378808175,0.7688998697614005,0.7688998697614005
0500000US13093,13,093,Dooly,1015.1246,32.29097,32.027938,-83.608407,-84.027853,1154.8306664464442,0.8790246306184984,0.8790246306184984
0500000US13095,13,095,Dougherty,851.30451,31.650274,31.436661,-83.982569,-84.450398,1053.0510433404027,0.8084171374063325,0.8084171374063325
0500000US13101,13,101,Echols,1074.57546,30.872249,30.591796,-82.584002,-83.136616,1647.1468329398328,0.6523859552230048,0.6523859552230048
0500000US13103,13,103,Effingham,1237.243,32.595385,32.095886,-81.120333,-81.548006,2231.4574836630054,0.5544551079543886,0.5544551079543886
0500000US13109,13,109,Evans,473.58927,32.278883,32.0479,-81.718658,-82.025339,741.4500050819477,0.6387339223871976,0.6387339223871976
0500000US13115,13,115,Floyd,1320.66949,34.587483,34.080821,-85.005775,-85.462304,2361.627832420391,0.5592199888017364,0.5592199888017364
0500000US13119,13,119,Franklin,677.27723,34.534053,34.22373,-83.052161,-83.398396,1096.424545604339,0.6177143996960512,0.6177143996960512
0500000US08061,08,061,Kiowa,4578.51653,38.615168,38.265016,-102.044567,-103.504666,4951.246746799344,0.924719926947634,0.924719926947634
0500000US08063,08,063,Kit Carson,5596.52898,39.574058,39.03761,-102.046571,-103.163025,5729.980151499602,0.9767100115582991,0.9767100115582991
0500000US08069,08,069,Larimer,6723.6451799999995,40.99821,40.260457,-104.943371,-106.19055,8634.043577930914,0.7787365351254426,0.7787365351254426
0500000US12089,12,089,Nassau,1679.9750099999999,30.822176,30.273432,-81.42742,-82.050432,3640.344019651863,0.4614879805125288,0.4614879805125288
0500000US12091,12,091,Okaloosa,2409.3397299999997,30.996977,30.378553,-86.388646,-86.800283,2706.753276644628,0.8901216637619404,0.8901216637619404
0500000US12097,12,097,Osceola,3438.1032699999996,28.348051,27.642288,-80.862815,-81.657268,6121.387727731583,0.5616542233429258,0.5616542233429258
0500000US12099,12,099,Palm Beach,5101.68617,26.9705,26.320756,-80.031362,-80.886099,6137.375219426403,0.8312488625189192,0.8312488625189192
0500000US12101,12,101,Pasco,1934.43474,28.478491,28.17165,-82.054694,-82.805097,2506.0768945614536,0.7718975998693419,0.7718975998693419
0500000US12107,12,107,Putnam,1884.5409799999998,29.840176,29.32443,-81.433992,-82.055899,3448.849327067765,0.5464260109044106,0.5464260109044106
0500000US12109,12,109,St. Johns,1555.69645,30.252914,29.622432,-81.212878,-81.688876,3215.509678565837,0.4838102215552536,0.4838102215552536
0500000US12113,12,113,Santa Rosa,2620.0569499999997,30.999594,30.348999,-86.785692,-87.313611,3652.46691624816,0.7173389958289728,0.7173389958289728
0500000US12115,12,115,Sarasota,1439.69812,27.389737,26.945264,-82.056497,-82.642837,2866.794731008495,0.5021978394293811,0.5021978394293811
0500000US12117,12,117,Seminole,800.88239,28.879227,28.610298,-80.98725,-81.459695,1377.3543295187476,0.5814643137469434,0.5814643137469434
0500000US12127,12,127,Volusia,2851.6728799999996,29.427055,28.612992,-80.732244,-81.680903,8349.69733106364,0.3415300898861126,0.3415300898861126
0500000US12131,12,131,Walton,2687.44875,30.994477,30.269148,-85.844421,-86.397325,4266.613765993006,0.6298786103912846,0.6298786103912846
0500000US13003,13,003,Atkinson,878.99938,31.420395,31.18368,-82.628975,-83.140483,1279.1774573572588,0.6871598424005889,0.6871598424005889
0500000US13005,13,005,Bacon,669.71184,31.710796,31.417119,-82.226585,-82.627342,1239.9096970675014,0.5401295284518939,0.5401295284518939
0500000US13009,13,009,Baldwin,667.8159599999999,33.187238,32.926141,-83.052197,-83.42909,1019.7712706280868,0.6548683800325986,0.6548683800325986
0500000US13015,13,015,Bartow,1190.21896,34.41259,34.077999,-84.653232,-85.046871,1346.1616082577125,0.8841575578287785,0.8841575578287785
0500000US13023,13,023,Bleckley,559.1033,32.584201,32.272489,-83.138991,-83.498039,1168.0229420171072,0.4786749299927802,0.4786749299927802
0500000US13025,13,025,Brantley,1145.71758,31.373721,31.010714,-81.731694,-82.284561,2122.7209546205063,0.5397400810059974,0.5397400810059974
0500000US13031,13,031,Bulloch,1742.5753099999997,32.649093,32.15289,-81.43583,-82.030233,3079.0486442516494,0.5659460149332995,0.5659460149332995
0500000US13037,13,037,Calhoun,726.15053,31.621868,31.433926,-84.429876,-84.819807,772.3580789154261,0.9401734115602022,0.9401734115602022
0500000US13049,13,049,Charlton,2003.5618399999998,31.075809,30.358035,-81.892028,-82.420442,4031.605246099566,0.49696379424507753,0.49696379424507753
0500000US13053,13,053,Chattahoochee,644.22624,32.534956,32.231539,-84.637323,-85.008096,1174.6550796052131,0.5484386448288432,0.5484386448288432
0500000US13057,13,057,Cherokee,1092.13566,34.41259,34.073298,-84.257586,-84.659234,1392.8878976923434,0.7840800841254975,0.7840800841254975
0500000US13063,13,063,Clayton,366.6663,33.64887,33.352465,-84.281273,-84.458927,542.9182213096725,0.6753619340966251,0.6753619340966251
0500000US09013,09,013,Tolland,1062.45426,42.034607,41.601798,-72.099229,-72.51733,1667.4693767636732,0.6371656804049237,0.6371656804049237
0500000US10005,10,005,Sussex,2424.4446099999996,38.961285,38.451013,-75.048939,-75.722599,3316.721808187667,0.7309761717172089,0.7309761717172089
0500000US11001,11,001,District of Columbia,158.11432,38.99511,38.791513,-76.909395,-77.1199,412.4401308469159,0.3833630827226335,0.3833630827226335
0500000US12003,12,003,Baker,1515.74829,30.584287,30.136449,-82.049236,-82.459792,1961.5775313986828,0.7727190313600356,0.7727190313600356
0500000US12005,12,005,Bay,1964.4088099999997,30.567574,29.924355,-85.383948,-85.996083,4205.559953041039,0.46709803972228153,0.46709803972228153
0500000US12011,12,011,Broward,3133.34315,26.334356,25.95677,-80.074837,-80.881233,3379.5192062252463,0.9271564855226219,0.9271564855226219
0500000US12015,12,015,Charlotte,1761.9226099999998,27.033836,26.717398,-81.562202,-82.375737,2839.1964679305433,0.6205708657013949,0.6205708657013949
0500000US12071,12,071,Lee,2031.88867,26.770439,26.317334,-81.56218,-82.268007,3537.466246563127,0.5743909703658965,0.5743909703658965
0500000US12079,12,079,Madison,1802.5053199999998,30.651258,30.260351,-83.170969,-83.820235,2705.1039178528845,0.666334963364623,0.666334963364623
0500000US12081,12,081,Manatee,1924.19129,27.646382,27.207769,-82.054349,-82.745748,3328.1014471186063,0.5781648548201319,0.5781648548201319
0500000US02275,02,275,Wrangell,6582.44097,56.924153,55.638593,-130.998654,-133.070863,18283.98269498489,0.3600113323124888,0.3600113323124888
0500000US08085,08,085,Montrose,5803.40005,38.668553,38.152328,-107.50002,-109.060062,7802.404927064974,0.7437963171930712,0.7437963171930712
0500000US12017,12,017,Citrus,1506.59264,29.044855,28.665897,-82.170848,-82.758906,2413.274357148839,0.6242939745068864,0.6242939745068864
0500000US12029,12,029,Dixie,1826.08727,29.824143,29.28888,-82.920608,-83.412278,2830.5097022614596,0.6451443245508158,0.6451443245508158
0500000US12031,12,031,Duval,1974.07728,30.586232,30.106028,-81.379879,-82.049411,3430.617344749285,0.5754291667129283,0.5754291667129283
0500000US12041,12,041,Gilchrist,905.66343,29.932126,29.564811,-82.656301,-82.949707,1156.921465745355,0.7828218740988783,0.7828218740988783
0500000US12043,12,043,Glades,2087.56331,27.210599,26.769049,-80.871169,-81.565931,3379.918223437302,0.617637224334083,0.617637224334083
0500000US12045,12,045,Gulf,1460.7910799999997,30.201385,29.654793,-85.012191,-85.417971,2376.666707693008,0.6146385924755794,0.6146385924755794
0500000US12049,12,049,Hardee,1651.85797,27.646647,27.338264,-81.563318,-82.055753,1665.5920964883164,0.9917542076975071,0.9917542076975071
0500000US12051,12,051,Hendry,2985.6225,26.958919,26.253045,-80.879809,-81.565931,5354.102223889115,0.5576327038879924,0.5576327038879924
0500000US12053,12,053,Hernando,1223.87601,28.694859,28.433456,-82.054469,-82.680396,1776.802398070803,0.6888081709754819,0.6888081709754819
0500000US12061,12,061,Indian River,1302.43848,27.860755,27.557378,-80.321271,-80.87315,1832.7256691767877,0.7106565384578376,0.7106565384578376
0500000US12063,12,063,Jackson,2376.9984,31.000888,30.564336,-84.864693,-85.599934,3409.4727409997417,0.6971747776176692,0.6971747776176692
0500000US12069,12,069,Lake,2430.40679,29.276766,28.34518,-81.354554,-81.957641,6086.668766054306,0.3992999920670097,0.3992999920670097
0500000US08075,08,075,Logan,4761.83673,41.002486,40.436346,-102.65131,-103.581795,4936.533989318898,0.9646113528850631,0.9646113528850631
0500000US08077,08,077,Mesa,8622.04266,39.366677,38.499987,-107.394486,-109.059962,13882.909382512207,0.6210544506514514,0.6210544506514514
0500000US08081,08,081,Moffat,12285.121099999998,41.002957,40.220454,-107.314153,-109.050854,12755.566773344628,0.9631184029918826,0.9631184029918826
0500000US08087,08,087,Morgan,3316.32147,40.524348,40.000856,-103.465377,-104.150494,3383.92230206129,0.9800229360998888,0.9800229360998888
0500000US08091,08,091,Ouray,1402.7258699999998,38.332148,37.905432,-107.51088,-108.13238,2579.748458551304,0.5437452110302728,0.5437452110302728
0500000US08097,08,097,Pitkin,2514.1052299999997,39.366178,38.978303,-106.426487,-107.465957,3864.703515337227,0.6505299099976686,0.6505299099976686
0500000US08103,08,103,Rio Blanco,8342.21906,40.225372,39.660472,-107.037363,-109.051221,10784.162816608969,0.7735620466664257,0.7735620466664257
0500000US08109,08,109,Saguache,8206.47975,38.446566,37.747809,-105.428893,-107.001119,10689.691893300947,0.7677003071662771,0.7677003071662771
0500000US08119,08,119,Teller,1442.7724499999997,39.129819,38.647595,-104.938994,-105.330444,1816.683801877836,0.7941791788470076,0.7941791788470076
0500000US08121,08,121,Washington,6521.70029,40.438446,39.565654,-102.77996,-103.707072,7663.9177079324745,0.8509616802447876,0.8509616802447876
0500000US08125,08,125,Yuma,6123.808950000001,40.440008,39.567841,-102.049806,-102.803767,6227.940978264007,0.983279862698212,0.983279862698212
0500000US09003,09,003,Hartford,1903.90123,42.039356,41.556797,-72.410629,-73.029537,2752.916756854072,0.691594188331254,0.691594188331254
0500000US09007,09,007,Middlesex,956.4895899999999,41.642696,41.255646,-72.305531,-72.752941,1604.8697093775108,0.5959920511995945,0.5959920511995945
0500000US05015,05,015,Carroll,1631.9253299999998,36.499179,36.121264,-93.296117,-93.866758,2148.656210249058,0.7595097448422602,0.7595097448422602
0500000US05017,05,017,Chicot,1668.7473599999998,33.563703,33.004106,-91.085984,-91.46037,2165.4626837176384,0.7706193103891847,0.7706193103891847
0500000US05025,05,025,Cleveland,1548.25797,34.064141,33.704414,-91.953799,-92.475602,1926.7023094603699,0.8035792360853273,0.8035792360853273
0500000US05027,05,027,Columbia,1984.0772699999998,33.452909,33.017298,-92.978469,-93.49052,2306.8059953093452,0.860097153394962,0.860097153394962
0500000US05033,05,033,Crawford,1536.11346,35.76093,35.353694,-93.910836,-94.492932,2384.442462256874,0.6442233286460052,0.6442233286460052
0500000US05045,05,045,Faulkner,1678.01956,35.368392,34.927558,-92.111463,-92.593585,2148.716357034097,0.7809404691814202,0.7809404691814202
0500000US05047,05,047,Franklin,1576.9396299999999,35.774246,35.213826,-93.695981,-94.082798,2182.261883023031,0.722617043475784,0.722617043475784
0500000US05053,05,053,Grant,1636.38531,34.495795,34.059633,-92.208041,-92.678383,2095.938782734343,0.7807409851280037,0.7807409851280037
0500000US05059,05,059,Hot Spring,1593.3731799999998,34.506114,34.149622,-92.668711,-93.408124,2691.5030093684827,0.5920012626602483,0.5920012626602483
0500000US05067,05,067,Jackson,1641.89942,35.890024,35.354256,-91.032499,-91.584687,2973.428299209886,0.5521906885853927,0.5521906885853927
0500000US05073,05,073,Lafayette,1368.21412,33.481963,33.018442,-93.365585,-93.860409,2371.6141469277677,0.57691261530566,0.57691261530566
0500000US05081,05,081,Little River,1378.53527,33.940932,33.54318,-93.825884,-94.485875,2699.0272423055344,0.510752632797601,0.510752632797601
0500000US05083,05,083,Logan,1834.0437499999998,35.430011,35.019715,-93.278293,-94.140571,3573.393767450408,0.5132498317722699,0.5132498317722699
0500000US05087,05,087,Madison,2160.72045,36.306563,35.759752,-93.450715,-93.962892,2800.2818356917014,0.771608208309603,0.771608208309603
0500000US15001,15,001,Hawaii,10433.60003,20.271548,18.917466,-154.809379,-156.064364,19794.145194977293,0.5271053600560379,0.5271053600560379
0500000US15007,15,007,Kauai,1605.68604,22.23317,21.645353,-159.295271,-160.555771,8497.786560643046,0.1889534443518071,0.1889534443518071
0500000US16001,16,001,Ada,2726.17184,43.807216,43.112553,-115.974946,-116.513364,3356.701941743176,0.8121578523544053,0.8121578523544053
0500000US16003,16,003,Adams,3530.31504,45.269245,44.443849,-116.089397,-116.891463,5802.424464011858,0.6084206803373193,0.6084206803373193
0500000US16009,16,009,Benewah,2011.4380299999998,47.414662,47.022442,-116.329496,-117.040019,2340.335988677929,0.8594654954378043,0.8594654954378043
0500000US16017,16,017,Bonner,4492.54407,48.847428,47.890188,-116.048424,-117.041874,7811.220811904398,0.5751398120961203,0.5751398120961203
0500000US16019,16,019,Bonneville,4833.13943,43.626748,43.020052,-111.043997,-112.520024,8054.955249867455,0.6000206432033909,0.6000206432033909
0500000US05089,05,089,Marion,1546.25331,36.498079,36.062756,-92.411502,-92.890695,2079.2062478313924,0.7436748093714796,0.7436748093714796
0500000US05091,05,091,Miller,1620.2470199999998,33.613548,33.019139,-93.665518,-94.04345,2321.0956161846993,0.6980526819757993,0.6980526819757993
0500000US05093,05,093,Mississippi,2332.4866599999996,36.000608,35.436789,-89.686924,-90.288947,3407.383407902857,0.6845389499139387,0.6845389499139387
0500000US05099,05,099,Nevada,1600.1978299999998,33.95707,33.444459,-93.10429,-93.483974,2002.0523413901353,0.7992787186017796,0.7992787186017796
0500000US05103,05,103,Ouachita,1897.90797,33.809943,33.355613,-92.567156,-93.119014,2582.6134278670506,0.7348788438568057,0.7348788438568057
0500000US05113,05,113,Polk,2221.38861,34.728962,34.189864,-93.930509,-94.470292,2966.616849996819,0.7487952513997155,0.7487952513997155
0500000US05115,05,115,Pope,2104.49932,35.728831,35.12739,-92.809763,-93.299014,2964.6136502777395,0.7098730452795561,0.7098730452795561
0500000US05121,05,121,Randolph,1689.17469,36.498548,36.149567,-90.748637,-91.407137,2289.2352369913574,0.7378772887577989,0.7378772887577989
0500000US05133,05,133,Sevier,1463.6763399999998,34.192501,33.750994,-93.958828,-94.477318,2347.289368624364,0.6235602476476053,0.6235602476476053
0500000US05137,05,137,Stone,1570.5889499999998,36.132798,35.704932,-91.837179,-92.418408,2490.169938741671,0.6307155690722246,0.6307155690722246
0500000US13317,13,317,Wilkes,1215.9791,33.984195,33.596718,-82.479518,-82.987286,2021.728803972674,0.6014551000166862,0.6014551000166862
0500000US13321,13,321,Worth,1478.11818,31.847929,31.330661,-83.649384,-84.032344,2086.3587464756765,0.708467890527873,0.708467890527873
0500000US04005,04,005,Coconino,48222.91215,37.003197,34.263314,-110.750678,-113.354176,71677.49533150902,0.672776189053044,0.672776189053044
0500000US04009,04,009,Graham,11972.52623,33.652697,32.424475,-109.113987,-110.457194,17099.522142088954,0.7001672988586441,0.7001672988586441
0500000US04011,04,011,Greenlee,4773.6963399999995,33.778233,32.426177,-109.046627,-109.49574,6289.247665568005,0.7590250207723167,0.7590250207723167
0500000US04012,04,012,La Paz,11654.03911,34.317877,33.025703,-113.333313,-114.721233,18453.947510492973,0.6315201180329291,0.6315201180329291
0500000US04017,04,017,Navajo,25771.59298,37.003875,33.567829,-109.826936,-110.750698,32030.55157018704,0.8045941052100811,0.8045941052100811
0500000US04021,04,021,Pinal,13896.93508,33.466104,32.501366,-110.449021,-112.203719,17556.95603906488,0.7915344236824882,0.7915344236824882
0500000US04023,04,023,Santa Cruz,3203.61244,31.731267,31.33256,-110.451736,-111.366635,3844.2775869092206,0.8333457633000139,0.8333457633000139
0500000US04027,04,027,Yuma,14281.23928,33.464655,32.038521,-113.333212,-114.813613,21953.715746653674,0.6505158144892551,0.6505158144892551
0500000US05003,05,003,Ashley,2396.65391,33.398214,33.006246,-91.45737,-92.137527,2758.177247998182,0.8689267202604304,0.8689267202604304
0500000US05013,05,013,Calhoun,1628.02479,33.802198,33.274859,-92.311079,-92.776729,2530.651033070069,0.6433225161135534,0.6433225161135534
0500000US16071,16,071,Oneida,3108.1579899999997,42.503046,41.996708,-112.071014,-113.000823,4308.881619796308,0.7213375219500531,0.7213375219500531
0500000US16077,16,077,Power,3636.9919599999994,43.111109,42.327483,-112.37961,-113.24351,6149.530107945295,0.5914259945326465,0.5914259945326465
0500000US16079,16,079,Shoshone,6810.83235,48.067682,46.932865,-114.975789,-116.329587,12832.90062600607,0.5307321040262514,0.5307321040262514
0500000US16083,16,083,Twin Falls,4975.941669999999,42.911931,41.994264,-114.000691,-115.038256,8686.069839982307,0.5728645707055626,0.5728645707055626
0500000US17003,17,003,Alexander,609.96831,37.335109,36.970298,-89.132685,-89.518393,1386.6631037507211,0.43988212302622376,0.43988212302622376
0500000US17007,17,007,Boone,727.0622099999999,42.495046,42.15232,-88.705633,-88.940388,735.5024927762612,0.9885244674774627,0.9885244674774627
0500000US17011,17,011,Bureau,2250.79029,41.585289,41.148558,-89.163705,-89.862351,2831.3122770015207,0.7949636316286813,0.7949636316286813
0500000US17015,17,015,Carroll,1152.05013,42.199112,41.928947,-89.685366,-90.316269,1564.5822162481086,0.7363308351814413,0.7363308351814413
0500000US17023,17,023,Clark,1298.67262,39.481309,39.157427,-87.531355,-88.014205,1495.893606500605,0.8681584133767569,0.8681584133767569
0500000US17033,17,033,Crawford,1148.99911,39.17922,38.849514,-87.512187,-87.950385,1387.9766942006468,0.8278230569726699,0.8278230569726699
0500000US17037,17,037,DeKalb,1635.08513,42.15359,41.628319,-88.588657,-88.941279,1704.8207307997684,0.9590950534916044,0.9590950534916044
0500000US17041,17,041,Douglas,1079.16235,39.879803,39.651588,-87.937645,-88.473182,1161.5624302725794,0.9290609973901766,0.9290609973901766
0500000US17043,17,043,DuPage,848.22241,41.994031,41.68553,-87.914265,-88.263071,991.2313320565902,0.8557259870308198,0.8557259870308198
0500000US18117,18,117,Orange,1031.82233,38.688101,38.394069,-86.307894,-86.683102,1066.924848952978,0.9670993519483347,0.9670993519483347
0500000US18121,18,121,Parke,1151.67717,39.953379,39.604787,-87.009477,-87.420221,1360.5443002544373,0.8464826685794966,0.8464826685794966
0500000US18127,18,127,Porter,1083.01627,41.71104,41.219658,-86.929364,-87.222644,1335.2416764489876,0.8111013078023679,0.8111013078023679
0500000US18135,18,135,Randolph,1171.6616099999999,40.310094,40.00438,-84.803918,-85.218758,1198.4438453269413,0.9776524904096486,0.9776524904096486
0500000US18137,18,137,Ripley,1156.24334,39.308474,38.912998,-85.065574,-85.444897,1439.1999615517454,0.8033931148478759,0.8033931148478759
0500000US18141,18,141,St. Joseph,1185.8315,41.760592,41.432792,-86.059451,-86.526682,1416.1777418538113,0.8373465172865361,0.8373465172865361
0500000US18149,18,149,Starke,800.65706,41.43302,41.171442,-86.466603,-86.93017,1126.3212904215147,0.7108602730046609,0.7108602730046609
0500000US18151,18,151,Steuben,800.15201,41.760059,41.526437,-84.804729,-85.196774,846.2790398289703,0.9454943019287203,0.9454943019287203
0500000US18159,18,159,Tipton,674.8011899999999,40.406889,40.215834,-85.86116,-86.242992,687.8034308339995,0.9810959930539548,0.9810959930539548
0500000US18161,18,161,Union,417.57015999999993,39.72662,39.52195,-84.814129,-85.036087,432.6370078968728,0.9651743895647866,0.9651743895647866
0500000US18167,18,167,Vigo,1044.5806699999998,39.607937,39.259064,-87.199012,-87.61005,1369.4333030128787,0.7627831656363451,0.7627831656363451
0500000US18169,18,169,Wabash,1068.20406,41.046716,40.650991,-85.638587,-85.946436,1139.395886029617,0.9375179190108411,0.9375179190108411
0500000US18175,18,175,Washington,1330.54775,38.783399,38.417898,-85.847893,-86.308701,1627.4791125927884,0.8175513527053888,0.8175513527053888
0500000US18181,18,181,White,1308.2737499999998,40.91246,40.562082,-86.581532,-87.099793,1701.2135633167854,0.7690238181791313,0.7690238181791313
0500000US19001,19,001,Adair,1474.4118899999999,41.504148,41.157134,-94.241593,-94.700629,1478.9474020577904,0.9969332837317406,0.9969332837317406
0500000US17047,17,047,Edwards,576.0574399999999,38.570094,38.255661,-87.953898,-88.1509,600.120128120895,0.9599035476509671,0.9599035476509671
0500000US17051,17,051,Fayette,1855.6883799999998,39.217907,38.736331,-88.693531,-89.254237,2595.4513174838576,0.7149771477120149,0.7149771477120149
0500000US17053,17,053,Ford,1257.74544,40.997839,40.39885,-87.931758,-88.459957,2965.8046960259735,0.4240823550132328,0.4240823550132328
0500000US17057,17,057,Fulton,2241.8910499999997,40.714667,40.183945,-89.872463,-90.451502,2891.464764517246,0.7753478712628553,0.7753478712628553
0500000US17063,17,063,Grundy,1082.73137,41.463096,41.108293,-88.240889,-88.59596,1170.471465513109,0.9250386719383665,0.9250386719383665
0500000US18055,18,055,Greene,1405.06205,39.171773,38.902516,-86.682277,-87.241027,1444.8731894879074,0.9724466203833312,0.9724466203833312
0500000US18057,18,057,Hamilton,1021.15153,40.218936,39.926055,-85.861903,-86.242743,1055.3504765482157,0.967594702131493,0.967594702131493
0500000US18065,18,065,Henry,1014.9588399999999,40.077143,39.786519,-85.201473,-85.596916,1089.6149757914623,0.931483930149515,0.931483930149515
0500000US18067,18,067,Howard,759.01763,40.565525,40.373661,-85.862117,-86.375762,926.9787116927268,0.8188080485839655,0.8188080485839655
0500000US18071,18,071,Jackson,1319.11808,39.068536,38.734443,-85.795357,-86.318133,1680.582137423907,0.7849173513304265,0.7849173513304265
0500000US18077,18,077,Jefferson,934.0342899999998,38.913803,38.586735,-85.201498,-85.683839,1521.2179214730027,0.6140042638306351,0.6140042638306351
0500000US18087,18,087,LaGrange,983.22616,41.760097,41.523347,-85.194084,-85.65975,1018.6822100112378,0.9651941992676533,0.9651941992676533
0500000US18091,18,091,LaPorte,1549.59441,41.760251,41.236798,-86.486433,-86.932747,2163.484932526827,0.7162492267464798,0.7162492267464798
0500000US18097,18,097,Marion,1026.41182,39.927137,39.632177,-85.937587,-86.326576,1090.2373491416868,0.9414572164566415,0.9414572164566415
0500000US18101,18,101,Martin,869.5588300000001,38.904697,38.505358,-86.682359,-86.924186,931.7951157707065,0.9332081863090369,0.9332081863090369
0500000US18103,18,103,Miami,968.25078,40.999195,40.562649,-85.863641,-86.169012,1248.0894808631392,0.7757863477307639,0.7757863477307639
0500000US18109,18,109,Morgan,1046.27971,39.633645,39.339681,-86.249885,-86.68571,1222.549144137073,0.8558181198830322,0.8558181198830322
0500000US16023,16,023,Butte,5780.017529999999,44.233956,43.284655,-112.695027,-113.798031,9350.519531014948,0.6181493456944429,0.6181493456944429
0500000US16025,16,025,Camas,2782.9368699999995,43.858611,43.198302,-114.374877,-115.08648,4212.220966977337,0.6606815957228894,0.6606815957228894
0500000US16029,16,029,Caribou,4569.13814,43.022364,42.415821,-111.043924,-112.149792,6093.085729032331,0.7498890288428035,0.7498890288428035
0500000US16033,16,033,Clark,4569.239149999999,44.564334,43.97194,-111.617502,-112.995379,7226.907173433483,0.6322537484356765,0.6322537484356765
0500000US16041,16,041,Franklin,1718.84055,42.416335,41.997105,-111.507264,-112.126286,2376.764158412072,0.7231851523494724,0.7231851523494724
0500000US16043,16,043,Fremont,4826.52975,44.751744,43.883305,-111.048107,-112.15637,8514.243810176138,0.5668770894523105,0.5668770894523105
0500000US16047,16,047,Gooding,1888.0400699999998,43.198436,42.649367,-114.594375,-115.086808,2447.9818605234805,0.7712639135309026,0.7712639135309026
0500000US16053,16,053,Jerome,1546.7091499999997,42.850826,42.494975,-113.931799,-114.6174,2217.871652326161,0.6973844263610887,0.6973844263610887
0500000US16055,16,055,Kootenai,3222.2837499999996,47.991479,47.366093,-116.322825,-117.042657,3747.555583337277,0.8598361460807176,0.8598361460807176
0500000US16061,16,061,Lewis,1240.07905,46.466921,45.996177,-116.012665,-116.713153,2820.3424831612556,0.4396909444168017,0.4396909444168017
0500000US16065,16,065,Madison,1215.24354,43.929272,43.622015,-111.398883,-111.983381,1603.3389943313866,0.7579454777165028,0.7579454777165028
0500000US16069,16,069,Nez Perce,2196.5582799999997,46.629097,45.853807,-116.362266,-117.061045,4632.761217340761,0.4741358720967796,0.4741358720967796
0500000US18007,18,007,Benton,1052.6226199999999,40.736885,40.475745,-87.093676,-87.526511,1061.0173786454461,0.9920880102301779,0.9920880102301779
0500000US18013,18,013,Brown,808.0307899999999,39.344189,39.048375,-86.080272,-86.381395,853.5459232081108,0.9466752380035521,0.9466752380035521
0500000US18015,18,015,Carroll,964.0601599999999,40.73754,40.431851,-86.373521,-86.771293,1141.776344258914,0.8443511418391986,0.8443511418391986
0500000US18019,18,019,Clark,965.69445,38.606155,38.26717,-85.4156,-85.99462,1900.9486073161142,0.5080066059036871,0.5080066059036871
0500000US18025,18,025,Crawford,791.6153699999999,38.422875,38.081784,-86.255045,-86.681424,1412.1070164004263,0.560591627126031,0.560591627126031
0500000US18031,18,031,Decatur,964.95112,39.453275,39.130859,-85.29654,-85.687295,1205.569366010112,0.8004111146200992,0.8004111146200992
0500000US18035,18,035,Delaware,1015.60116,40.379524,40.076828,-85.214386,-85.578589,1040.6810962333104,0.9759004594932243,0.9759004594932243
0500000US18045,18,045,Fountain,1024.74904,40.366612,39.952452,-87.090022,-87.438755,1364.7962637933879,0.7508439663747009,0.7508439663747009
0500000US13137,13,137,Habersham,716.7565999999999,34.822993,34.431748,-83.337867,-83.681596,1368.2450111176436,0.5238510604285128,0.5238510604285128
0500000US13141,13,141,Hancock,1222.06819,33.469178,33.049849,-82.747238,-83.274108,2284.2107207640292,0.535006765746743,0.535006765746743
0500000US13147,13,147,Hart,601.90046,34.493062,34.211505,-82.766078,-83.115646,1004.684792512157,0.5990938297124835,0.5990938297124835
0500000US13155,13,155,Irwin,917.74837,31.757861,31.472088,-82.99836,-83.500702,1511.547889993659,0.6071579842593343,0.6071579842593343
0500000US13159,13,159,Jasper,953.54735,33.52622,33.131816,-83.533736,-83.863058,1341.8191107797236,0.7106377769846333,0.7106377769846333
0500000US13165,13,165,Jenkins,899.4526099999999,32.953882,32.60691,-81.767553,-82.144977,1361.326449156677,0.6607177951748447,0.6607177951748447
0500000US13171,13,171,Lamar,475.265,33.202824,32.932184,-84.041498,-84.27014,641.1762493279396,0.7412392466161334,0.7412392466161334
0500000US13173,13,173,Lanier,479.82599,31.183988,30.844709,-82.971247,-83.197971,815.126875040741,0.5886519076873986,0.5886519076873986
0500000US20091,20,091,Johnson,1226.04125,39.059088,38.738102,-94.607391,-95.056412,1386.9066152655155,0.8840113937774255,0.8840113937774255
0500000US20097,20,097,Kiowa,1871.63501,37.734925,37.381112,-99.011499,-99.55958,1900.7186636605588,0.984698601525516,0.984698601525516
0500000US20099,20,099,Labette,1671.3140499999997,37.38399,36.999235,-95.073504,-95.522415,1701.2384554049074,0.9824102227939672,0.9824102227939672
0500000US20103,20,103,Leavenworth,1198.73229,39.419218,38.98163,-94.793948,-95.187103,1648.4177010471353,0.7272017821930213,0.7272017821930213
0500000US20109,20,109,Logan,2779.05446,39.135117,38.699861,-100.811858,-101.484383,2815.9932350046024,0.9868825057725885,0.9868825057725885
0500000US20113,20,113,McPherson,2326.5296599999997,38.60988,38.173673,-97.37175,-97.924795,2337.8616962181127,0.9951528201020426,0.9951528201020426
0500000US20119,20,119,Meade,2533.24792,37.47519,36.999936,-100.089484,-100.652728,2634.9846179569167,0.9613900220655556,0.9613900220655556
0500000US20125,20,125,Montgomery,1666.73493,37.386656,36.999094,-95.517976,-95.964666,1705.1430383598554,0.9774751399174116,0.9774751399174116
0500000US20131,20,131,Nemaha,1858.13593,40.000729,39.565916,-95.788111,-96.239583,1865.2208254954176,0.9962015781731711,0.9962015781731711
0500000US20141,20,141,Osborne,2311.58536,39.568035,39.132697,-98.487384,-99.047687,2332.1590471605996,0.9911782658281184,0.9911782658281184
0500000US20143,20,143,Ottawa,1866.6984699999998,39.306517,38.957852,-97.369839,-97.931614,1878.5837430695235,0.9936732801434214,0.9936732801434214
0500000US20157,20,157,Republic,1857.9908899999998,40.002167,39.653767,-97.36867,-97.931826,1863.039871661251,0.9972899229168138,0.9972899229168138
0500000US20165,20,165,Rush,1859.0061699999999,38.696807,38.348334,-99.032408,-99.585087,1863.0340988671933,0.9978379736207499,0.9978379736207499
0500000US20167,20,167,Russell,2295.4134,39.133121,38.696759,-98.483748,-99.042626,2346.1616901094403,0.9783696535821139,0.9783696535821139
0500000US20171,20,171,Scott,1858.43896,38.700603,38.26415,-100.684637,-101.128379,1874.514086717145,0.9914243766792399,0.9914243766792399
0500000US20177,20,177,Shawnee,1409.0014399999998,39.21652,38.869815,-95.500254,-96.03906,1793.9091142710704,0.7854363572775133,0.7854363572775133
0500000US22057,22,057,Lafourche,2766.67426,29.921592,29.057062,-89.949925,-91.006743,9833.085876212337,0.28136378496327247,0.28136378496327247
0500000US22061,22,061,Lincoln,1221.81178,32.75954,32.452999,-92.41505,-92.880805,1487.070977839389,0.8216230416756622,0.8216230416756622
0500000US22063,22,063,Livingston,1678.7577099999999,30.650023,30.176589,-90.401254,-90.991529,2979.823502859111,0.5633748805555928,0.5633748805555928
0500000US22069,22,069,Natchitoches,3243.3275,32.148412,31.346644,-92.718983,-93.441743,6092.8554745390265,0.532316499801004,0.532316499801004
0500000US22075,22,075,Plaquemines,2019.9694899999997,29.895528,28.925011,-89.000674,-90.075683,11237.30274329322,0.1797557239619251,0.1797557239619251
0500000US22079,22,079,Rapides,3413.5215799999996,31.517594,30.89,-92.086718,-92.981464,5938.560578030735,0.5748062236879539,0.5748062236879539
0500000US22081,22,081,Red River,1007.7430999999999,32.237526,31.90352,-93.122686,-93.61469,1721.7870257732184,0.5852890542879098,0.5852890542879098
0500000US22085,22,085,Sabine,2244.6468099999997,31.845233,31.165581,-93.236104,-93.878225,4600.581621207359,0.48790500741315473,0.48790500741315473
0500000US21111,21,111,Jefferson,985.27744,38.38027,37.998756,-85.404899,-85.947952,2013.39528435817,0.48936115409353736,0.48936115409353736
0500000US21113,21,113,Jessamine,445.78044,38.003745,37.728713,-84.43572,-84.723423,772.3617953311775,0.5771653164290135,0.5771653164290135
0500000US21123,21,123,Larue,677.33421,37.732284,37.421996,-85.46625,-85.892804,1296.9611812797607,0.5222470955774087,0.5222470955774087
0500000US21129,21,129,Lee,540.93963,37.720135,37.486821,-83.522308,-83.90557,875.9333898780689,0.6175579516101098,0.6175579516101098
0500000US21135,21,135,Lewis,1250.54524,38.72556,38.319521,-83.030889,-83.646701,2418.769842346055,0.5170170464780764,0.5170170464780764
0500000US21139,21,139,Livingston,810.99893,37.425216,36.981911,-88.193519,-88.564152,1618.0739479169504,0.5012125255734143,0.5012125255734143
0500000US21145,21,145,McCracken,644.24696,37.228811,36.942096,-88.482957,-88.942111,1298.4918864751066,0.4961501621306825,0.4961501621306825
0500000US21153,21,153,Magoffin,798.86996,37.864121,37.486525,-82.878723,-83.269662,1444.609414483536,0.5530006602411662,0.5530006602411662
0500000US21159,21,159,Martin,594.6769499999999,37.952314,37.668795,-82.319023,-82.670887,974.4912362184772,0.6102435074815549,0.6102435074815549
0500000US21167,21,167,Mercer,644.38423,37.970088,37.678854,-84.689095,-85.030528,971.1506478544424,0.663526540834457,0.663526540834457
0500000US21171,21,171,Monroe,853.07607,36.841476,36.61502,-85.436418,-85.97691,1212.9339289214117,0.7033161903209258,0.7033161903209258
0500000US21173,21,173,Montgomery,511.17794000000004,38.192118,37.918371,-83.75943,-84.080527,855.7777820846188,0.5973255565887723,0.5973255565887723
0500000US21179,21,179,Nelson,1081.35608,37.990654,37.551604,-85.152797,-85.737777,2510.192581478735,0.4307861030180328,0.4307861030180328
0500000US19053,19,053,Decatur,1377.57179,40.898295,40.573914,-93.55654,-94.015492,1394.774071784856,0.9876666177463116,0.9876666177463116
0500000US18003,18,003,Allen,1702.42772,41.271273,40.916585,-84.802936,-85.338552,1770.2329519149216,0.9616970004757993,0.9616970004757993
0500000US13181,13,181,Lincoln,544.8842,33.984195,33.637471,-82.218649,-82.645451,1520.2631152181552,0.35841440507606476,0.35841440507606476
0500000US19061,19,061,Dubuque,1575.50995,42.674407,42.294699,-90.474834,-91.132766,2277.9241164126806,0.6916428596757401,0.6916428596757401
0500000US19069,19,069,Franklin,1507.30748,42.908512,42.55681,-93.025144,-93.499485,1515.1103340569568,0.9948499763472252,0.9948499763472252
0500000US19075,19,075,Grundy,1299.81222,42.55681,42.209267,-92.53351,-93.027,1566.3866721931074,0.8298156790239571,0.8298156790239571
0500000US19077,19,077,Guthrie,1529.7058,41.862999,41.503679,-94.241593,-94.744876,1669.8857805935772,0.9160541503959936,0.9160541503959936
0500000US19089,19,089,Howard,1225.7123199999999,43.500735,43.212813,-92.079802,-92.554381,1228.4116203471333,0.9978026092374715,0.9978026092374715
0500000US19093,19,093,Ida,1117.6057199999998,42.561742,42.210932,-95.322357,-95.741821,1343.8658103686455,0.8316349083197684,0.8316349083197684
0500000US19101,19,101,Jefferson,1127.9708999999998,41.163578,40.89972,-91.715893,-92.179974,1142.1049784376266,0.9876245365316926,0.9876245365316926
0500000US19103,19,103,Johnson,1590.3636,41.861851,41.423178,-91.366079,-91.831379,1886.0016518539053,0.8432461331286224,0.8432461331286224
0500000US19107,19,107,Keokuk,1500.07361,41.510749,41.161942,-91.945571,-92.411995,1510.3827904380591,0.9931744584860708,0.9931744584860708
0500000US19111,19,111,Lee,1340.37162,40.813544,40.378264,-91.112258,-91.718787,2478.643009055743,0.5407683216594488,0.5407683216594488
0500000US19127,19,127,Marshall,1482.77759,42.21014,41.862373,-92.765999,-93.231858,1487.7816212441649,0.9966365821618496,0.9966365821618496
0500000US19129,19,129,Mills,1132.96183,41.16028,40.900924,-95.384349,-95.867286,1168.2496750665077,0.9697942607478158,0.9697942607478158
0500000US19135,19,135,Monroe,1123.3218499999998,41.161298,40.898451,-92.639091,-93.099217,1128.063317319047,0.9957968074608474,0.9957968074608474
0500000US19139,19,139,Muscatine,1133.04471,41.598373,41.333727,-90.783812,-91.369332,1435.6927460600316,0.7891972102731674,0.7891972102731674
0500000US19145,19,145,Page,1385.4997799999999,40.90155,40.575068,-94.914896,-95.384964,1437.7610727597419,0.9636509196486813,0.9636509196486813
0500000US20181,20,181,Sherman,2735.21094,39.568369,39.133147,-101.389068,-102.049764,2749.2784086921297,0.9948832142108075,0.9948832142108075
0500000US19153,19,153,Polk,1486.1290499999998,41.863419,41.490921,-93.328407,-93.815527,1675.6935607078747,0.886873999427559,0.886873999427559
0500000US19155,19,155,Pottawattamie,2461.2252,41.506837,41.159236,-95.154722,-95.981319,2667.58247672755,0.9226425879882454,0.9226425879882454
0500000US19159,19,159,Ringgold,1386.93982,40.899502,40.570825,-94.014803,-94.471213,1405.438296253279,0.9868379306992034,0.9868379306992034
0500000US19163,19,163,Scott,1186.45051,41.773465,41.450127,-90.317041,-90.899853,1742.0505511496322,0.6810654887236338,0.6810654887236338
0500000US19171,19,171,Tama,1867.4184899999998,42.297527,41.862373,-92.298164,-92.76809,1876.5908444536742,0.995112224659529,0.995112224659529
0500000US19177,19,177,Van Buren,1255.60351,40.900805,40.59853,-91.716769,-92.17978,1310.9503523588962,0.95778113010969,0.95778113010969
0500000US19183,19,183,Washington,1473.28265,41.511457,41.161515,-91.483995,-91.946043,1501.0776914395938,0.9814832759169599,0.9814832759169599
0500000US19189,19,189,Winnebago,1037.26651,43.499605,43.255358,-93.49735,-93.970762,1039.1564028223233,0.9981813201389218,0.9981813201389218
0500000US19193,19,193,Woodbury,2260.6400599999997,42.561285,42.211408,-95.669265,-96.481308,2594.678811874075,0.8712600764513095,0.8712600764513095
0500000US20003,20,003,Anderson,1501.2831399999998,38.390278,38.037706,-95.065831,-95.51897,1552.0642943148425,0.9672815394949472,0.9672815394949472
0500000US20009,20,009,Barton,2319.086,38.696916,38.26079,-98.479841,-99.032971,2334.9689627508515,0.9931977842086005,0.9931977842086005
0500000US20017,20,017,Chase,2002.2253999999998,38.522464,38.085622,-96.35378,-96.840772,2064.1346340432633,0.970007172486615,0.970007172486615
0500000US20019,20,019,Chautauqua,1654.7017899999998,37.30273,36.99886,-95.96427,-96.525493,1680.6561189941367,0.9845570258538847,0.9845570258538847
0500000US13211,13,211,Morgan,899.6339099999999,33.81776,33.434472,-83.269213,-83.687386,1650.1517985893383,0.5451825164018655,0.5451825164018655
0500000US27081,27,081,Lincoln,1390.2006299999998,44.63135,44.19662,-96.07858,-96.452774,1436.7073981991348,0.9676296173755146,0.9676296173755146
0500000US27089,27,089,Marshall,4597.42612,48.544308,48.172916,-95.593788,-97.163105,4788.356906547278,0.960126032734483,0.960126032734483
0500000US27091,27,091,Martin,1844.9787299999998,43.848099,43.50033,-94.247123,-94.854555,1889.1405348560272,0.9766233352991958,0.9766233352991958
0500000US27095,27,095,Mille Lacs,1482.2828999999997,46.246412,45.558772,-93.430648,-93.810912,2249.828582655596,0.6588425942435044,0.6588425942435044
0500000US27097,27,097,Morrison,2913.9105799999998,46.348678,45.77395,-93.763948,-94.653462,4386.053862686948,0.6643581385967987,0.6643581385967987
0500000US27099,27,099,Mower,1842.3421099999998,43.84857,43.499548,-92.448948,-93.049524,1874.5525921331648,0.982816976024924,0.982816976024924
0500000US27105,27,105,Nobles,1852.1245399999998,43.84907,43.499865,-95.452502,-96.053163,1875.7881359624469,0.9873847181839086,0.9873847181839086
0500000US27109,27,109,Olmsted,1692.17391,44.195516,43.834105,-92.079292,-92.689391,1960.63954178226,0.8630724179222564,0.8630724179222564
0500000US27111,27,111,Otter Tail,5107.65612,46.717854,46.106761,-95.14588,-96.280977,5913.177937799478,0.8637751432017207,0.8637751432017207
0500000US27115,27,115,Pine,3655.2385099999997,46.419269,45.730024,-92.292782,-93.142869,5025.625470493424,0.7273201179556109,0.7273201179556109
0500000US27117,27,117,Pipestone,1204.49245,44.196958,43.849039,-96.063778,-96.453405,1205.2117218034136,0.9994031987986829,0.9994031987986829
0500000US27119,27,119,Polk,5105.221519999999,48.174108,47.498991,-95.554248,-97.14751,8927.252246365964,0.57186930301854,0.57186930301854
0500000US27129,27,129,Renville,2545.7265399999997,44.892334,44.45603,-94.49773,-95.482889,3779.2558011094934,0.6736052476925851,0.6736052476925851
0500000US27133,27,133,Rock,1249.55845,43.849506,43.500176,-96.05232,-96.453408,1252.9875205058697,0.9972632843905059,0.9972632843905059
0500000US19059,19,059,Dickinson,985.7695399999999,43.500885,43.255054,-94.913723,-95.388078,1047.9704781547393,0.9406462877997647,0.9406462877997647
0500000US27141,27,141,Sherburne,1121.2550299999998,45.559646,45.245683,-93.51007,-94.149467,1742.733474622666,0.6433887030504032,0.6433887030504032
0500000US27145,27,145,Stearns,3478.71447,45.775208,45.282797,-94.047327,-95.139731,4659.280078408984,0.7466205961990345,0.7466205961990345
0500000US27149,27,149,Stevens,1459.73436,45.759932,45.411993,-95.747402,-96.254022,1525.2943673432378,0.9570181279450796,0.9570181279450796
0500000US27157,27,157,Wabasha,1354.5233799999999,44.455157,44.106988,-91.862858,-92.550871,2120.429255351423,0.6387967797470857,0.6387967797470857
0500000US27163,27,163,Washington,995.2903799999999,45.296837,44.745714,-92.746139,-93.020518,1321.5772450295642,0.7531079880069628,0.7531079880069628
0500000US27171,27,171,Wright,1713.17363,45.422861,44.977964,-93.521653,-94.260821,2865.056983825108,0.5979544699012441,0.5979544699012441
0500000US28005,28,005,Amite,1890.959,31.349574,30.998935,-90.547615,-91.095398,2031.9286894185807,0.9306227181334213,0.9306227181334213
0500000US28009,28,009,Benton,1053.13544,34.994649,34.582926,-89.017128,-89.352705,1402.9708969379328,0.7506466757781866,0.7506466757781866
0500000US28011,28,011,Bolivar,2270.3240699999997,34.120017,33.529389,-90.657002,-91.232295,3490.115844400642,0.6505010639238202,0.6505010639238202
0500000US28015,28,015,Carroll,1627.14937,33.676956,33.214478,-89.64528,-90.174756,2526.306104328811,0.6440824281791857,0.6440824281791857
0500000US28021,28,021,Claiborne,1262.3815399999999,32.225119,31.785422,-90.716785,-91.248144,2449.667500130345,0.5153277087330543,0.5153277087330543
0500000US28031,28,031,Covington,1071.72128,31.796863,31.433688,-89.399178,-89.755614,1363.003754712759,0.7862937107065092,0.7862937107065092
0500000US28039,28,039,George,1239.85372,30.998301,30.735591,-88.412462,-88.885038,1317.6164888151507,0.9409822437141192,0.9409822437141192
0500000US19149,19,149,Plymouth,2234.89287,42.909097,42.56062,-95.859377,-96.639704,2469.5290247254,0.9049874885550331,0.9049874885550331
0500000US28045,28,045,Hancock,1227.00732,30.648368,30.173943,-89.322345,-89.69058,1862.8543559906482,0.6586705590021766,0.6586705590021766
0500000US28051,28,051,Holmes,1959.8504099999998,33.375121,32.879573,-89.749441,-90.431684,3500.7220275265336,0.5598417682379511,0.5598417682379511
0500000US28053,28,053,Humphreys,1083.89169,33.329484,32.92251,-90.330312,-90.716277,1626.5016863493004,0.6663944458814586,0.6663944458814586
0500000US28059,28,059,Jackson,1871.93286,30.735598,30.196584,-88.39398,-88.884536,2817.927833964026,0.6642941091102113,0.6642941091102113
0500000US28067,28,067,Jones,1799.5190499999999,31.824565,31.433458,-88.943355,-89.401227,1885.2762479102662,0.9545121315747102,0.9545121315747102
0500000US28073,28,073,Lamar,1287.3724499999998,31.434029,30.982901,-89.347863,-89.6544,1462.395843164566,0.8803173614157556,0.8803173614157556
0500000US23007,23,007,Franklin,4394.21731,45.661885,44.458942,-69.930451,-70.831612,9467.541089140315,0.4641350133711445,0.4641350133711445
0500000US13215,13,215,Muscogee,560.43715,32.607608,32.381623,-84.69451,-85.082454,914.2704994172134,0.6129883337122234,0.6129883337122234
0500000US13239,13,239,Quitman,391.70383,31.991857,31.776841,-84.907006,-85.141831,530.0941683586736,0.738932539501103,0.738932539501103
0500000US27077,27,077,Lake of the Woods,3361.48071,49.384358,48.365971,-94.428702,-95.34273,7569.493522373286,0.44408264569675787,0.44408264569675787
0500000US45031,45,031,Darlington,1453.38627,34.531925,34.086013,-79.657764,-80.288692,2873.3223609062757,0.5058208190540747,0.5058208190540747
0500000US45035,45,035,Dorchester,1484.6734699999997,33.334496,32.818904,-80.079028,-80.790296,3799.464743287663,0.3907585858305181,0.3907585858305181
0500000US45037,45,037,Edgefield,1296.05154,33.975415,33.530313,-81.651759,-82.172379,2382.222499786337,0.5440514226174271,0.5440514226174271
0500000US47011,47,011,Bradley,851.49358,35.350074,34.987569,-84.699937,-85.024043,1187.5097440934348,0.7170413415428811,0.7170413415428811
0500000US47017,47,017,Carroll,1552.0626799999998,36.151573,35.789354,-88.177859,-88.706811,1917.2472764287627,0.8095266057130677,0.8095266057130677
0500000US47021,47,021,Cheatham,783.31183,36.45546,36.043761,-86.913233,-87.286501,1532.313006335719,0.5111957065959811,0.5111957065959811
0500000US47025,47,025,Claiborne,1125.5621999999998,36.600814,36.344381,-83.3868,-83.987612,1531.847863534103,0.7347741422592922,0.7347741422592922
0500000US47033,47,033,Crockett,687.7356500000001,35.99976,35.671046,-88.892938,-89.356033,1525.8793814115043,0.45071429523073764,0.45071429523073764
0500000US47035,47,035,Cumberland,1763.8547499999997,36.156293,35.761939,-84.680633,-85.273288,2339.058688930229,0.7540874277108031,0.7540874277108031
0500000US47041,47,041,DeKalb,788.2587299999999,36.131582,35.831254,-85.637327,-86.059706,1269.1961092417348,0.6210692928068737,0.6210692928068737
0500000US47047,47,047,Fayette,1825.3957399999997,35.403039,34.994361,-89.183944,-89.644282,1900.7908596342093,0.9603348683775138,0.9603348683775138
0500000US47049,47,049,Fentress,1291.40508,36.58127,36.138561,-84.659082,-85.122245,2041.6660039749656,0.6325251424502021,0.6325251424502021
0500000US47059,47,059,Greene,1611.4073499999997,36.41154,35.932972,-82.5772,-83.166085,2812.872462489877,0.5728689698834146,0.5728689698834146
0500000US47061,47,061,Grundy,933.78306,35.531651,35.215295,-85.485635,-85.913593,1364.9487493064837,0.6841158398617131,0.6841158398617131
0500000US27137,27,137,St. Louis,16180.768589999998,48.627597,46.649241,-91.787928,-93.096488,21566.676382350073,0.7502671391333232,0.7502671391333232
0500000US23015,23,015,Lincoln,1180.5686199999998,44.279625,43.755883,-69.281839,-69.813549,2476.0873291028947,0.47678795740525387,0.47678795740525387
0500000US23021,23,021,Piscataquis,10258.61704,46.574053,45.010956,-68.776061,-69.832818,14240.092041860788,0.720403843587761,0.720403843587761
0500000US23023,23,023,Sagadahoc,657.0700499999999,44.167862,43.703581,-69.689652,-70.051824,1497.1654869763522,0.4388760332212884,0.4388760332212884
0500000US23031,23,031,York,2565.94667,43.814147,43.059621,-70.349684,-70.989041,4331.131228212163,0.5924426055913321,0.5924426055913321
0500000US28041,28,041,Greene,1846.0354499999999,31.435837,30.997379,-88.425635,-88.841707,1929.0407855302212,0.956970668451986,0.956970668451986
0500000US31149,31,149,Rock,2611.54362,42.804296,42.086009,-99.234629,-99.677684,2903.5908600121406,0.899418597835468,0.899418597835468
0500000US31151,31,151,Saline,1486.70662,40.698625,40.349734,-96.912637,-97.368688,1495.4178757145066,0.9941747013620895,0.9941747013620895
0500000US31155,31,155,Saunders,1943.10606,41.453389,41.016069,-96.319191,-96.908507,2396.3180764567774,0.8108715112115243,0.8108715112115243
0500000US31161,31,161,Sheridan,6321.83258,42.99998,42.004843,-102.006204,-102.792111,7129.08596174926,0.8867662157420271,0.8867662157420271
0500000US31169,31,169,Thayer,1486.16013,40.350545,40.001835,-97.368688,-97.821496,1491.6908099189,0.9962923416286243,0.9962923416286243
0500000US31173,31,173,Thurston,1019.3825599999999,42.282024,42.015187,-96.272877,-96.82367,1347.2922103411422,0.7566157899346024,0.7566157899346024
0500000US31181,31,181,Webster,1489.02467,40.350398,40.00218,-98.273571,-98.726827,1491.0577622858852,0.9986364765086173,0.9986364765086173
0500000US32005,32,005,Douglas,1838.17221,39.114009,38.534648,-119.310702,-120.003402,3865.8165528938794,0.4754939053235669,0.4754939053235669
0500000US32007,32,007,Elko,44469.870059999994,41.999909,40.116931,-114.039882,-117.018419,52287.0787012394,0.8504944465169727,0.8504944465169727
0500000US32013,32,013,Humboldt,24969.560629999996,42.000252,40.526136,-117.018294,-119.331068,31685.57655445035,0.7880418583228506,0.7880418583228506
0500000US32017,32,017,Lincoln,27539.993179999998,38.677365,36.842085,-114.048473,-115.896925,33159.80852356681,0.8305232872628686,0.8305232872628686
0500000US32023,32,023,Nye,47091.18315999999,39.16343,35.963596,-115.000846,-118.196274,100200.0672478362,0.4699715724094678,0.4699715724094678
0500000US23011,23,011,Kennebec,2246.8871599999998,44.698763,44.107662,-69.393123,-70.12939,3844.395218721701,0.5844579009613667,0.5844579009613667
0500000US39105,39,105,Meigs,1113.95382,39.205494,38.87846,-81.747253,-82.322874,1807.7769128544705,0.6162009328026391,0.6162009328026391
0500000US39107,39,107,Mercer,1197.74291,40.728306,40.352757,-84.431632,-84.804119,1314.410535685174,0.9112395841955439,0.9112395841955439
0500000US39117,39,117,Morrow,1051.74461,40.711203,40.345076,-82.623609,-83.020798,1366.6667558339802,0.7695691766192078,0.7695691766192078
0500000US39119,39,119,Muskingum,1721.2596099999998,40.16688,39.755572,-81.694146,-82.233974,2104.2298944640975,0.8179997891524908,0.8179997891524908
0500000US39125,39,125,Paulding,1078.57442,41.253485,40.989394,-84.341602,-84.803594,1136.4145632957727,0.9491029548864389,0.9491029548864389
0500000US39129,39,129,Pickaway,1298.4188,39.812503,39.46835,-82.731518,-83.266737,1753.7997360926797,0.7403461029665618,0.7403461029665618
0500000US39133,39,133,Portage,1262.3167899999999,41.348272,40.987783,-81.001695,-81.393429,1314.3866673561058,0.9603846579934924,0.9603846579934924
0500000US39135,39,135,Preble,1098.4708,39.918491,39.567695,-84.478927,-84.815156,1121.3490266073084,0.9795975864209492,0.9795975864209492
0500000US39139,39,139,Richland,1282.74671,40.995638,40.549879,-82.336962,-82.727164,1628.661586950059,0.7876078863026158,0.7876078863026158
0500000US39141,39,141,Ross,1784.9969199999998,39.516249,39.167768,-82.740729,-83.393511,2175.2452309176156,0.8205957170387673,0.8205957170387673
0500000US39149,39,149,Shelby,1055.87825,40.483115,40.183945,-84.002372,-84.434631,1218.857080886537,0.8662855281047437,0.8662855281047437
0500000US39151,39,151,Stark,1489.9518899999998,40.988528,40.635106,-81.086601,-81.650048,1863.5146811394386,0.799538584310468,0.799538584310468
0500000US39157,39,157,Tuscarawas,1470.1772399999998,40.651579,40.214253,-81.264744,-81.712288,1842.003361706514,0.7981403674735762,0.7981403674735762
0500000US39161,39,161,Van Wert,1059.71922,40.990315,40.684862,-84.340531,-84.803313,1322.325677290548,0.8014056130040295,0.8014056130040295
0500000US47065,47,065,Hamilton,1404.8962900000001,35.458649,34.983375,-84.94635,-85.474472,2535.3323301568603,0.5541270756852139,0.5541270756852139
0500000US47067,47,067,Hancock,575.8606,36.598187,36.394689,-82.830433,-83.472108,1297.9109048313771,0.44368268873957495,0.44368268873957495
0500000US47071,47,071,Hardin,1495.25362,35.423263,34.995463,-87.981585,-88.380508,1724.0465738622481,0.8672930549957818,0.8672930549957818
0500000US47077,47,077,Henderson,1346.9890699999999,35.824829,35.418972,-88.179177,-88.613611,1772.1176785466039,0.7601013670292642,0.7601013670292642
0500000US47083,47,083,Houston,518.74074,36.36824,36.177857,-87.513533,-87.98074,886.6553524262441,0.5850534128965866,0.5850534128965866
0500000US47087,47,087,Jackson,798.5487999999999,36.522395,36.238011,-85.495124,-85.846483,994.663344653745,0.8028332443254808,0.8028332443254808
0500000US47095,47,095,Lake,429.38055999999995,36.50321,36.185382,-89.346056,-89.699817,1119.7530504786741,0.38346004935324585,0.38346004935324585
0500000US47101,47,101,Lewis,730.61051,35.65911,35.398454,-87.289872,-87.717559,1121.7469110746956,0.6513149292294772,0.6513149292294772
0500000US47107,47,107,McMinn,1114.0237499999998,35.644651,35.241043,-84.401025,-84.860164,1866.6758620477233,0.5967954976274926,0.5967954976274926
0500000US47109,47,109,McNairy,1457.8074,35.380994,34.995252,-88.362572,-88.786924,1654.0783308428279,0.881341211487355,0.881341211487355
0500000US47111,47,111,Macon,795.5029599999999,36.639783,36.411836,-85.788613,-86.228434,996.1267323231431,0.7985961366027662,0.7985961366027662
0500000US47119,47,119,Maury,1588.02742,35.850651,35.417021,-86.782016,-87.339232,2428.139557499851,0.6540099456371948,0.6540099456371948
0500000US47125,47,125,Montgomery,1396.46843,36.642414,36.321933,-87.114983,-87.641146,1676.3775904564675,0.8330273787659915,0.8330273787659915
0500000US47135,47,135,Perry,1074.15329,35.840921,35.423381,-87.658189,-88.042332,1611.8736155862628,0.6664004420776589,0.6664004420776589
0500000US47137,47,137,Pickett,422.11561,36.626511,36.407164,-84.731839,-85.284878,1205.4316571266688,0.350177969447208,0.350177969447208
0500000US24011,24,011,Caroline,827.2952099999999,39.143345,38.635359,-75.707352,-76.015045,1504.248201418992,0.5499725439057153,0.5499725439057153
0500000US24013,24,013,Carroll,1159.27105,39.720802,39.350185,-76.787096,-77.287747,1769.354893270317,0.6551941921935782,0.6551941921935782
0500000US24021,24,021,Frederick,1709.97239,39.720018,39.22028,-77.106839,-77.677505,2721.9905774024787,0.6282065794775012,0.6282065794775012
0500000US24023,24,023,Garrett,1675.9967699999997,39.722775,39.205961,-78.931175,-79.487651,2745.231270667142,0.6105120497161981,0.6105120497161981
0500000US24031,24,031,Montgomery,1272.34786,39.353502,38.934311,-76.888505,-77.527282,2567.7244336858744,0.4955157349862467,0.4955157349862467
0500000US24033,24,033,Prince George's,1250.16969,39.130967,38.535876,-76.672274,-77.086113,2371.952673923868,0.5270635049947571,0.5270635049947571
0500000US24043,24,043,Washington,1185.6501999999998,39.722689,39.318699,-77.469145,-78.342834,3366.467551167436,0.35219415662831377,0.35219415662831377
0500000US32031,32,031,Washoe,16323.127939999998,41.997544,39.165509,-119.170899,-120.005746,22199.81766740746,0.7352820723372295,0.7352820723372295
0500000US32510,32,510,Carson City,374.67458,39.250871,39.084904,-119.55102,-120.004504,721.4790177804432,0.5193145895672036,0.5193145895672036
0500000US33003,33,003,Carroll,2411.44799,44.284774,43.529689,-70.953322,-71.564615,4111.736784642093,0.5864791732309064,0.5864791732309064
0500000US33009,33,009,Grafton,4425.659909999999,44.406403,43.528449,-71.361889,-72.334745,7600.8053226233205,0.5822619738499683,0.5822619738499683
0500000US33015,33,015,Rockingham,1799.3247999999999,43.274201,42.73759,-70.703936,-71.44181,3580.116215410646,0.5025883775098664,0.5025883775098664
0500000US33019,33,019,Sullivan,1391.64067,43.600201,43.128807,-71.93522,-72.4521,2190.1720250691774,0.6354024497030294,0.6354024497030294
0500000US34003,34,003,Bergen,603.49331,41.133828,40.786491,-73.893979,-74.270521,1221.1728632319202,0.49419154991932285,0.49419154991932285
0500000US34009,34,009,Cape May,651.19075,39.323768,38.928519,-74.541443,-74.971995,1632.2746972578873,0.3989467894674573,0.3989467894674573
0500000US34013,34,013,Essex,326.88908,40.905302,40.674444,-74.112787,-74.371923,560.0190759250909,0.5837106163928695,0.5837106163928695
0500000US39167,39,167,Washington,1636.80748,39.645976,39.212448,-81.036791,-81.853668,3382.1412222634963,0.4839559830398115,0.4839559830398115
0500000US39171,39,171,Williams,1090.2993499999998,41.705758,41.426044,-84.341664,-84.80621,1202.0632882274156,0.9070232496724653,0.9070232496724653
0500000US39175,39,175,Wyandot,1053.78035,40.993447,40.686823,-83.11136,-83.515883,1160.246465205394,0.9082383627977295,0.9082383627977295
0500000US40003,40,003,Alfalfa,2244.11845,36.998996,36.463105,-98.104286,-98.54466,2338.541194826917,0.9596232279184179,0.9596232279184179
0500000US40011,40,011,Blaine,2404.61816,36.165771,35.551523,-98.207104,-98.636899,2645.5029344389295,0.9089455652068602,0.9089455652068602
0500000US40013,40,013,Bryan,2342.57989,34.157317,33.716809,-95.757156,-96.624748,3920.441915387511,0.5975295491065707,0.5975295491065707
0500000US40017,40,017,Canadian,2322.26134,35.72597,35.323762,-97.671319,-98.31337,2598.615436214851,0.8936533307839544,0.8936533307839544
0500000US40025,40,025,Cimarron,4751.97142,37.000104,36.500066,-102.028204,-103.002565,4826.833260838268,0.9844904854191572,0.9844904854191572
0500000US40029,40,029,Coal,1338.20638,34.76759,34.418391,-96.091873,-96.513865,1499.878640532476,0.892209772068572,0.892209772068572
0500000US40035,40,035,Craig,1971.90686,36.99958,36.50989,-94.999403,-95.431731,2097.238049415357,0.940239883855676,0.940239883855676
0500000US40039,40,039,Custer,2561.0360299999998,35.812402,35.464225,-98.623149,-99.375817,2633.3604858529834,0.9725352999555028,0.9725352999555028
0500000US40045,40,045,Ellis,3189.62385,36.59325,35.859769,-99.381022,-100.003762,4555.84405517396,0.7001169950884562,0.7001169950884562
0500000US40049,40,049,Garvin,2077.4933899999996,34.855164,34.506532,-96.932328,-97.668425,2609.2828984714797,0.7961932342472321,0.7961932342472321
0500000US40055,40,055,Greer,1655.8491599999998,35.11678,34.724555,-99.246462,-99.888571,2553.2849249382575,0.6485171881238601,0.6485171881238601
0500000US37193,37,193,Wilkes,1953.5800199999999,36.440433,35.99655,-80.868871,-81.545455,2995.779551252787,0.6521107399852049,0.6521107399852049
0500000US47141,47,141,Putnam,1038.8567699999999,36.302278,35.979154,-85.100213,-85.807415,2281.728518694843,0.4552937658833443,0.4552937658833443
0500000US48045,48,045,Briscoe,2331.0025899999996,34.748281,34.31229,-100.944939,-101.47158,2338.827232011626,0.9966544591646059,0.9966544591646059
0500000US48049,48,049,Brown,2446.0814699999996,32.079585,31.460927,-98.668441,-99.202768,3474.8062292053983,0.7039475897795192,0.7039475897795192
0500000US48055,48,055,Caldwell,1412.2156299999997,30.072907,29.630718,-97.315823,-97.893896,2741.1821060995176,0.515184900287223,0.515184900287223
0500000US48061,48,061,Cameron,2307.48798,26.411326,25.856459,-97.145567,-97.863056,4419.135476418143,0.5221582348659507,0.5221582348659507
0500000US48065,48,065,Carson,2383.3698,35.625267,35.18214,-101.085935,-101.622993,2398.4198905566514,0.9937249976053366,0.9937249976053366
0500000US48067,48,067,Cass,2426.7341699999997,33.298036,32.879506,-94.04273,-94.653994,2650.2038721985023,0.9156782976046589,0.9156782976046589
0500000US48073,48,073,Cherokee,2727.0446699999998,32.137989,31.42571,-94.865857,-95.459908,4447.250447970472,0.6131979077644485,0.6131979077644485
0500000US48077,48,077,Clay,2819.78739,34.157109,33.466797,-97.94573,-98.433769,3460.9929165160042,0.8147336495673989,0.8147336495673989
0500000US48081,48,081,Coke,2360.7073,32.08661,31.69297,-100.235137,-100.82537,2439.126756649293,0.9678493721429139,0.9678493721429139
0500000US48085,48,085,Collin,2178.77275,33.405504,32.981752,-96.295413,-96.843979,2405.168763866824,0.9058710485234958,0.9058710485234958
0500000US48087,48,087,Collingsworth,2378.76219,35.183144,34.746358,-100.000381,-100.540997,2392.650024242907,0.9941956265637715,0.9941956265637715
0500000US48091,48,091,Comal,1449.0428399999998,30.037994,29.594473,-97.999271,-98.646124,3077.6675705197563,0.4708250019852812,0.4708250019852812
0500000US24047,24,047,Worcester,1212.84779,38.45197,37.994211,-75.048939,-75.661827,2725.1705078572822,0.445053910022542,0.445053910022542
0500000US25007,25,007,Dukes,267.40455,41.52564,41.300982,-70.446233,-70.951045,1051.6204611318885,0.2542785728153149,0.2542785728153149
0500000US25013,25,013,Hampden,1598.3926,42.332615,41.997595,-72.134954,-73.071199,2874.5781962144056,0.556044223150707,0.556044223150707
0500000US25015,25,015,Hampshire,1365.59045,42.555933,42.18339,-72.203363,-73.000067,2711.3019931693825,0.5036659337249592,0.5036659337249592
0500000US25017,25,017,Middlesex,2118.14603,42.734136,42.156782,-71.020377,-71.898714,4626.81367826511,0.45779799604859583,0.45779799604859583
0500000US34017,34,017,Hudson,119.63469,40.823541,40.641903,-73.986864,-74.165987,304.8328271050062,0.3924599956512862,0.3924599956512862
0500000US34019,34,019,Hunterdon,1108.05121,40.787832,40.340634,-74.71315,-75.190858,2006.6037515110547,0.5522023016081736,0.5522023016081736
0500000US34021,34,021,Mercer,581.60263,40.424156,40.137541,-74.484287,-74.937954,1226.494422569739,0.4741991641359704,0.4741991641359704
0500000US34029,34,029,Ocean,1628.5427899999997,40.172355,39.499869,-74.031318,-74.553105,3331.4896577653167,0.48883321195491486,0.48883321195491486
0500000US34033,34,033,Salem,859.6184099999999,39.780926,39.381954,-75.061973,-75.559446,1891.379387288416,0.4544928509728529,0.4544928509728529
0500000US34035,34,035,Somerset,781.69567,40.758005,40.374397,-74.408264,-74.782513,1348.4507169231965,0.5796991022286823,0.5796991022286823
0500000US34041,34,041,Warren,924.4176199999999,41.094049,40.591342,-74.767874,-75.20392,2050.361683541972,0.45085587943834426,0.45085587943834426
0500000US35007,35,007,Colfax,9733.375399999999,36.996239,36.217997,-104.007855,-105.377745,10581.443313352207,0.9198532857722658,0.9198532857722658
0500000US30055,30,055,McCone,6845.815479999999,48.097903,47.092969,-105.194742,-106.418567,10254.512508038233,0.6675905338877641,0.6675905338877641
0500000US30057,30,057,Madison,9291.58356,45.857148,44.708848,-111.351346,-112.691417,13386.786427019135,0.6940861879477207,0.6940861879477207
0500000US37195,37,195,Wilson,953.5706599999999,35.867208,35.583457,-77.661312,-78.19207,1511.7059040923218,0.6307911197664834,0.6307911197664834
0500000US37199,37,199,Yancey,809.6262299999999,36.072885,35.704423,-82.133182,-82.50586,1375.5185259472469,0.5885971106368437,0.5885971106368437
0500000US38005,38,005,Benson,3596.75372,48.371298,47.846276,-98.525516,-99.848222,5733.288476327521,0.6273456734038114,0.6273456734038114
0500000US38009,38,009,Bottineau,4321.21039,48.999662,48.544657,-100.145494,-101.496737,5010.041009863382,0.8625099837491819,0.8625099837491819
0500000US38017,38,017,Cass,4571.18683,47.239978,46.629348,-96.767458,-97.706034,4838.719888352318,0.944709951283537,0.944709951283537
0500000US38027,38,027,Eddy,1632.14289,47.846811,47.587228,-98.500085,-99.297318,1721.5260936830234,0.9480790886580189,0.9480790886580189
0500000US38029,38,029,Emmons,3912.02665,46.63445,45.94167,-99.878431,-100.66189,4637.446773690788,0.843573380118075,0.843573380118075
0500000US38037,38,037,Grant,4297.17001,46.718019,46.006836,-101.025662,-102.096585,6498.549004056308,0.661250689548969,0.661250689548969
0500000US38039,38,039,Griggs,1835.83085,47.672413,47.240453,-97.961208,-98.500181,1946.364231566439,0.9432103304336407,0.9432103304336407
0500000US38043,38,043,Kidder,3499.57951,47.327326,46.63163,-99.446423,-100.114637,3921.5127898270594,0.8924054816494257,0.8924054816494257
0500000US38047,38,047,Logan,2571.39862,46.632925,46.282811,-99.036639,-99.916758,2624.6405194232952,0.979714593663671,0.979714593663671
0500000US38053,38,053,McKenzie,7149.236569999999,48.146494,47.328714,-102.552981,-104.045333,10148.103799818504,0.7044898939768296,0.7044898939768296
0500000US38059,38,059,Morton,4989.0392999999995,46.98284,46.284219,-100.544555,-102.097087,9208.603904187417,0.5417802038082384,0.5417802038082384
0500000US38063,38,063,Nelson,2542.7972499999996,48.195177,47.672179,-97.882179,-98.525609,2787.658281232616,0.9121624652199672,0.9121624652199672
0500000US47001,47,001,Anderson,873.2495799999999,36.270378,35.910165,-83.941711,-84.441034,1797.0951406451961,0.48592284306466066,0.48592284306466066
0500000US47003,47,003,Bedford,1226.71465,35.697617,35.3207,-86.245165,-86.658247,1567.071696275327,0.7828069723393638,0.7828069723393638
0500000US40065,40,065,Jackson,2078.86609,34.850389,34.337688,-99.052511,-99.846399,4142.819938838159,0.5017997694061045,0.5017997694061045
0500000US40071,40,071,Kay,2382.09811,36.999233,36.593627,-96.749838,-97.462459,2861.806798821958,0.8323755855848037,0.8323755855848037
0500000US40083,40,083,Logan,1926.5300599999998,36.164663,35.724441,-97.140583,-97.675617,2357.685605981413,0.817127633604931,0.817127633604931
0500000US40085,40,085,Love,1331.24705,34.071089,33.717174,-96.934508,-97.561054,2275.8141546695383,0.5849542007938275,0.5849542007938275
0500000US40091,40,091,McIntosh,1601.90464,35.552241,35.151557,-95.34465,-95.98371,2582.2511265341213,0.6203519957991324,0.6203519957991324
0500000US40099,40,099,Murray,1078.62622,34.636811,34.332661,-96.827288,-97.352158,1626.984504498005,0.6629603521225932,0.6629603521225932
0500000US40101,40,101,Muskogee,2099.0655,35.856756,35.261636,-95.049933,-95.766265,4287.989577879768,0.48952206200041665,0.48952206200041665
0500000US40107,40,107,Okfuskee,1602.08853,35.639087,35.289899,-95.981307,-96.624865,2263.056302181903,0.7079313618734816,0.7079313618734816
0500000US40111,40,111,Okmulgee,1806.13391,35.857021,35.37669,-95.712957,-96.192844,2316.8736220423652,0.7795565078805899,0.7795565078805899
0500000US40117,40,117,Pawnee,1471.00345,36.562601,36.158886,-96.243295,-97.032106,3170.8514299107355,0.4639143405219118,0.4639143405219118
0500000US40119,40,119,Payne,1773.3807699999998,36.246478,35.941519,-96.621097,-97.354132,2233.448232007329,0.7940102414669178,0.7940102414669178
0500000US40125,40,125,Pottawatomie,2040.0704799999999,35.463977,34.899958,-96.623699,-97.142349,2956.194259829443,0.6901002778206129,0.6901002778206129
0500000US25021,25,021,Norfolk,1025.91195,42.328096,41.984998,-70.906302,-71.50091,1869.913530514478,0.5486413854215687,0.5486413854215687
0500000US25023,25,023,Plymouth,1707.00425,42.30886,41.624532,-70.525567,-71.080192,3489.256841216296,0.48921713925907706,0.48921713925907706
0500000US26003,26,003,Alger,2370.0313,46.690914,46.158691,-85.864549,-87.116618,5679.414180083893,0.41730207110286704,0.41730207110286704
0500000US26005,26,005,Allegan,2137.34829,42.768237,42.41928,-85.543191,-86.273893,2320.925939835072,0.920903271110789,0.920903271110789
0500000US26007,26,007,Alpena,1481.1173999999999,45.207107,44.856458,-83.265896,-83.888484,1907.602043545865,0.7764289229041125,0.7764289229041125
0500000US30063,30,063,Missoula,6716.968159999999,47.600517,46.631993,-113.302873,-114.797235,12177.79372721694,0.5515751301475744,0.5515751301475744
0500000US30065,30,065,Musselshell,4838.521449999999,46.755986,46.132402,-107.781214,-109.009802,6527.21254246929,0.7412844944941156,0.7412844944941156
0500000US30071,30,071,Phillips,13312.690649999999,48.999559,47.450638,-107.179865,-108.891022,21831.596101404248,0.6097900761888729,0.6097900761888729
0500000US30077,30,077,Powell,6025.355279999999,47.599986,46.265925,-112.298607,-113.466486,13154.142109145008,0.45805763918355863,0.45805763918355863
0500000US30083,30,083,Richland,5397.93037,48.15069,47.354148,-104.041662,-105.23488,7901.002564374855,0.6831956230895232,0.6831956230895232
0500000US30087,30,087,Rosebud,12976.94118,46.860486,45.179677,-106.086335,-107.892117,26058.706313835704,0.4979886961276345,0.4979886961276345
0500000US30091,30,091,Sheridan,4343.637199999999,48.999877,48.389239,-104.046913,-105.057514,5036.451108331654,0.8624400607829682,0.8624400607829682
0500000US30097,30,097,Sweet Grass,4804.980949999999,46.220519,45.172102,-109.417297,-110.292662,7925.573725533234,0.6062628544505425,0.6062628544505425
0500000US30101,30,101,Toole,4961.525729999999,48.998229,48.219412,-111.270702,-112.193588,5875.9994921837015,0.844371368071059,0.844371368071059
0500000US38065,38,065,Oliver,1871.3034899999998,47.293293,46.981306,-100.882172,-101.764419,2315.058205197952,0.8083181173580868,0.8083181173580868
0500000US38067,38,067,Pembina,2897.4174599999997,49.000687,48.54225,-97.092606,-97.950205,3203.7715622386777,0.9043770455267388,0.9043770455267388
0500000US38071,38,071,Ramsey,3073.95186,48.544232,47.915056,-98.292184,-99.200306,4706.0352673401485,0.6531935451765958,0.6531935451765958
0500000US38075,38,075,Renville,2271.56727,48.999355,48.458448,-101.05966,-102.021655,4243.854574971653,0.5352603935574708,0.5352603935574708
0500000US38081,38,081,Sargent,2223.54867,46.282626,45.935054,-97.228291,-98.008102,2323.378473532576,0.9570324832265532,0.9570324832265532
0500000US38089,38,089,Stark,3456.9636499999997,47.010307,46.629918,-102.096239,-103.231566,3653.929823023029,0.9460947028095706,0.9460947028095706
0500000US38093,38,093,Stutsman,5754.26516,47.327194,46.630575,-98.439056,-99.481085,6123.482679744136,0.9397046519025081,0.9397046519025081
0500000US38097,38,097,Traill,2232.44791,47.672153,47.238095,-96.833019,-97.474337,2327.2635552792644,0.9592587418540626,0.9592587418540626
0500000US38101,38,101,Ward,5214.39261,48.8072,47.847589,-100.970497,-102.233892,9966.423298074495,0.5231959805487508,0.5231959805487508
0500000US39001,39,001,Adams,1512.2155299999997,39.055197,38.602987,-83.265769,-83.706043,1917.7043908574838,0.7885550751249135,0.7885550751249135
0500000US39005,39,005,Ashland,1095.4405,41.065761,40.555001,-82.12501,-82.436914,1490.8455033435096,0.7347780152559488,0.7347780152559488
0500000US39011,39,011,Auglaize,1039.58974,40.685957,40.354534,-83.879932,-84.45618,1795.051932517606,0.5791418739300477,0.5791418739300477
0500000US39013,39,013,Belmont,1378.21411,40.170075,39.848845,-80.703052,-81.237316,1625.3106222770705,0.8479696687572946,0.8479696687572946
0500000US39017,39,017,Butler,1209.6750399999999,39.591024,39.292287,-84.332089,-84.819451,1390.2137111372472,0.8701360303880474,0.8701360303880474
0500000US39019,39,019,Carroll,1022.0373099999999,40.727816,40.4247,-80.861994,-81.321659,1308.4951153341915,0.7810784297341226,0.7810784297341226
0500000US42003,42,003,Allegheny,1890.89425,40.67429,40.194352,-79.692587,-80.360873,3018.4750616785163,0.6264402426265234,0.6264402426265234
0500000US42007,42,007,Beaver,1125.90408,40.855157,40.477365,-80.14485,-80.519086,1325.9730042960468,0.8491153864763163,0.8491153864763163
0500000US48361,48,361,Orange,864.2027099999999,30.244318,29.914423,-93.695252,-94.117604,1490.7456990920598,0.5797116909519467,0.5797116909519467
0500000US48369,48,369,Parmer,2281.21502,34.747361,34.312749,-102.525184,-103.043979,2296.7020324860864,0.9932568473110452,0.9932568473110452
0500000US48383,48,383,Reagan,3044.0295899999996,31.651319,31.079379,-101.267122,-101.776191,3073.87391753866,0.9902909721285649,0.9902909721285649
0500000US48385,48,385,Real,1810.91505,30.082356,29.623495,-99.600862,-100.03088,2115.973019174219,0.8558308795008779,0.8558308795008779
0500000US48387,48,387,Red River,2684.7370199999996,33.961954,33.328938,-94.746096,-95.310475,3677.3023663837926,0.7300832927263831,0.7300832927263831
0500000US48395,48,395,Robertson,2216.21897,31.357129,30.69567,-96.24102,-96.829121,4121.628824054937,0.5377046465381717,0.5377046465381717
0500000US48399,48,399,Runnels,2721.94755,32.082638,31.576759,-99.713971,-100.235761,2772.9151306652093,0.9816194949129285,0.9816194949129285
0500000US48403,48,403,Sabine,1272.7000999999998,31.58621,31.134271,-93.599705,-94.044154,2120.7279486689044,0.6001241700043716,0.6001241700043716
0500000US48415,48,415,Scurry,2345.0999599999996,32.970225,32.525312,-100.65587,-101.174562,2399.8368646483273,0.9771914060265305,0.9771914060265305
0500000US48417,48,417,Shackelford,2368.00074,32.957037,32.514654,-99.096016,-99.612026,2374.1696429848207,0.9974016587217983,0.9974016587217983
0500000US48419,48,419,Shelby,2060.55997,31.979856,31.569419,-93.812477,-94.511431,3015.4251225751495,0.6833397899929605,0.6833397899929605
0500000US48423,48,423,Smith,2386.5658599999997,32.687026,32.135559,-94.985272,-95.594541,3507.1545179107884,0.6804849480717139,0.6804849480717139
0500000US48427,48,427,Starr,3168.03361,26.785694,26.250348,-98.32067,-99.172058,5042.602142199351,0.6282537310425703,0.6282537310425703
0500000US48431,48,431,Sterling,2391.73809,32.087208,31.556462,-100.821594,-101.26763,2487.068047371983,0.9616697430242346,0.9616697430242346
0500000US26017,26,017,Bay,1145.56218,43.996974,43.478957,-83.698816,-84.168127,2171.7897997361542,0.5274737822873887,0.5274737822873887
0500000US26019,26,019,Benzie,828.03336,44.778393,44.512969,-85.81512,-86.259029,1036.4755220650761,0.7988933094630393,0.7988933094630393
0500000US26021,26,021,Berrien,1470.46473,42.243379,41.759447,-86.22294,-86.824828,2676.2932206978817,0.5494408156130797,0.5494408156130797
0500000US26027,26,027,Cass,1269.26058,42.071484,41.759051,-85.760186,-86.226097,1339.3107775916678,0.9476968312629939,0.9476968312629939
0500000US26031,26,031,Cheboygan,1852.53376,45.787928,45.198718,-84.204218,-84.734412,2707.618329003441,0.6841930933012405,0.6841930933012405
0500000US26033,26,033,Chippewa,4036.3078,46.772845,45.912562,-83.473221,-85.237873,12957.840909502178,0.3114953971259298,0.3114953971259298
0500000US30109,30,109,Wibaux,2303.1963499999997,47.397461,46.641443,-104.045018,-104.607017,3581.4660249112167,0.6430875887080613,0.6430875887080613
0500000US31007,31,007,Banner,1932.43526,41.69921,41.393214,-103.369024,-104.052975,1936.6777154520687,0.9978094158784295,0.9978094158784295
0500000US31011,31,011,Boone,1778.1748599999999,41.916286,41.480727,-97.829846,-98.29576,1873.4544284649628,0.9491423079113638,0.9491423079113638
0500000US31013,31,013,Box Butte,2785.0088699999997,42.439934,42.00293,-102.697835,-103.444532,2987.8323260120833,0.9321168546687505,0.9321168546687505
0500000US31019,31,019,Buffalo,2507.4100799999997,41.047003,40.652722,-98.72143,-99.425986,2598.1138155108642,0.965088621226153,0.965088621226153
0500000US31025,31,025,Cass,1443.78514,41.065356,40.78396,-95.821193,-96.463861,1689.471783383483,0.8545778356289269,0.8545778356289269
0500000US31029,31,029,Chase,2316.5452099999998,40.698093,40.349213,-101.342788,-102.05184,2324.9678955405016,0.9963772895287469,0.9963772895287469
0500000US31033,31,033,Cheyenne,3098.38333,41.439053,41.001844,-102.609386,-103.382493,3143.5505200895395,0.9856317912497704,0.9856317912497704
0500000US31039,31,039,Cuming,1477.90321,42.090577,41.742018,-96.554866,-97.019911,1491.3708160871672,0.9909696462195087,0.9909696462195087
0500000US31045,31,045,Dawes,3616.84176,43.000879,42.437267,-102.773366,-103.5051,3746.3321730131283,0.9654354160194554,0.9654354160194554
0500000US31051,31,051,Dixon,1233.44088,42.758697,42.264104,-96.635982,-97.017789,1721.1286461114896,0.7166465346949443,0.7166465346949443
0500000US31057,31,057,Dundy,2381.96602,40.350553,40.002354,-101.323353,-102.052001,2396.8669847205797,0.9937831490793733,0.9937831490793733
0500000US31071,31,071,Garfield,1475.7560999999998,42.088518,41.740382,-98.759133,-99.222733,1484.9755247184587,0.9937915308602767,0.9937915308602767
0500000US31075,31,075,Grant,2010.42016,42.096338,41.742099,-101.42592,-102.067918,2092.302664720198,0.9608648853242518,0.9608648853242518
0500000US39023,39,023,Clark,1029.45507,40.040182,39.768778,-83.516155,-84.053736,1383.8574799742623,0.7439025224036411,0.7439025224036411
0500000US39025,39,025,Clermont,1170.939,39.270796,38.770475,-83.99312,-84.319936,1570.7160929953088,0.7454809976302301,0.7454809976302301
0500000US39029,39,029,Columbiana,1377.60287,40.901609,40.582496,-80.518991,-81.087289,1698.881162051163,0.8108883074180043,0.8108883074180043
0500000US39033,39,033,Crawford,1040.62574,40.996624,40.702915,-82.724792,-83.112737,1065.6760600641553,0.9764934945966157,0.9764934945966157
0500000US39037,39,037,Darke,1549.079,40.354259,39.916915,-84.425902,-84.812411,1597.873509842054,0.9694628457499884,0.9694628457499884
0500000US39041,39,041,Delaware,1147.62382,40.443989,40.125855,-82.744931,-83.248595,1511.312221486813,0.7593558787415745,0.7593558787415745
0500000US39043,39,043,Erie,651.53522,41.619629,41.283554,-82.342314,-82.952224,1899.5598536159134,0.34299273000519986,0.34299273000519986
0500000US39049,39,049,Franklin,1378.36692,40.143087,39.794996,-82.761827,-83.25383,1622.8627261589745,0.8493428912883764,0.8493428912883764
0500000US35019,35,019,Guadalupe,7848.94838,35.216345,34.34672,-104.124816,-105.312968,10492.774298188244,0.7480336617318886,0.7480336617318886
0500000US35021,35,021,Harding,5504.89478,36.218761,35.389722,-103.364975,-104.436121,8904.77247340669,0.6181960062921178,0.6181960062921178
0500000US35025,35,025,Lea,11372.513879999999,33.570599,32.000221,-103.05261,-103.8146,12438.110404501967,0.9143281021113724,0.9143281021113724
0500000US35033,35,033,Mora,5001.9996599999995,36.262245,35.754197,-104.327381,-105.72054,7079.254363377524,0.7065715403413668,0.7065715403413668
0500000US35039,35,039,Rio Arriba,15179.56783,37.000009,35.930783,-105.53038,-107.62425,22261.619524942827,0.6818716766312618,0.6818716766312618
0500000US47143,47,143,Rhea,816.82643,35.825,35.409288,-84.723853,-85.135191,1718.7507049443977,0.4752442734424505,0.4752442734424505
0500000US47147,47,147,Robertson,1233.58333,36.652125,36.349872,-86.564252,-87.120443,1670.8533773222064,0.7382953805180695,0.7382953805180695
0500000US47149,47,149,Rutherford,1604.15276,36.10061,35.618874,-86.153214,-86.686193,2572.8658285896195,0.6234886958249806,0.6234886958249806
0500000US47155,47,155,Sevier,1534.5749999999998,36.038486,35.562981,-83.250695,-83.794275,2592.026721029432,0.5920367207443519,0.5920367207443519
0500000US47161,47,161,Stewart,1189.6646999999998,36.678118,36.328724,-87.592358,-88.070532,1660.471427756572,0.7164620120006104,0.7164620120006104
0500000US47167,47,167,Tipton,1187.1679399999998,35.650361,35.374745,-89.469862,-90.179265,1967.8243043005587,0.6032896013152788,0.6032896013152788
0500000US47175,47,175,Van Buren,708.14485,35.822656,35.532977,-85.247784,-85.602876,1033.1183164111328,0.6854440955610659,0.6854440955610659
0500000US47177,47,177,Warren,1120.6412,35.839658,35.524095,-85.557535,-85.985062,1354.9385544779068,0.827078981771105,0.827078981771105
0500000US45055,45,055,Kershaw,1881.79558,34.614765,34.068972,-80.28688,-80.879227,3300.5683175157624,0.5701428963047098,0.5701428963047098
0500000US45061,45,061,Lee,1062.37656,34.366203,33.952002,-80.000594,-80.481318,2037.2085035521113,0.5214864154295558,0.5214864154295558
0500000US45065,45,065,McCormick,930.1466999999999,34.071925,33.589723,-82.04513,-82.597079,2733.5953563028434,0.34026495467054524,0.34026495467054524
0500000US45071,45,071,Newberry,1631.79583,34.533652,34.076552,-81.316911,-81.945019,2932.384275488797,0.5564740759387673,0.5564740759387673
0500000US45073,45,073,Oconee,1622.2050599999998,35.056021,34.474376,-82.840253,-83.352485,3026.21155349367,0.5360514396712328,0.5360514396712328
0500000US26041,26,041,Delta,3033.1386399999997,46.158945,45.550118,-86.459866,-87.367843,4760.450351071861,0.6371537178865985,0.6371537178865985
0500000US26043,26,043,Dickinson,1972.0259999999998,46.246794,45.72276,-87.615914,-88.13611,2341.999698555471,0.8420265814792085,0.8420265814792085
0500000US26047,26,047,Emmet,1210.80946,45.789301,45.278711,-84.732388,-85.119737,1712.946492253116,0.7068577246726298,0.7068577246726298
0500000US26051,26,051,Gladwin,1299.60761,44.161788,43.815218,-84.166107,-84.608104,1362.6960586750113,0.9537032133663365,0.9537032133663365
0500000US26065,26,065,Ingham,1440.3508,42.776639,42.421984,-84.140713,-84.602761,1491.4322555572312,0.965750066510298,0.965750066510298
0500000US26069,26,069,Iosco,1422.1586399999999,44.511734,44.161786,-83.31761,-83.886634,1760.998937636621,0.8075863134299403,0.8075863134299403
0500000US17131,17,131,Mercer,1453.51318,41.336089,41.063995,-90.433771,-91.114186,1722.347167178333,0.8439141699761058,0.8439141699761058
0500000US13191,13,191,McIntosh,1098.9344099999998,31.699575,31.294489,-81.177254,-81.663206,2075.3455609228076,0.5295187609678631,0.5295187609678631
0500000US31079,31,079,Hall,1414.88851,41.046674,40.698284,-98.282359,-98.721975,1431.9500534744584,0.9880850987553228,0.9880850987553228
0500000US31081,31,081,Hamilton,1406.05402,41.17375,40.698284,-97.825723,-98.282851,2030.1501794289877,0.6925862107381018,0.6925862107381018
0500000US31083,31,083,Harlan,1433.47694,40.35112,40.001865,-99.179133,-99.630459,1489.1257321191122,0.9626298901974377,0.9626298901974377
0500000US31087,31,087,Hitchcock,1838.75237,40.350553,40.002145,-100.758435,-101.325514,1866.5128664997444,0.9851270800228645,0.9851270800228645
0500000US31099,31,099,Kearney,1337.07196,40.689772,40.350391,-98.723948,-99.179403,1452.8439678327898,0.9203135296039484,0.9203135296039484
0500000US31101,31,101,Keith,2749.5439999999994,41.395416,41.00389,-101.249975,-102.055535,2934.191777703447,0.9370703104321392,0.9370703104321392
0500000US31105,31,105,Kimball,2465.28114,41.394633,41.001406,-103.37762,-104.053249,2471.6811137465443,0.9974106798361042,0.9974106798361042
0500000US31109,31,109,Lancaster,2169.24932,41.046116,40.523013,-96.463632,-96.913493,2203.0745729584814,0.9846463422647296,0.9846463422647296
0500000US31115,31,115,Loup,1471.8710999999998,42.088028,41.740326,-99.22183,-99.686959,1488.022161307669,0.9891459537850729,0.9891459537850729
0500000US31119,31,119,Madison,1483.40437,42.090922,41.742238,-97.36807,-97.834536,1496.4577189566696,0.9912771682144348,0.9912771682144348
0500000US28091,28,091,Marion,1404.77456,31.434093,31.001853,-89.654038,-90.040485,1766.255695247631,0.7953404276514161,0.7953404276514161
0500000US28097,28,097,Montgomery,1054.08079,33.677605,33.285515,-89.381092,-89.78689,1640.8354756945785,0.6424049245728304,0.6424049245728304
0500000US28101,28,101,Newton,1497.28936,32.576955,32.223472,-88.913847,-89.322692,1508.7170761739617,0.9924255406434838,0.9924255406434838
0500000US28109,28,109,Pearl River,2100.13517,31.013907,30.458773,-89.340806,-89.842596,2960.3935461870574,0.7094108054332651,0.7094108054332651
0500000US28119,28,119,Quitman,1048.98108,34.511088,34.0729,-90.134441,-90.450981,1416.8774230661966,0.7403470920793912,0.7403470920793912
0500000US28121,28,121,Rankin,2008.50615,32.586891,32.047072,-89.730063,-90.24538,2906.712215647486,0.6909889940902162,0.6909889940902162
0500000US28129,28,129,Smith,1647.8926799999997,32.223472,31.780653,-89.31656,-89.731059,1924.5558221469012,0.8562457170827733,0.8562457170827733
0500000US35041,35,041,Roosevelt,6338.8462899999995,34.605058,33.570256,-103.043516,-103.948839,9592.932014322463,0.6607829890315036,0.6607829890315036
0500000US35043,35,043,Sandoval,9610.583499999999,36.219799,35.215204,-106.244827,-107.62651,13933.825054596913,0.6897304553733699,0.6897304553733699
0500000US35049,35,049,Santa Fe,4945.382259999999,36.002356,35.040088,-105.714475,-106.248491,5171.155553298907,0.9563398758803772,0.9563398758803772
0500000US35057,35,057,Torrance,8663.14855,35.042093,34.259715,-105.290299,-106.469975,9387.555230386999,0.9228332976362009,0.9228332976362009
0500000US35061,35,061,Valencia,2761.3932499999996,34.958064,34.439797,-106.410974,-107.20441,4180.119035068295,0.6606015825946172,0.6606015825946172
0500000US36007,36,007,Broome,1827.93394,42.415702,41.998858,-75.359579,-76.130181,2941.897249342049,0.6213452697604632,0.6213452697604632
0500000US36011,36,011,Cayuga,1791.1973799999998,43.419137,42.623457,-76.265584,-76.73674,3388.8137180426484,0.5285617708826382,0.5285617708826382
0500000US36013,36,013,Chautauqua,2745.98534,42.569693,41.998527,-79.060777,-79.762152,3664.432295243858,0.7493617343030382,0.7493617343030382
0500000US36019,36,019,Clinton,2688.03668,45.01084,44.429699,-73.338634,-74.027392,3516.514887510526,0.7644036115265711,0.7644036115265711
0500000US36027,36,027,Dutchess,2060.6817,42.078778,41.438905,-73.487314,-74.000108,3026.342045413147,0.6809150020313326,0.6809150020313326
0500000US36033,36,033,Franklin,4219.41821,45.005915,44.09925,-73.909687,-74.72498,6512.94184470625,0.6478513566691161,0.6478513566691161
0500000US36035,36,035,Fulton,1283.26471,43.286143,42.982934,-74.097467,-74.759895,1812.2815355912655,0.7080934638454663,0.7080934638454663
0500000US36039,36,039,Greene,1676.1469899999997,42.464231,42.096589,-73.783721,-74.53731,2534.429998994441,0.6613506747730364,0.6613506747730364
0500000US40131,40,131,Rogers,1749.8868799999998,36.59763,36.0752,-95.32817,-95.8154,2535.2761656744506,0.6902154896149089,0.6902154896149089
0500000US40135,40,135,Sequoyah,1743.7718899999998,35.638894,35.295029,-94.431215,-95.132437,2428.1670006724617,0.7181433111960899,0.7181433111960899
0500000US40137,40,137,Stephens,2253.93196,34.681344,34.289182,-97.562323,-98.142148,2317.411774198202,0.9726074515953622,0.9726074515953622
0500000US40143,40,143,Tulsa,1476.9371399999998,36.423686,35.8559,-95.76165,-96.297888,3040.1670530799097,0.4858078895709877,0.4858078895709877
0500000US40145,40,145,Wagoner,1454.4274499999997,36.162823,35.787596,-95.207946,-95.819964,2297.855695168055,0.6329498641095603,0.6329498641095603
0500000US40149,40,149,Washita,2598.20253,35.465328,35.097352,-98.621054,-99.364217,2760.1803779655884,0.9413162091656577,0.9413162091656577
0500000US41003,41,003,Benton,1750.6871899999999,44.721191,44.283561,-123.073643,-123.816931,2868.525080446138,0.6103091801197421,0.6103091801197421
0500000US41005,41,005,Clackamas,4844.13398,45.461666,44.885734,-121.659355,-122.868009,6067.459683488863,0.7983792612882371,0.7983792612882371
0500000US41011,41,011,Coos,4134.08807,43.610319,42.666379,-123.701989,-124.479344,6620.2930644548715,0.6244569582873004,0.6244569582873004
0500000US41013,41,013,Crook,7715.832739999999,44.563954,43.698081,-119.655586,-121.107344,11155.48121316708,0.6916629226978409,0.6916629226978409
0500000US41021,41,021,Gilliam,3120.45531,45.812199,45.067761,-119.760125,-120.653559,5770.100392238935,0.540797403490096,0.540797403490096
0500000US41027,41,027,Hood River,1351.8479099999997,45.726541,45.258017,-121.440612,-121.922242,1955.8550018239068,0.6911800254821302,0.6911800254821302
0500000US26075,26,075,Jackson,1817.31494,42.424611,42.070366,-84.131136,-84.718493,1904.3788036763553,0.9542822764524155,0.9542822764524155
0500000US26079,26,079,Kalkaska,1450.05035,44.859608,44.511069,-84.847309,-85.334,1491.187366335663,0.9724132478155645,0.9724132478155645
0500000US26081,26,081,Kent,2193.59532,43.294271,42.768139,-85.309626,-85.790662,2287.434628629665,0.9589761790544015,0.9589761790544015
0500000US26087,26,087,Lapeer,1665.40626,43.327049,42.880432,-82.983647,-83.460733,1923.511672750399,0.8658155204323049,0.8658155204323049
0500000US26093,26,093,Livingston,1464.00786,42.783263,42.424149,-83.664808,-84.158189,1612.4804502198801,0.9079228587238783,0.9079228587238783
0500000US26095,26,095,Luce,2328.61202,46.755703,46.244631,-85.237839,-85.865025,2728.0920409021323,0.8535679827099854,0.8535679827099854
0500000US26099,26,099,Macomb,1241.18757,42.897541,42.447153,-82.707841,-83.102891,1617.480678676656,0.7673585139919441,0.7673585139919441
0500000US26101,26,101,Manistee,1404.16591,44.518278,44.164197,-85.817802,-86.386867,1781.7891571013993,0.788065133522468,0.788065133522468
0500000US26115,26,115,Monroe,1422.93046,42.094234,41.72391,-83.181475,-83.773922,2018.8069906438475,0.7048372957863557,0.7048372957863557
0500000US28137,28,137,Tate,1048.32581,34.772506,34.554274,-89.668448,-90.239971,1268.419644637,0.8264818464712544,0.8264818464712544
0500000US28141,28,141,Tishomingo,1098.8178599999999,34.995634,34.463087,-88.097888,-88.365472,1448.0427872907806,0.7588296904236069,0.7588296904236069
0500000US28143,28,143,Tunica,1177.5901199999998,34.860563,34.423807,-90.198536,-90.576543,1679.4220347578284,0.7011877274611367,0.7011877274611367
0500000US28153,28,153,Wayne,2099.8424999999997,31.893759,31.433458,-88.449446,-88.943468,2393.104041178128,0.8774555823182032,0.8774555823182032
0500000US28155,28,155,Webster,1090.2346,33.73943,33.459806,-89.018613,-89.507135,1406.8090245561089,0.7749698651130008,0.7749698651130008
0500000US28157,28,157,Wilkinson,1756.2945399999999,31.360862,30.998857,-91.059431,-91.636942,2211.5093077091024,0.7941610437169453,0.7941610437169453
0500000US28163,28,163,Yazoo,2390.43273,33.010596,32.507574,-89.965882,-90.759753,4152.202324436005,0.5757023726739262,0.5757023726739262
0500000US29007,29,007,Audrain,1792.8886499999999,39.347795,39.059057,-91.409033,-92.314471,2504.855976234315,0.7157651645486404,0.7157651645486404
0500000US29017,29,017,Bollinger,1600.3765399999997,37.599286,37.041205,-89.861123,-90.22323,1987.0662407534662,0.8053966733354397,0.8053966733354397
0500000US29023,29,023,Butler,1799.1927099999998,36.92649,36.497771,-90.14002,-90.678562,2288.4780461294654,0.786196185295725,0.786196185295725
0500000US29029,29,029,Camden,1698.8405699999998,38.263092,37.80047,-92.406275,-93.077692,3025.048962986552,0.5615910984537515,0.5615910984537515
0500000US29035,29,035,Carter,1314.0649899999999,37.095677,36.811453,-90.662617,-91.224825,1578.8544314351132,0.8322901490073212,0.8322901490073212
0500000US29041,29,041,Chariton,1945.55879,39.706709,39.222339,-92.689331,-93.278098,2722.188101089787,0.7147040240243225,0.7147040240243225
0500000US29045,29,045,Clark,1307.15228,40.61364,40.248874,-91.419422,-91.950812,1824.2659189177632,0.716536041398757,0.716536041398757
0500000US36041,36,041,Hamilton,4447.99607,44.120552,43.221403,-74.047062,-74.867712,6599.10452473674,0.6740302496083657,0.6740302496083657
0500000US36045,36,045,Jefferson,3285.6480999999994,44.403282,43.668143,-75.446124,-76.366972,6017.250577741965,0.5460381045379321,0.5460381045379321
0500000US36051,36,051,Livingston,1636.26617,42.988372,42.471216,-77.486875,-78.048247,2636.758503031894,0.6205597395887901,0.6205597395887901
0500000US36055,36,055,Monroe,1702.16095,43.369159,42.943164,-77.371478,-77.99729,2404.5796817132473,0.7078829464229779,0.7078829464229779
0500000US36059,36,059,Nassau,737.41444,40.922801,40.582804,-73.423269,-73.768431,1099.1833919743303,0.6708748015883605,0.6708748015883605
0500000US36063,36,063,Niagara,1352.90981,43.374763,43.030139,-78.460416,-79.070469,1894.8505739529746,0.7139928755319236,0.7139928755319236
0500000US36071,36,071,Orange,2102.26674,41.632738,41.142883,-73.953307,-74.75595,3647.2606761337897,0.5763960754865672,0.5763960754865672
0500000US36073,36,073,Orleans,1013.36081,43.376505,43.128619,-77.995591,-78.466429,1051.0628142067997,0.9641296374515428,0.9641296374515428
0500000US36075,36,075,Oswego,2464.7735,43.707018,43.155562,-75.756213,-76.617109,4262.720640543798,0.5782160521045937,0.5782160521045937
0500000US48435,48,435,Sutton,3765.6683399999997,30.710366,30.287776,-100.116234,-100.960643,3801.6030414611255,0.9905474871865332,0.9905474871865332
0500000US48437,48,437,Swisher,2305.51181,34.74819,34.31229,-101.471562,-101.998493,2339.627982156531,0.9854181209932852,0.9854181209932852
0500000US48441,48,441,Taylor,2371.27968,32.522793,32.081274,-99.629579,-100.151911,2410.169664871606,0.9838642127820169,0.9838642127820169
0500000US48447,48,447,Throckmorton,2363.50968,33.399023,32.956918,-98.950875,-99.472444,2386.2703129878014,0.9904618379301282,0.9904618379301282
0500000US48451,48,451,Tom Green,3941.90748,31.705418,31.086576,-100.111234,-101.267947,7554.788725232438,0.5217760050435718,0.5217760050435718
0500000US48453,48,453,Travis,2564.62318,30.628249,30.024499,-97.369539,-98.172977,5176.921431105857,0.49539542257494984,0.49539542257494984
0500000US48457,48,457,Tyler,2394.45759,31.058952,30.526033,-94.05096,-94.657992,3435.968512440402,0.6968799572320099,0.6968799572320099
0500000US48467,48,467,Van Zandt,2182.2226299999998,32.838489,32.355233,-95.449165,-96.076801,3159.479518254634,0.6906905448798438,0.6906905448798438
0500000US48469,48,469,Victoria,2284.7503699999997,29.104046,28.499639,-96.645867,-97.305916,4322.38292153887,0.5285858313512342,0.5285858313512342
0500000US48477,48,477,Washington,1564.2408599999999,30.3843,30.044283,-96.085893,-96.794552,2574.525697363895,0.6075840927133318,0.6075840927133318
0500000US48483,48,483,Wheeler,2368.6145699999997,35.619296,35.182702,-100.000385,-100.540158,2375.0859776495954,0.9972752954164633,0.9972752954164633
0500000US48485,48,485,Wichita,1625.9398399999998,34.195621,33.834,-98.423577,-98.953088,1962.4451384251506,0.8285275385098438,0.8285275385098438
0500000US48489,48,489,Willacy,1529.5348599999998,26.611769,26.299304,-97.382485,-98.004189,2150.377475851731,0.7112866820715626,0.7112866820715626
0500000US48499,48,499,Wood,1671.15606,33.01345,32.543957,-95.15211,-95.665389,2505.1207681265983,0.6670960064131913,0.6670960064131913
0500000US49001,49,001,Beaver,6707.7892,38.576529,38.147334,-112.335369,-114.050154,7135.25058440519,0.940091608647992,0.940091608647992
0500000US49007,49,007,Carbon,3829.2968699999997,39.813269,39.467533,-109.884708,-111.247502,4486.130351104637,0.8535857343193555,0.8535857343193555
0500000US26071,26,071,Iron,3020.3259099999996,46.420139,45.918562,-88.116571,-88.991236,3756.532849710384,0.804019565603654,0.804019565603654
0500000US26125,26,125,Oakland,2247.24717,42.888647,42.431179,-83.083393,-83.689384,2520.6581470252772,0.8915319090976539,0.8915319090976539
0500000US26131,26,131,Ontonagon,3396.0727499999994,47.0322,46.332963,-88.863906,-89.888687,6078.1733581494445,0.5587324595549155,0.5587324595549155
0500000US26135,26,135,Oscoda,1465.24329,44.856458,44.507223,-83.886634,-84.371757,1489.4412144831542,0.9837536894723629,0.9837536894723629
0500000US26145,26,145,Saginaw,2072.29526,43.568899,43.128452,-83.695621,-84.369876,2670.1503851846796,0.7760968339079788,0.7760968339079788
0500000US26147,26,147,St. Clair,1867.8302999999999,43.168946,42.518597,-82.415937,-82.996257,3421.460698309263,0.5459160471792063,0.5459160471792063
0500000US26157,26,157,Tuscola,2080.0989299999997,43.72892,43.221422,-83.103826,-83.699368,2711.797029775336,0.7670555381397145,0.7670555381397145
0500000US29047,29,047,Clay,1029.00182,39.456155,39.113444,-94.210642,-94.607354,1301.1262866178754,0.7908546853470843,0.7908546853470843
0500000US29051,29,051,Cole,1019.8125,38.73913,38.335536,-91.944238,-92.495185,2150.522044102981,0.474216250326967,0.474216250326967
0500000US29055,29,055,Crawford,1923.11903,38.210975,37.69734,-91.095765,-91.535333,2201.170941654405,0.8736800007702171,0.8736800007702171
0500000US29057,29,057,Dade,1269.1310799999999,37.58157,37.282011,-93.616033,-94.083833,1375.8659684929407,0.9224234838733214,0.9224234838733214
0500000US29061,29,061,Daviess,1458.7916,40.136626,39.784674,-93.758992,-94.2188,1533.6790718765862,0.9511713543923143,0.9511713543923143
0500000US29067,29,067,Douglas,2107.3068799999996,37.070651,36.794011,-92.088708,-92.909336,2243.709809647485,0.9392065190155245,0.9392065190155245
0500000US29073,29,073,Gasconade,1341.10977,38.709778,38.15249,-91.367482,-91.644893,1497.3794706477574,0.8956378768969258,0.8956378768969258
0500000US29077,29,077,Greene,1749.0373599999998,37.427423,37.088694,-93.065274,-93.625844,1868.6176642772577,0.9360060077760696,0.9360060077760696
0500000US29079,29,079,Grundy,1127.36484,40.266314,39.959552,-93.361951,-93.764021,1166.2941584859593,0.9666213551678112,0.9666213551678112
0500000US29087,29,087,Holt,1198.3748699999999,40.264443,39.861883,-94.993348,-95.552473,2129.9115350127145,0.5626406779344694,0.5626406779344694
0500000US37011,37,011,Avery,639.9553299999999,36.28711,35.91152,-81.735974,-82.080518,1292.8221646242491,0.49500646532154635,0.49500646532154635
0500000US37013,37,013,Beaufort,2142.42728,35.733026,35.216045,-76.467761,-77.19123,3766.0651386614923,0.5688768518649271,0.5688768518649271
0500000US37019,37,019,Brunswick,2193.66007,34.357007,33.844517,-77.937313,-78.6505,3742.110282662676,0.5862093589714075,0.5862093589714075
0500000US37025,37,025,Cabarrus,936.9299100000001,35.507163,35.184048,-80.295236,-80.784339,1593.846279394124,0.5878420786954182,0.5878420786954182
0500000US13223,13,223,Paulding,808.64721,34.082497,33.774758,-84.723969,-85.05031,1030.2993598593155,0.7848662646072289,0.7848662646072289
0500000US36081,36,081,Queens,281.09788,40.805077,40.545175,-73.700582,-73.962795,639.0618322887876,0.43986022290402377,0.43986022290402377
0500000US36087,36,087,Rockland,449.4945,41.324693,40.997197,-73.88718,-74.234473,1058.7391046533635,0.4245564351258819,0.4245564351258819
0500000US36089,36,089,St. Lawrence,6942.1764299999995,45.01585,44.0504,-74.525683,-75.86006,11354.53920150549,0.6114009830605492,0.6114009830605492
0500000US36093,36,093,Schenectady,529.6964399999999,42.955868,42.71427,-73.809369,-74.272295,1014.0646089746291,0.5223497943938722,0.5223497943938722
0500000US36099,36,099,Seneca,838.3959499999999,43.024035,42.541537,-76.585989,-76.971392,1687.475420612802,0.49683446630324174,0.49683446630324174
0500000US36103,36,103,Suffolk,2362.21209,41.290122,40.609869,-71.856214,-73.497061,10423.563195079823,0.22662232154116185,0.22662232154116185
0500000US36107,36,107,Tioga,1343.1791799999999,42.410337,41.998346,-76.081134,-76.557624,1797.9828951253835,0.7470478076524373,0.7470478076524373
0500000US36117,36,117,Wayne,1563.90934,43.343686,43.012463,-76.705345,-77.376038,2002.9939782938463,0.7807858420683523,0.7807858420683523
0500000US42017,42,017,Bucks,1565.1551299999999,40.60858,40.048872,-74.721604,-75.484057,4022.489993345306,0.38910106242385895,0.38910106242385895
0500000US42023,42,023,Cameron,1026.23829,41.618157,41.216931,-77.988786,-78.420028,1604.3114276252056,0.6396752353245386,0.6396752353245386
0500000US45079,45,079,Richland,1960.8061199999997,34.26876,33.743237,-80.616186,-81.345328,3927.50736039336,0.4992495086765706,0.4992495086765706
0500000US45083,45,083,Spartanburg,2092.52834,35.196044,34.594549,-81.711694,-82.225698,3135.3557341779024,0.6673974238998643,0.6673974238998643
0500000US45085,45,085,Sumter,1722.5209399999999,34.168696,33.643911,-79.893517,-80.633545,3985.2135866485996,0.43222801050635007,0.43222801050635007
0500000US45089,45,089,Williamsburg,2419.47181,33.885245,33.304944,-79.317041,-80.101697,4689.543268163766,0.5159290940815578,0.5159290940815578
0500000US46005,46,005,Beadle,3260.0589,44.634159,44.195233,-97.853028,-98.705762,3305.609010545357,0.9862203574590808,0.9862203574590808
0500000US46011,46,011,Brookings,2051.81354,44.543773,44.195705,-96.451816,-97.129671,2085.362247445223,0.9839122879076172,0.9839122879076172
0500000US46019,46,019,Butte,5827.238409999999,45.212891,44.571016,-102.957281,-104.057698,6186.985012829533,0.9418542954147211,0.9418542954147211
0500000US46023,46,023,Charles Mix,2842.49133,43.499856,42.831899,-98.069044,-99.304332,7441.097410062091,0.381998940929908,0.381998940929908
0500000US46033,46,033,Custer,4032.6351799999998,43.855415,43.476847,-102.687192,-104.055138,4631.769684043914,0.8706467408973538,0.8706467408973538
0500000US46039,46,039,Deuel,1612.75674,44.977494,44.543639,-96.45138,-96.885504,1653.5632963877426,0.9753220475582122,0.9753220475582122
0500000US46041,46,041,Dewey,5963.45946,45.472904,44.724153,-100.260223,-101.500988,8108.338813326453,0.7354724065302699,0.7354724065302699
0500000US46045,46,045,Edmunds,2916.2260399999996,45.593391,45.243764,-98.722174,-99.708987,2994.3271236850255,0.9739169835295386,0.9739169835295386
0500000US46051,46,051,Grant,1764.9762199999998,45.32688,44.97687,-96.452026,-97.226281,2363.0107303274863,0.7469184110541023,0.7469184110541023
0500000US46059,46,059,Hand,3720.82767,44.897227,44.19483,-98.700453,-99.311754,3783.5990238931417,0.9834096178012667,0.9834096178012667
0500000US26159,26,159,Van Buren,1573.3576600000001,42.420669,42.069327,-85.762943,-86.36488,1935.7342122472555,0.8127963281557332,0.8127963281557332
0500000US26163,26,163,Wayne,1585.2872,42.451235,42.029367,-82.870347,-83.551907,2631.948128443839,0.6023246365943064,0.6023246365943064
0500000US27001,27,001,Aitkin,4718.10717,47.030418,46.153991,-93.053871,-93.811464,5641.481174307609,0.8363241893790532,0.8363241893790532
0500000US27003,27,003,Anoka,1095.5959,45.414798,45.035365,-93.019439,-93.512554,1629.393046847792,0.6723950995860264,0.6723950995860264
0500000US27011,27,011,Big Stone,1292.46698,45.586129,45.176675,-96.103614,-96.835451,2602.3421524689743,0.49665528369271916,0.49665528369271916
0500000US27017,27,017,Carlton,2230.9767899999997,46.76655,46.41722,-92.291597,-93.061529,2285.261048984755,0.9762459264735329,0.9762459264735329
0500000US27025,27,025,Chisago,1074.49258,45.730657,45.296046,-92.664102,-93.141974,1799.4558450091142,0.5971208368241777,0.5971208368241777
0500000US27035,27,035,Crow Wing,2587.65605,46.80553,46.156585,-93.776024,-94.374592,3307.148274519515,0.7824433122448834,0.7824433122448834
0500000US27037,27,037,Dakota,1456.01512,44.919648,44.471871,-92.732042,-93.329615,2351.8070707100387,0.6191048314011623,0.6191048314011623
0500000US27041,27,041,Douglas,1650.6069999999997,46.10745,45.758891,-95.13967,-95.76975,1888.5900154166134,0.8739890534875481,0.8739890534875481
0500000US27043,27,043,Faribault,1845.3128399999998,43.848139,43.49952,-93.64829,-94.247965,1869.586280887208,0.9870166778953421,0.9870166778953421
0500000US27045,27,045,Fillmore,2230.767,43.848274,43.50042,-91.730217,-92.449087,2236.259174902879,0.9975440347145283,0.9975440347145283
0500000US27053,27,053,Hennepin,1433.80069,45.246618,44.791086,-93.178539,-93.767367,2344.3335597258183,0.6116026808777546,0.6116026808777546
0500000US27059,27,059,Isanti,1128.7064599999999,45.734318,45.41177,-93.019563,-93.513683,1379.4152612484704,0.8182499438047677,0.8182499438047677
0500000US37035,37,035,Catawba,1032.68739,35.827434,35.54781,-80.924548,-81.534359,1712.413002411272,0.6030597691946155,0.6030597691946155
0500000US37037,37,037,Chatham,1766.8591499999998,35.876788,35.515085,-78.90617,-79.555896,2359.8022609005484,0.7487318659173292,0.7487318659173292
0500000US37039,37,039,Cherokee,1179.55334,35.291049,34.987321,-83.702521,-84.321869,1902.015677310349,0.6201596306861218,0.6201596306861218
0500000US37041,37,041,Chowan,446.70507000000003,36.351892,36.00564,-76.411844,-76.736326,1121.3038500315822,0.39838003765653557,0.39838003765653557
0500000US37047,37,047,Columbus,2427.58887,34.482668,33.944035,-78.16235,-79.071169,5005.171090040196,0.4850161615515334,0.4850161615515334
0500000US37059,37,059,Davie,684.03195,36.051114,35.742811,-80.365681,-80.70767,1056.0500932149682,0.6477268023504255,0.6477268023504255
0500000US37061,37,061,Duplin,2114.00721,35.192769,34.72064,-77.67149,-78.200473,2530.8501622229123,0.8352952859695226,0.8352952859695226
0500000US37065,37,065,Edgecombe,1308.82024,36.152981,35.677321,-77.342462,-77.828444,2314.7862962424974,0.5654173096343956,0.5654173096343956
0500000US37069,37,069,Franklin,1273.45638,36.266159,35.81773,-78.006554,-78.546497,2420.684096162238,0.5260729320355939,0.5260729320355939
0500000US37071,37,071,Gaston,922.10993,35.419616,35.146042,-80.955388,-81.456505,1383.6944377934267,0.66641153192065,0.66641153192065
0500000US37075,37,075,Graham,756.48461,35.464143,35.216929,-83.585544,-84.038081,1128.3494743594238,0.6704346722272942,0.6704346722272942
0500000US37077,37,077,Granville,1376.7663,36.542474,36.021804,-78.45697,-78.804983,1806.023873276974,0.762318992772726,0.762318992772726
0500000US37083,37,083,Halifax,1875.38274,36.506849,36.004933,-77.230694,-78.006554,3882.6295436188957,0.4830187168080954,0.4830187168080954
0500000US37087,37,087,Haywood,1434.0622799999999,35.7941,35.291868,-82.744383,-83.255489,2582.489491929238,0.555302271115415,0.555302271115415
0500000US42027,42,027,Centre,2874.69539,41.252752,40.691557,-77.14416,-78.376518,6456.294613542397,0.4452546796687661,0.4452546796687661
0500000US42029,42,029,Chester,1943.81572,40.241863,39.721556,-75.361066,-76.135584,3817.9575746882615,0.5091244944382898,0.5091244944382898
0500000US42033,42,033,Clearfield,2964.82998,41.253778,40.72435,-78.038203,-78.806363,3795.597064646747,0.781123477941127,0.781123477941127
0500000US42039,42,039,Crawford,2621.85182,41.850056,41.480395,-79.612072,-80.519424,3098.094961822801,0.846278713954398,0.846278713954398
0500000US42045,42,045,Delaware,476.15336999999994,40.065543,39.801786,-75.210972,-75.594846,959.9283904783201,0.4960300942476957,0.4960300942476957
0500000US42049,42,049,Erie,2069.80886,42.26986,41.849563,-79.610839,-80.519425,3505.5648475487887,0.5904351937597964,0.5904351937597964
0500000US42051,42,051,Fayette,2046.97801,40.142801,39.720713,-79.293682,-79.998014,2818.6300261669658,0.7262315348224934,0.7262315348224934
0500000US42055,42,055,Franklin,2000.06016,40.289825,39.720017,-77.459427,-78.09914,3452.2778281401074,0.5793450757923269,0.5793450757923269
0500000US42061,42,061,Huntingdon,2265.31501,40.743681,40.061568,-77.681334,-78.257305,3699.1364156697086,0.6123902325969984,0.6123902325969984
0500000US42067,42,067,Juniata,1013.5965,40.693595,40.263576,-76.939749,-77.75212,3285.4607165259413,0.30850969999476385,0.30850969999476385
0500000US42073,42,073,Lawrence,927.6732499999999,41.126492,40.851339,-80.096861,-80.51979,1086.0887892165858,0.8541412628604207,0.8541412628604207
0500000US42079,42,079,Luzerne,2305.96247,41.427246,40.901986,-75.600736,-76.317916,3506.4218693362186,0.6576397695228068,0.6576397695228068
0500000US41029,41,029,Jackson,7209.389319999999,42.996556,42.003,-122.281856,-123.230764,8594.380717714725,0.8388491919074538,0.8388491919074538
0500000US41033,41,033,Josephine,4246.7401199999995,42.784234,41.995473,-123.229857,-124.041983,5849.665196203633,0.7259800309180235,0.7259800309180235
0500000US41039,41,039,Lane,11792.578209999998,44.290548,43.437142,-121.76855,-124.158684,18183.330087608083,0.6485378725009576,0.6485378725009576
0500000US41043,41,043,Linn,5931.434109999999,44.791564,44.200021,-121.794077,-123.260338,7649.626150152746,0.7753887567278777,0.7753887567278777
0500000US41049,41,049,Morrow,5261.86731,45.925456,44.993525,-119.14537,-120.00674,6961.677501622215,0.7558332469112331,0.7558332469112331
0500000US41051,41,051,Multnomah,1117.05923,45.728598,45.432718,-121.820394,-122.929214,2839.135402020778,0.3934504952475757,0.3934504952475757
0500000US41059,41,059,Umatilla,8328.16831,46.000994,44.995887,-117.972922,-119.434639,12732.538582256399,0.6540854564231072,0.6540854564231072
0500000US41065,41,065,Wasco,6168.134209999999,45.704949,44.821568,-120.371422,-121.805051,11021.279483817229,0.5596568183446212,0.5596568183446212
0500000US41071,41,071,Yamhill,1854.0774,45.43384,45.075108,-122.849723,-123.784794,2919.6626417620123,0.635031381187611,0.635031381187611
0500000US27063,27,063,Jackson,1820.72338,43.848099,43.50024,-94.854444,-95.454433,1866.4767767705393,0.9754867580781241,0.9754867580781241
0500000US27065,27,065,Kanabec,1350.9077399999999,46.15812,45.730657,-93.053871,-93.51808,1706.0414474174856,0.7918375852151376,0.7918375852151376
0500000US27069,27,069,Kittson,2845.90236,49.000687,48.543963,-96.387835,-97.239155,3168.3772358208366,0.8982208077450435,0.8982208077450435
0500000US29105,29,105,Laclede,1980.6170299999999,37.895736,37.472944,-92.248865,-92.855384,2509.1824617630577,0.7893475505198353,0.7893475505198353
0500000US29111,29,111,Lewis,1308.0587799999998,40.25721,39.945538,-91.455887,-91.952726,1464.5092464109648,0.8931720869674438,0.8931720869674438
0500000US29119,29,119,McDonald,1397.2531999999999,36.76656,36.498587,-94.068898,-94.618307,1460.800467390286,0.956498324850749,0.956498324850749
0500000US29125,29,125,Maries,1364.87561,38.292237,38.010639,-91.630554,-92.195675,1547.3002495699802,0.8821013312570207,0.8821013312570207
0500000US29129,29,129,Mercer,1175.43265,40.580481,40.263988,-93.366935,-93.774344,1213.7062392906462,0.9684655248101753,0.9684655248101753
0500000US29139,29,139,Montgomery,1388.8797299999999,39.147853,38.676882,-91.260232,-91.647171,1753.2596622662788,0.7921700133137848,0.7921700133137848
0500000US29141,29,141,Morgan,1547.8642899999998,38.693077,38.189534,-92.625189,-93.077692,2206.610387323743,0.7014669643956972,0.7014669643956972
0500000US29147,29,147,Nodaway,2271.33676,40.578528,40.126127,-94.598487,-95.202264,2573.766641862712,0.8824952204509753,0.8824952204509753
0500000US29153,29,153,Ozark,1929.4774799999998,36.806097,36.497711,-92.112346,-92.772341,2018.9719132510552,0.9556732648613488,0.9556732648613488
0500000US29157,29,157,Perry,1228.57686,37.905572,37.566208,-89.506563,-90.147306,2126.2236904606084,0.5778210756996366,0.5778210756996366
0500000US29161,29,161,Phelps,1739.9205599999998,38.153519,37.598863,-91.525025,-92.029258,2729.531715856544,0.6374428807301848,0.6374428807301848
0500000US29167,29,167,Polk,1646.00457,37.829435,37.417204,-93.175222,-93.628404,1829.4953376013077,0.8997041622189175,0.8997041622189175
0500000US37095,37,095,Hyde,1586.893,35.705233,35.326411,-75.869869,-76.638031,2928.5917183740025,0.5418621482959962,0.5418621482959962
0500000US37099,37,099,Jackson,1271.0554499999998,35.514573,35.000768,-82.920819,-83.351373,2233.500344219805,0.5690867490974122,0.5690867490974122
0500000US37105,37,105,Lee,660.34381,35.628215,35.306976,-78.969761,-79.350009,1230.061735571224,0.536837941465877,0.536837941465877
0500000US37111,37,111,McDowell,1141.17472,35.959448,35.524565,-81.824184,-82.290797,2036.4375451464475,0.5603779613668113,0.5603779613668113
0500000US37115,37,115,Madison,1164.3863,36.065805,35.67819,-82.408728,-82.964108,2156.8604197055074,0.5398524120346102,0.5398524120346102
0500000US37121,37,121,Mitchell,573.49075,36.159012,35.824446,-81.981723,-82.416857,1456.392849566063,0.3937747635679985,0.3937747635679985
0500000US37129,37,129,New Hanover,496.07305999999994,34.389359,33.928645,-77.715916,-78.029922,1480.124274925113,0.33515635707352937,0.33515635707352937
0500000US37135,37,135,Orange,1030.71122,36.243866,35.863201,-78.95079,-79.259481,1174.6265213679042,0.877479948945552,0.877479948945552
0500000US37139,37,139,Pasquotank,587.6192,36.510536,36.116333,-76.0471,-76.491477,1745.272966344314,0.33669185928596584,0.33669185928596584
0500000US37143,37,143,Perquimans,639.96051,36.378042,36.075376,-76.19051,-76.589897,1205.6802133439076,0.5307879344101486,0.5307879344101486
0500000US37147,37,147,Pitt,1688.61525,35.83292,35.327988,-77.087521,-77.700502,3112.433253005835,0.5425386225935025,0.5425386225935025
0500000US37153,37,153,Richmond,1227.19639,35.183418,34.804973,-79.459176,-80.07539,2362.109420868647,0.5195340991226005,0.5195340991226005
0500000US42085,42,085,Mercer,1741.96925,41.490049,41.069804,-79.999779,-80.519345,2028.802303228618,0.8586195151828474,0.8586195151828474
0500000US42089,42,089,Monroe,1575.4607399999998,41.252101,40.814746,-74.980674,-75.649637,2728.762810056785,0.5773534930165715,0.5773534930165715
0500000US42095,42,095,Northampton,957.4478899999999,40.968313,40.537057,-75.051029,-75.608985,2253.759540059939,0.42482255670209457,0.42482255670209457
0500000US42101,42,101,Philadelphia,347.32158999999996,40.137992,39.865706,-74.956164,-75.276482,826.0752274312445,0.42044789441274955,0.42044789441274955
0500000US42109,42,109,Snyder,851.3459499999999,40.888023,40.638378,-76.798714,-77.356628,1304.351345400977,0.6526968005988322,0.6526968005988322
0500000US42111,42,111,Somerset,2782.62866,40.285089,39.72134,-78.658409,-79.417558,4053.36508604902,0.6864984034074121,0.6864984034074121
0500000US42115,42,115,Susquehanna,2132.69665,41.999259,41.64141,-75.462411,-76.145519,2252.4513771053753,0.946833601682771,0.946833601682771
0500000US42119,42,119,Union,818.39338,41.13907,40.807334,-76.800242,-77.36418,1746.4286835626128,0.4686096762511511,0.4686096762511511
0500000US42121,42,121,Venango,1746.39556,41.624559,41.171861,-79.477822,-79.99978,2191.551524178031,0.7968763411369065,0.7968763411369065
0500000US42125,42,125,Washington,2219.60151,40.477717,39.962199,-79.870585,-80.519218,3156.909007339336,0.703093280433412,0.703093280433412
0500000US42133,42,133,York,2341.82879,40.226328,39.720128,-76.239805,-77.137425,4305.350931980199,0.543934472938052,0.543934472938052
0500000US49009,49,009,Daggett,1805.17561,41.001459,40.662602,-109.048296,-110.000709,3019.2261529911316,0.5978934728727168,0.5978934728727168
0500000US49013,49,013,Duchesne,8394.04755,40.834228,39.805979,-109.967601,-110.901931,9056.70753940324,0.9268321311558103,0.9268321311558103
0500000US49019,49,019,Grand,9509.29637,39.497674,38.499981,-109.051363,-110.179252,10812.814082171875,0.8794469504177354,0.8794469504177354
0500000US49023,49,023,Juab,8786.00002,40.011569,39.314455,-111.585068,-114.047728,16340.346748278678,0.5376874894607443,0.5376874894607443
0500000US48001,48,001,Anderson,2752.13918,32.084475,31.504056,-95.258859,-96.062172,4899.894697508491,0.5616731276693382,0.5616731276693382
0500000US48013,48,013,Atascosa,3158.6189600000002,29.250693,28.612658,-98.098315,-98.8049,4878.4711891414,0.6474608207240249,0.6474608207240249
0500000US48015,48,015,Austin,1674.45572,30.09615,29.601658,-96.02485,-96.62198,3166.5606484332593,0.52879319422746,0.52879319422746
0500000US48017,48,017,Bailey,2141.40423,34.312891,33.824675,-102.61515,-103.047346,2161.148822605097,0.9908638440821044,0.9908638440821044
0500000US48023,48,023,Baylor,2246.7783799999997,33.834005,33.397534,-98.953088,-99.47565,2348.4851124495813,0.9566926220181585,0.9566926220181585
0500000US48025,48,025,Bee,2279.81901,28.719648,28.129683,-97.375579,-98.089764,4581.569294454729,0.49760657614834364,0.49760657614834364
0500000US48029,48,029,Bexar,3211.1337999999996,29.760713,29.114435,-98.126767,-98.806552,4730.6840208395015,0.6787884766461649,0.6787884766461649
0500000US48033,48,033,Borden,2324.3773699999997,32.963597,32.524112,-101.173378,-101.691284,2367.070431500536,0.9819637553101991,0.9819637553101991
0500000US48035,48,035,Bosque,2545.91302,32.203581,31.587762,-97.277265,-98.005462,4707.438466211262,0.5408276790602543,0.5408276790602543
0500000US48039,48,039,Brazoria,3516.44559,29.596514,28.824755,-95.056528,-95.874028,6808.7555666767175,0.5164593669965363,0.5164593669965363
0500000US29171,29,171,Putnam,1339.85103,40.589564,40.342736,-92.667478,-93.374386,1641.3177007547904,0.8163264366087349,0.8163264366087349
0500000US29175,29,175,Randolph,1250.15156,39.610371,39.246454,-92.300871,-92.707367,1412.803708671666,0.884872790414322,0.884872790414322
0500000US29177,29,177,Ray,1473.2049499999998,39.5272,39.143507,-93.758463,-94.212515,1666.0637767387022,0.8842428306578869,0.8842428306578869
0500000US29181,29,181,Ripley,1630.50083,36.823672,36.497712,-90.57618,-91.126529,1779.2944964264775,0.9163749077371319,0.9163749077371319
0500000US29186,29,186,Ste. Genevieve,1292.80627,38.12199,37.669628,-89.938191,-90.459133,2299.288769285734,0.562263551785888,0.562263551785888
0500000US29187,29,187,St. Francois,1170.38733,38.076548,37.641618,-90.110537,-90.647874,2281.396450514064,0.5130135666408521,0.5130135666408521
0500000US29197,29,197,Schuyler,795.91477,40.597273,40.343466,-92.349975,-92.714598,870.4737583232011,0.9143466559327136,0.9143466559327136
0500000US29203,29,203,Shannon,2599.8938,37.422731,36.883857,-91.017766,-91.658111,3400.489063233823,0.764564670449942,0.764564670449942
0500000US29207,29,207,Stoddard,2132.14498,37.127353,36.627453,-89.68662,-90.258563,2827.8278500687666,0.7539868383247413,0.7539868383247413
0500000US29213,29,213,Taney,1638.00924,36.816866,36.497772,-92.764869,-93.315324,1742.2274683215069,0.9401810439701582,0.9401810439701582
0500000US29219,29,219,Warren,1110.07659,38.992762,38.547545,-90.958536,-91.418637,1974.7067029036118,0.5621475778492784,0.5621475778492784
0500000US29225,29,225,Webster,1534.73558,37.487444,37.067051,-92.685867,-93.07338,1602.7616974309537,0.9575569359188008,0.9575569359188008
0500000US29510,29,510,St. Louis,160.34430999999998,38.770618,38.532008,-90.165082,-90.306433,325.6776380912934,0.492340557797378,0.492340557797378
0500000US30003,30,003,Big Horn,12938.24658,46.043627,44.993788,-106.263586,-108.699552,22155.239555819146,0.5839813443408121,0.5839813443408121
0500000US37159,37,159,Rowan,1324.45866,35.852913,35.502947,-80.182682,-80.771518,2069.7197219704426,0.639921746862938,0.639921746862938
0500000US37163,37,163,Sampson,2446.8766,35.315116,34.553963,-78.113208,-78.6701,4296.575243019634,0.5694946466898911,0.5694946466898911
0500000US37169,37,169,Stokes,1162.53963,36.55063,36.257351,-80.027269,-80.451954,1239.466628544383,0.9379354015890486,0.9379354015890486
0500000US37175,37,175,Transylvania,980.38752,35.422924,35.026974,-82.574406,-83.055352,1923.4130339829992,0.5097124240495635,0.5097124240495635
0500000US39061,39,061,Hamilton,1051.3069,39.311942,39.022081,-84.259431,-84.820157,1558.0649970478016,0.6747516323080236,0.6747516323080236
0500000US39071,39,071,Highland,1432.4875599999998,39.378736,39.01889,-83.353531,-83.872214,1788.4098647203195,0.800983928940707,0.800983928940707
0500000US39077,39,077,Huron,1272.9720499999999,41.290023,40.992944,-82.336496,-82.841475,1396.886817361909,0.9112921921649112,0.9112921921649112
0500000US39081,39,081,Jefferson,1057.57211,40.599404,40.157231,-80.599194,-80.941911,1427.3468111722073,0.7409356308656828,0.7409356308656828
0500000US39087,39,087,Lawrence,1174.2308899999998,38.849073,38.404338,-82.287102,-82.816012,2272.1229634177653,0.5167990064383232,0.5167990064383232
0500000US39093,39,093,Lorain,1271.95159,41.515639,41.063537,-81.877066,-82.348076,1978.3291556164213,0.6429423467722571,0.6429423467722571
0500000US39099,39,099,Mahoning,1066.10357,41.134189,40.899858,-80.518927,-81.086919,1241.6822337657143,0.8585961375695714,0.8585961375695714
0500000US39101,39,101,Marion,1045.73063,40.705019,40.433795,-82.858302,-83.419836,1430.442974237851,0.7310537007301334,0.7310537007301334
0500000US44001,44,001,Bristol,62.58476,41.776099,41.642595,-71.224798,-71.365207,173.02439214012358,0.3617106190976577,0.3617106190976577
0500000US44003,44,003,Kent,436.48751999999996,41.755297,41.596852,-71.353172,-71.789678,638.721403714131,0.6833770051572535,0.6833770051572535
0500000US44005,44,005,Newport,265.17974,41.67509,41.448596,-71.12057,-71.40056,586.693194155543,0.4519904826605097,0.4519904826605097
0500000US45001,45,001,Abbeville,1270.3535599999998,34.484002,34.01239,-82.246337,-82.741491,2386.681039806828,0.5322678392345292,0.5322678392345292
0500000US45003,45,003,Aiken,2773.97806,33.87723,33.18012,-81.187271,-82.014293,5942.230452661941,0.4668243822077518,0.4668243822077518
0500000US45007,45,007,Anderson,1852.95334,34.819475,34.208709,-82.313996,-82.992215,4220.211118779592,0.4390665035108102,0.4390665035108102
0500000US45017,45,017,Calhoun,987.1810899999999,33.88008,33.470982,-80.496273,-81.058521,2366.728895625801,0.4171078030206638,0.4171078030206638
0500000US45023,45,023,Chester,1503.90163,34.821509,34.543146,-80.860274,-81.478454,1749.5961498361848,0.8595707244445016,0.8595707244445016
0500000US45025,45,025,Chesterfield,2069.60425,34.817481,34.366207,-79.778249,-80.561674,3598.505684312731,0.5751287983293176,0.5751287983293176
0500000US46063,46,063,Harding,6918.86125,45.945335,45.212851,-102.94207,-104.045443,6994.224520449039,0.9892249283349857,0.9892249283349857
0500000US46065,46,065,Hughes,1920.6403999999998,44.548111,44.103694,-99.612249,-100.573957,3780.4097274433766,0.5080508565136125,0.5080508565136125
0500000US46069,46,069,Hyde,2228.7571599999997,44.897492,44.192421,-99.30018,-99.676398,2337.479173635492,0.9534874941938428,0.9534874941938428
0500000US46075,46,075,Jones,2511.46602,44.168694,43.707621,-100.33897,-101.064326,2977.6739941456985,0.8434321638089683,0.8434321638089683
0500000US46079,46,079,Lake,1458.88743,44.195933,43.847973,-96.888664,-97.370115,1489.4476032716007,0.9794822099115976,0.9794822099115976
0500000US46085,46,085,Lyman,4252.61424,44.217517,43.499648,-99.297882,-100.367247,6843.939379424262,0.6213693611584481,0.6213693611584481
0500000US46093,46,093,Meade,8989.848559999999,45.039569,44.140183,-101.999993,-103.574396,12468.099501365368,0.7210279769595622,0.7210279769595622
0500000US46097,46,097,Miner,1477.10549,44.195235,43.848526,-97.369463,-97.85111,1484.6986905503306,0.9948856959336873,0.9948856959336873
0500000US46101,46,101,Moody,1345.2097399999998,44.19678,43.847591,-96.452774,-96.889216,1354.9684980970576,0.9927977970626157,0.9927977970626157
0500000US46113,46,113,Shannon,5423.19582,43.700948,42.999356,-102.082486,-103.001068,5794.396909195761,0.9359379250312209,0.9359379250312209
0500000US46115,46,115,Spink,3895.1657499999997,45.243732,44.631602,-97.977791,-98.717759,3964.447286299688,0.9825242886848032,0.9825242886848032
0500000US46117,46,117,Stanley,3741.07888,44.783248,44.168085,-99.892101,-101.166753,6917.897568815045,0.5407826355892117,0.5407826355892117
0500000US46121,46,121,Todd,3596.36004,43.390321,42.997796,-100.198413,-101.228179,3643.571460306534,0.9870425430595062,0.9870425430595062
0500000US46127,46,127,Union,1192.80378,43.08367,42.479846,-96.443408,-96.806553,1989.8657256679705,0.5994393313144746,0.5994393313144746
0500000US30005,30,005,Blaine,10949.34414,49.000397,47.720153,-108.236495,-109.551644,13832.113568348768,0.7915886524424406,0.7915886524424406
0500000US30009,30,009,Carbon,5306.36092,45.611006,44.999458,-108.127979,-109.798687,8885.03617381071,0.5972244587637003,0.5972244587637003
0500000US30015,30,015,Chouteau,10288.743919999999,48.306479,47.415338,-109.534295,-111.409117,13859.647658550011,0.7423524878464625,0.7423524878464625
0500000US30019,30,019,Daniels,3693.61195,48.999707,48.56319,-104.973283,-106.15194,4191.794511724407,0.88115291426357,0.88115291426357
0500000US30023,30,023,Deer Lodge,1907.6127,46.266822,45.76649,-112.558457,-113.517481,4120.007629558661,0.4630119338406043,0.4630119338406043
0500000US30029,30,029,Flathead,13177.0394,49.001076,47.596363,-112.878615,-115.020079,24742.387215368577,0.5325694438980878,0.5325694438980878
0500000US30035,30,035,Glacier,7759.47683,48.999364,48.309372,-112.184375,-114.068151,10616.47313081714,0.7308902621790708,0.7308902621790708
0500000US30041,30,041,Hill,7508.293449999999,49.000267,48.132619,-109.464257,-110.755649,9167.761655331766,0.8189887272683778,0.8189887272683778
0500000US31129,31,129,Nuckolls,1489.6514499999998,40.350561,40.00191,-97.820816,-98.274017,1492.7318686611984,0.9979363884928903,0.9979363884928903
0500000US31133,31,133,Pawnee,1116.48425,40.262173,40.000432,-96.010176,-96.463713,1122.2048719975664,0.9949023372288667,0.9949023372288667
0500000US31141,31,141,Platte,1745.81281,41.743207,41.333119,-97.252425,-97.830493,2193.947615432797,0.795740425942488,0.795740425942488
0500000US19007,19,007,Appanoose,1287.9862799999999,40.898886,40.584014,-92.637898,-93.097595,1355.9761074787207,0.9498591257591257,0.9498591257591257
0500000US19011,19,011,Benton,1855.1263499999998,42.299063,41.861851,-91.831089,-92.298792,1876.5316252764785,0.9885931710459049,0.9885931710459049
0500000US19015,19,015,Boone,1480.3637099999999,42.210095,41.863244,-93.698032,-94.164704,1486.4428177562245,0.9959102982747758,0.9959102982747758
0500000US19019,19,019,Buchanan,1478.9417999999998,42.643973,42.296408,-91.596981,-92.081661,1536.382804666704,0.9626128302840742,0.9626128302840742
0500000US19023,19,023,Butler,1502.53929,42.907549,42.555854,-92.554211,-93.027,1510.1463386624625,0.9949627076080586,0.9949627076080586
0500000US19027,19,027,Carroll,1474.8418299999998,42.210405,41.862394,-94.628724,-95.092861,1483.3188459043768,0.9942851020009738,0.9942851020009738
0500000US19033,19,033,Cerro Gordo,1471.93067,43.255538,42.907549,-93.024092,-93.498617,1491.2324820863055,0.9870564701894762,0.9870564701894762
0500000US17081,17,081,Jefferson,1479.3277099999998,38.474914,38.124747,-88.698961,-89.149739,1531.6351681497215,0.9658486177142881,0.9658486177142881
0500000US17091,17,091,Kankakee,1752.28004,41.298052,40.99456,-87.526307,-88.251995,2050.6010631426225,0.8545202045855598,0.8545202045855598
0500000US17093,17,093,Kendall,829.6676499999999,41.724652,41.457034,-88.252098,-88.60362,869.9304799315903,0.9537171867632955,0.9537171867632955
0500000US17099,17,099,LaSalle,2939.97116,41.631389,40.925749,-88.58624,-89.1672,3809.194385856883,0.771809170704385,0.771809170704385
0500000US17101,17,101,Lawrence,963.94102,38.852503,38.568166,-87.495211,-87.912286,1144.1676064245607,0.8424823553712069,0.8424823553712069
0500000US17105,17,105,Livingston,2704.69815,41.114229,40.61655,-88.234949,-88.93139,3240.918774531882,0.8345467252232098,0.8345467252232098
0500000US17109,17,109,McDonough,1526.56413,40.639201,40.276335,-90.445506,-90.909756,1584.846929669726,0.9632249660338669,0.9632249660338669
0500000US17111,17,111,McHenry,1562.21289,42.496016,42.153561,-88.19875,-88.707378,1592.2761548921032,0.9811193147622433,0.9811193147622433
0500000US17117,17,117,Macoupin,2234.92654,39.523369,38.998349,-89.698555,-90.15375,2287.899336439927,0.9768465353364911,0.9768465353364911
0500000US17125,17,125,Mason,1396.62642,40.435921,40.052499,-89.601604,-90.355198,2726.9600944753133,0.5121550633723964,0.5121550633723964
0500000US17127,17,127,Massac,614.3946199999999,37.33709,37.065231,-88.490297,-88.929129,1174.9196241365057,0.5229248089643089,0.5229248089643089
0500000US13185,13,185,Lowndes,1284.8109399999998,31.031964,30.624346,-83.019419,-83.482461,2003.9623902079863,0.641135255969875,0.641135255969875
0500000US13189,13,189,McDuffie,666.82399,33.655076,33.310879,-82.294179,-82.649705,1261.9463846345864,0.5284091290400487,0.5284091290400487
0500000US13195,13,195,Madison,731.18549,34.27353,33.999098,-82.976294,-83.402428,1196.8153754630023,0.6109425939795703,0.6109425939795703
0500000US13199,13,199,Meriwether,1298.16757,33.22359,32.84464,-84.492889,-84.862359,1451.2920284395284,0.8944909394946706,0.8944909394946706
0500000US13205,13,205,Mitchell,1326.30015,31.443753,31.077192,-83.997796,-84.508078,1976.9699974766627,0.670875203818391,0.670875203818391
0500000US13209,13,209,Montgomery,620.36457,32.353738,31.958914,-82.40913,-82.655486,1018.1570678025845,0.609301442398164,0.609301442398164
0500000US13213,13,213,Murray,892.16694,34.988329,34.583187,-84.582306,-84.933722,1445.7597408041415,0.6170921176043888,0.6170921176043888
0500000US13221,13,221,Oglethorpe,1137.04108,34.047558,33.693583,-82.779506,-83.28034,1819.9991460304332,0.6247481392944494,0.6247481392944494
0500000US13229,13,229,Pierce,819.71946,31.530699,31.20759,-82.006775,-82.417246,1400.1486676462716,0.5854517301923333,0.5854517301923333
0500000US13231,13,231,Pike,559.66274,33.208889,32.970548,-84.248185,-84.52702,688.4396701738298,0.8129437687091537,0.8129437687091537
0500000US13235,13,235,Pulaski,644.99029,32.401715,32.105885,-83.291106,-83.615579,1003.699905159986,0.6426126840145421,0.6426126840145421
0500000US13241,13,241,Rabun,958.2818699999999,35.000771,34.716111,-83.108535,-83.656792,1583.416611625786,0.6051988232055215,0.6051988232055215
0500000US13247,13,247,Rockdale,336.16387,33.786054,33.525776,-83.914823,-84.184143,721.4377884369945,0.46596376761508973,0.46596376761508973
0500000US13255,13,255,Spalding,508.85470999999995,33.352514,33.183866,-84.102582,-84.508926,708.4521366239416,0.7182626513414112,0.7182626513414112
0500000US13257,13,257,Stephens,463.94928999999996,34.687681,34.460883,-83.106874,-83.45977,814.8225193467791,0.5693869265811841,0.5693869265811841
0500000US13267,13,267,Tattnall,1241.65377,32.318838,31.784405,-81.761735,-82.232788,2638.2038423989866,0.47064360609486955,0.47064360609486955
0500000US13269,13,269,Taylor,975.6167399999999,32.747626,32.372053,-84.001069,-84.444353,1734.948892519893,0.5623316883893821,0.5623316883893821
0500000US20183,20,183,Smith,2319.25435,40.002548,39.567603,-98.504455,-99.067022,2324.8473665220868,0.9975942435608349,0.9975942435608349
0500000US20187,20,187,Stanton,1762.09355,37.738541,37.388384,-101.52581,-102.042016,1771.5501385348387,0.9946619695772994,0.9946619695772994
0500000US20189,20,189,Stevens,1883.68887,37.388485,36.995414,-101.066457,-101.556606,1897.657459529874,0.9926390353223523,0.9926390353223523
0500000US20197,20,197,Wabaunsee,2057.2421799999997,39.212279,38.739021,-95.945924,-96.501556,2527.5928344115323,0.8139135987378923,0.8139135987378923
0500000US20207,20,207,Woodson,1289.3537999999999,38.040195,37.732759,-95.51897,-95.960876,1325.7398294370173,0.9725541704118003,0.9725541704118003
0500000US21191,21,191,Pendleton,717.8366299999999,38.874638,38.542723,-84.205346,-84.532288,1047.0070187245901,0.6856082310455105,0.6856082310455105
0500000US21193,21,193,Perry,879.7453,37.443538,37.000997,-83.000142,-83.547628,2385.4511261286957,0.36879619555556453,0.36879619555556453
0500000US21201,21,201,Robertson,258.76948999999996,38.593701,38.439159,-83.930348,-84.183903,379.083603594501,0.6826185241100564,0.6826185241100564
0500000US21205,21,205,Rowan,724.66905,38.381799,38.033974,-83.244306,-83.635195,1320.934065388775,0.5486034988330145,0.5486034988330145
0500000US21207,21,207,Russell,656.97163,37.186028,36.827334,-84.835712,-85.27495,1555.6249660145047,0.4223200606526357,0.4223200606526357
0500000US21217,21,217,Taylor,689.78693,37.469917,37.192432,-85.073772,-85.584477,1393.2400009340124,0.49509555391574644,0.49509555391574644
0500000US21221,21,221,Trigg,1143.3114699999999,37.002103,36.633247,-87.659724,-88.157347,1816.829941175625,0.6292892053838521,0.6292892053838521
0500000US21231,21,231,Wayne,1186.6603,36.997612,36.603222,-84.578158,-85.064307,1898.2353553185046,0.6251386566345407,0.6251386566345407
0500000US21233,21,233,Webster,859.73237,37.647547,37.350645,-87.375145,-87.932952,1624.5745845441747,0.5292046165065575,0.5292046165065575
0500000US21237,21,237,Wolfe,575.4228899999999,37.861906,37.638516,-83.243603,-83.707974,1014.1552940502074,0.5673912993166436,0.5673912993166436
0500000US21239,21,239,Woodford,488.95055999999994,38.195426,37.861952,-84.625079,-84.864908,778.9262978040638,0.6277237800013189,0.6277237800013189
0500000US22005,22,005,Ascension,751.0507899999999,30.345244,30.062478,-90.632811,-91.105951,1429.6257931495434,0.5253478173091675,0.5253478173091675
0500000US22091,22,091,St. Helena,1057.76377,30.999733,30.649385,-90.565857,-90.910701,1282.7872922424267,0.8245823578053494,0.8245823578053494
0500000US22093,22,093,St. James,625.58083,30.16643,29.889246,-90.641998,-90.963693,954.5351547616315,0.6553774650198414,0.6553774650198414
0500000US22097,22,097,St. Landry,2392.84661,30.848607,30.298817,-91.678896,-92.493259,4766.231553429662,0.502041619920494,0.502041619920494
0500000US22099,22,099,St. Martin,1910.50832,30.497738,29.699402,-91.092748,-91.988718,7651.476033109688,0.24969147282600027,0.24969147282600027
0500000US22103,22,103,St. Tammany,2189.97709,30.711905,30.149891,-89.524504,-90.255648,4380.744801080253,0.4999097617966632,0.4999097617966632
0500000US22113,22,113,Vermilion,3038.58541,30.147443,29.533026,-91.964458,-92.738604,5101.321756630851,0.5956466882431706,0.5956466882431706
0500000US22117,22,117,Washington,1734.0697499999999,31.004831,30.66543,-89.728147,-90.347241,2230.767263410997,0.7773422976220691,0.7773422976220691
0500000US21011,21,011,Bath,722.0712799999999,38.296949,37.992618,-83.498846,-83.977924,1417.7365950771193,0.5093127189544839,0.5093127189544839
0500000US21013,21,013,Bell,929.81,36.955786,36.582581,-83.461013,-83.957274,1834.3806762012935,0.5068795218261275,0.5068795218261275
0500000US21015,21,015,Boone,638.06981,39.147458,38.777293,-84.598031,-84.897364,1065.2553442536541,0.5989829700850254,0.5989829700850254
0500000US21027,21,027,Breckinridge,1468.97548,38.045796,37.562718,-86.151285,-86.677871,2485.0990034641104,0.5911134638709837,0.5911134638709837
0500000US21029,21,029,Bullitt,769.29216,38.118383,37.81179,-85.42883,-85.938321,1522.6782778585248,0.5052230475645338,0.5052230475645338
0500000US17133,17,133,Monroe,997.17849,38.52022,38.088753,-89.899061,-90.373929,1987.9692727162576,0.5016065910503271,0.5016065910503271
0500000US17137,17,137,Morgan,1473.16869,39.87675,39.520192,-89.926037,-90.599105,2283.0799755923404,0.6452549651125513,0.6452549651125513
0500000US17141,17,141,Ogle,1964.7066599999998,42.204241,41.88807,-88.939732,-89.688486,2173.651806990481,0.9038736810014778,0.9038736810014778
0500000US17143,17,143,Peoria,1603.7513099999999,40.974707,40.513127,-89.447693,-89.989018,2340.6401807458924,0.6851763561065298,0.6851763561065298
0500000US17147,17,147,Piatt,1137.53318,40.281935,39.79182,-88.460418,-88.745957,1324.80668852772,0.8586408793453176,0.8586408793453176
0500000US17153,17,153,Pulaski,515.88915,37.335109,37.068184,-88.928021,-89.273631,908.5292693700129,0.5678288717739659,0.5678288717739659
0500000US17159,17,159,Richland,932.3741,38.850108,38.569086,-87.908113,-88.258608,950.3175510661615,0.9811184681940992,0.9811184681940992
0500000US17165,17,165,Saline,983.73121,37.90775,37.599277,-88.373884,-88.708546,1009.2054102529111,0.9747581612285183,0.9747581612285183
0500000US17167,17,167,Sangamon,2248.90218,39.976127,39.522104,-89.21747,-89.994506,3353.7569349670594,0.6705620662464881,0.6705620662464881
0500000US17177,17,177,Stephenson,1462.11457,42.505788,42.196305,-89.396192,-89.926224,1498.898676415175,0.9754592441811014,0.9754592441811014
0500000US17183,17,183,Vermilion,2326.77312,40.491237,39.879803,-87.526379,-87.937645,2375.2624327297253,0.979585703010509,0.979585703010509
0500000US17191,17,191,Wayne,1848.7782599999998,38.607093,38.255413,-88.147814,-88.702391,1889.027778934114,0.9786929978569056,0.9786929978569056
0500000US17195,17,195,Whiteside,1772.2075,41.93034,41.584005,-89.628907,-90.242747,1960.856217660651,0.9037926820122928,0.9037926820122928
0500000US17197,17,197,Will,2167.59172,41.72893,41.201546,-87.525623,-88.261468,3595.6053875788148,0.6028447191363229,0.6028447191363229
0500000US18001,18,001,Adams,878.08252,40.922568,40.56824,-84.802094,-85.073861,902.0332659475616,0.9734480458185741,0.9734480458185741
0500000US13275,13,275,Thomas,1410.50364,31.077971,30.658396,-83.736158,-84.119058,1705.0201959007584,0.8272650631301373,0.8272650631301373
0500000US13279,13,279,Toombs,942.7729499999999,32.35383,31.913074,-82.182017,-82.483131,1389.5878672369474,0.6784550817031866,0.6784550817031866
0500000US13281,13,281,Towns,431.39816999999994,34.992492,34.79052,-83.549381,-83.936413,792.7717217296795,0.544164427382412,0.544164427382412
0500000US13289,13,289,Twiggs,928.25082,32.89822,32.452198,-83.226536,-83.597656,1722.744824571451,0.5388208437839371,0.5388208437839371
0500000US13295,13,295,Walker,1156.12161,34.985075,34.587184,-85.050446,-85.534423,1955.4838940679597,0.5912202158796307,0.5912202158796307
0500000US13301,13,301,Warren,736.33182,33.611202,33.25344,-82.383829,-82.851954,1728.1131886589185,0.4260900413423854,0.4260900413423854
0500000US20035,20,035,Cowley,2915.6924999999997,37.476405,36.99886,-96.524873,-97.153331,2954.240708196445,0.9869515682694728,0.9869515682694728
0500000US20041,20,041,Dickinson,2193.91648,39.1323,38.609146,-96.890245,-97.371911,2425.7132128886574,0.9044418228597507,0.9044418228597507
0500000US20047,20,047,Edwards,1610.70546,38.087594,37.73297,-99.013318,-99.569879,1925.3688796359666,0.8365698007462026,0.8365698007462026
0500000US20051,20,051,Ellis,2330.77208,39.133121,38.696514,-99.0375,-99.598323,2355.6526927410773,0.9894379112770968,0.9894379112770968
0500000US20053,20,053,Ellsworth,1854.0437299999999,38.871102,38.521841,-97.924269,-98.486108,1893.5991775190282,0.9791109713245368,0.9791109713245368
0500000US20057,20,057,Ford,2844.5218899999995,37.914018,37.467404,-99.556119,-100.22709,2931.971426396326,0.9701738101507318,0.9701738101507318
0500000US20063,20,063,Gove,2775.61235,39.133381,38.697341,-100.14794,-100.818698,2813.737758859175,0.9864502622040254,0.9864502622040254
0500000US20073,20,073,Greenwood,2961.147,38.17266,37.603761,-95.958554,-96.5253,3146.1964125635154,0.9411831340775265,0.9411831340775265
0500000US20077,20,077,Harper,2075.28671,37.386298,36.997824,-97.802313,-98.349804,2094.869711926022,0.9906519236902722,0.9906519236902722
0500000US20079,20,079,Harvey,1397.9628599999999,38.174634,37.911325,-97.152476,-97.701969,1408.8866430000155,0.9922465139021014,0.9922465139021014
0500000US20087,20,087,Jefferson,1379.36666,39.419218,39.032162,-95.180891,-95.596759,1541.740684899104,0.8946813647135929,0.8946813647135929
0500000US22011,22,011,Beauregard,2997.51578,30.878175,30.4025,-92.976886,-93.741701,3870.1577113075155,0.7745203176713186,0.7745203176713186
0500000US22015,22,015,Bossier,2175.74763,33.019372,32.235897,-93.372781,-93.842597,3832.940235541709,0.5676445486483046,0.5676445486483046
0500000US22017,22,017,Caddo,2275.41601,33.019372,32.195545,-93.471249,-94.043147,4907.171235733677,0.4636919929409799,0.4636919929409799
0500000US22023,22,023,Cameron,3327.85733,30.052587,29.579092,-92.61561,-93.89847,6516.256109043232,0.5107008187387868,0.5107008187387868
0500000US22031,22,031,De Soto,2267.74961,32.340224,31.844276,-93.355452,-94.04272,3570.3831189330213,0.6351558178657583,0.6351558178657583
0500000US22035,22,035,East Carroll,1089.62336,33.005084,32.537807,-91.054481,-91.457643,1958.5536741808457,0.5563408214767098,0.5563408214767098
0500000US22041,22,041,Franklin,1617.67515,32.405808,31.88251,-91.476739,-91.894729,2289.920335203269,0.7064329379198269,0.7064329379198269
0500000US22043,22,043,Grant,1665.4373399999997,31.797149,31.390478,-92.196131,-92.973529,3329.5541503931736,0.5001983042694575,0.5001983042694575
0500000US22049,22,049,Jackson,1474.1839699999998,32.496406,32.146123,-92.311829,-92.814737,1840.6338131740895,0.8009110554466217,0.8009110554466217
0500000US22051,22,051,Jefferson,765.68688,30.230888,29.432015,-89.96195,-90.280296,2727.787314552012,0.28069889317076385,0.28069889317076385
0500000US22055,22,055,Lafayette,695.9848000000001,30.378237,30.036918,-91.905544,-92.284675,1382.734125445614,0.5033395699087885,0.5033395699087885
0500000US21035,21,035,Calloway,997.20439,36.750328,36.497129,-88.032489,-88.489075,1147.1984544488448,0.8692518597221199,0.8692518597221199
0500000US21039,21,039,Carlisle,490.63406,36.9541,36.773115,-88.812897,-89.179229,655.8645316601834,0.748072256260089,0.748072256260089
0500000US21041,21,041,Carroll,332.99370999999996,38.763311,38.585448,-84.934536,-85.333285,684.6141723476194,0.4863961680169823,0.4863961680169823
0500000US21045,21,045,Casey,1150.5557,37.547894,37.102271,-84.720712,-85.165174,1947.3906954244471,0.5908191420978461,0.5908191420978461
0500000US21057,21,057,Cumberland,790.42138,36.938138,36.618194,-85.215405,-85.596214,1206.597325205692,0.6550829870812573,0.6550829870812573
0500000US21065,21,065,Estill,655.4720199999999,37.853066,37.542856,-83.7221,-84.090364,1117.6268197601855,0.586485585716928,0.586485585716928
0500000US21067,21,067,Fayette,734.65091,38.207889,37.847202,-84.286461,-84.660135,1312.6916908565029,0.5596522893510937,0.5596522893510937
0500000US21071,21,071,Floyd,1018.76355,37.75612,37.285323,-82.563561,-82.940763,1741.5008275800117,0.5849917116695679,0.5849917116695679
0500000US21079,21,079,Garrard,595.8994299999999,37.826242,37.472663,-84.347805,-84.744888,1374.463674221148,0.4335505122299224,0.4335505122299224
0500000US21083,21,083,Graves,1429.01437,36.946864,36.501068,-88.484103,-88.816765,1469.6936135269348,0.9723212762493308,0.9723212762493308
0500000US21085,21,085,Grayson,1286.4478199999999,37.622191,37.321099,-86.019089,-86.664055,1905.6282061690106,0.6750780744299628,0.6750780744299628
0500000US21091,21,091,Hancock,486.01867999999996,37.998939,37.661877,-86.638935,-86.97883,1118.8155769877899,0.4344046418342852,0.4344046418342852
0500000US21097,21,097,Harrison,793.4827599999999,38.582039,38.283236,-84.1021,-84.557375,1317.5874165900932,0.6022239966844307,0.6022239966844307
0500000US21101,21,101,Henderson,1130.97271,37.975842,37.638376,-87.271608,-87.927424,2161.9868370334093,0.5231172968434327,0.5231172968434327
0500000US21107,21,107,Hopkins,1403.76705,37.569988,37.105344,-87.295965,-87.85076,2534.14166364791,0.5539418218550853,0.5539418218550853
0500000US48267,48,267,Kimble,3240.05633,30.710771,30.286653,-99.301718,-100.116461,3681.320551247247,0.8801342575023127,0.8801342575023127
0500000US48271,48,271,Kinney,3522.54245,29.623897,29.08397,-100.111406,-100.793662,3969.8423998958474,0.8873255145071798,0.8873255145071798
0500000US48277,48,277,Lamar,2349.6221,33.934247,33.380662,-95.308637,-95.857738,3128.3856347420083,0.7510653654416773,0.7510653654416773
0500000US48281,48,281,Lampasas,1846.2556,31.463717,31.029537,-97.9071,-98.562739,3009.1342250176276,0.6135504307685659,0.6135504307685659
0500000US48285,48,285,Lavaca,2511.5437199999997,29.632706,29.063244,-96.560555,-97.240108,4170.653953070348,0.6021942237981778,0.6021942237981778
0500000US48287,48,287,Lee,1629.1514399999999,30.557169,30.032,-96.640883,-97.334463,3888.6518191242176,0.41895019553766816,0.41895019553766816
0500000US48291,48,291,Liberty,3000.3000299999994,30.493553,29.884276,-94.442235,-95.165897,4712.163988679855,0.6367138404367277,0.6367138404367277
0500000US48293,48,293,Limestone,2344.69592,31.814887,31.2209,-96.236629,-96.932215,4354.914328832511,0.538402306671456,0.538402306671456
0500000US48295,48,295,Lipscomb,2414.34361,36.499702,36.055677,-100.000399,-100.546724,2417.960075959238,0.9985043318145758,0.9985043318145758
0500000US48301,48,301,Loving,1732.5157499999998,32.00037,31.65142,-103.326501,-103.980179,2396.292784474847,0.72299835864159,0.72299835864159
0500000US48305,48,305,Lynn,2309.9355299999997,33.39476,32.959702,-101.556884,-102.076214,2338.1733707301028,0.9879231193530847,0.9879231193530847
0500000US48307,48,307,McCulloch,2759.89882,31.49195,30.940605,-99.090622,-99.603627,2990.8240319376328,0.9227887667506718,0.9227887667506718
0500000US48317,48,317,Martin,2369.7049599999996,32.525222,32.0868,-101.68874,-102.211249,2393.969717010113,0.9898642172297741,0.9898642172297741
0500000US48323,48,323,Maverick,3313.2782199999997,29.086318,28.196866,-100.111406,-100.668356,5375.508691915331,0.6163655218310987,0.6163655218310987
0500000US48327,48,327,Menard,2336.2576999999997,31.087994,30.710366,-99.483869,-100.116234,2533.5310546723354,0.9221350161433686,0.9221350161433686
0500000US48331,48,331,Milam,2633.8486999999996,31.105871,30.457344,-96.621281,-97.315507,4782.486221484456,0.5507279222610009,0.5507279222610009
0500000US48333,48,333,Mills,1937.99599,31.723608,31.230582,-98.266794,-98.991608,3768.238067423156,0.5142976519329271,0.5142976519329271
0500000US51800,51,800,Suffolk,1036.4351199999999,36.928916,36.543856,-76.406667,-76.915384,1940.984791471178,0.533973849024561,0.533973849024561
0500000US51810,51,810,Virginia Beach,644.9514399999999,36.931946,36.550553,-75.867044,-76.22606,1356.677103127582,0.47539052477054194,0.47539052477054194
0500000US51840,51,840,Winchester,23.91347,39.200895,39.13097,-78.136953,-78.196945,40.214067716633686,0.5946543425675067,0.5946543425675067
0500000US53001,53,001,Adams,4985.69302,47.261712,46.737696,-117.958856,-119.369387,6232.7908075392525,0.7999134214434488,0.7999134214434488
0500000US53003,53,003,Asotin,1647.7916699999998,46.462314,45.995413,-116.915989,-117.48013,2252.942425327477,0.7313953749885485,0.7313953749885485
0500000US53005,53,005,Benton,4403.98161,46.727396,45.835962,-118.941075,-119.874057,7106.87429660391,0.619679119990132,0.619679119990132
0500000US53015,53,015,Cowlitz,2952.92375,46.387929,45.850536,-122.239952,-123.217841,4503.856689726862,0.6556433637721011,0.6556433637721011
0500000US53017,53,017,Douglas,4711.893759999999,48.15051,47.220053,-118.955484,-120.318084,10553.020460499058,0.44649716899887176,0.44649716899887176
0500000US53019,53,019,Ferry,5706.18181,49.000209,47.841599,-118.10496,-118.869672,7270.097031345395,0.78488385855065,0.78488385855065
0500000US53023,53,023,Garfield,1840.6767399999999,46.70033,45.99787,-117.228758,-117.863261,3803.9784765557074,0.4838820070471669,0.4838820070471669
0500000US53025,53,025,Grant,6939.93867,47.962019,46.628585,-118.973502,-120.042866,11957.18570280762,0.5803990037865231,0.5803990037865231
0500000US51600,51,600,Fairfax,16.15901,38.866075,38.834651,-77.2705,-77.334805,19.457900321918874,0.8304601078564088,0.8304601078564088
0500000US55101,55,101,Racine,861.1775899999999,42.843323,42.610817,-87.766675,-88.306384,1139.7565941696876,0.7555802654753383,0.7555802654753383
0500000US55107,55,107,Rusk,2366.18515,45.638264,45.291965,-90.678739,-91.541322,2590.3195070729166,0.913472312407441,0.913472312407441
0500000US55111,55,111,Sauk,2152.03618,43.641146,43.164464,-89.599357,-90.312404,3053.352529331313,0.7048109117198131,0.7048109117198131
0500000US55113,55,113,Sawyer,3256.41995,46.157045,45.637605,-90.676968,-91.551282,3907.9430405093526,0.8332823473229449,0.8332823473229449
0500000US55119,55,119,Taylor,2524.9288399999996,45.381866,45.031143,-90.042273,-90.925223,2697.6456071760354,0.9359749973396839,0.9359749973396839
0500000US55123,55,123,Vernon,2050.18961,43.731312,43.422949,-90.310979,-91.273316,2658.0718965881892,0.7713070563033128,0.7713070563033128
0500000US55125,55,125,Vilas,2218.60436,46.300087,45.856579,-88.932558,-90.043958,4227.635076159128,0.5247861558608403,0.5247861558608403
0500000US55133,55,133,Waukesha,1423.3966599999999,43.196048,42.841356,-88.063353,-88.542026,1534.8148926898396,0.9274060779443092,0.9274060779443092
0500000US55139,55,139,Winnebago,1125.32133,44.244102,43.892977,-88.403195,-88.886673,1508.1367699730092,0.7461666291845266,0.7461666291845266
0500000US56003,56,003,Big Horn,8125.08123,45.001011,44.165666,-107.145001,-108.621313,10860.04715613175,0.7481626104553748,0.7481626104553748
0500000US56009,56,009,Converse,11020.14697,43.49964,42.290139,-104.892437,-106.078068,12989.36483483946,0.8483976784178302,0.8483976784178302
0500000US56017,56,017,Hot Springs,5190.59828,44.07976,43.459765,-107.595105,-109.312949,9509.409681733829,0.545838117582669,0.545838117582669
0500000US56019,56,019,Johnson,10759.25627,44.563981,43.492362,-106.009201,-107.369621,12960.030008212401,0.8301876047495389,0.8301876047495389
0500000US54023,54,023,Grant,1236.39607,39.340076,38.81334,-78.979898,-79.487175,2564.7137517675396,0.4820795572792111,0.4820795572792111
0500000US54025,54,025,Greenbrier,2640.68371,38.267334,37.683858,-79.959844,-80.882187,5245.191198800401,0.5034485131073841,0.5034485131073841
0500000US54027,54,027,Hampshire,1658.24491,39.535087,39.08863,-78.34048,-78.979898,2730.940555808011,0.6072065195536159,0.6072065195536159
0500000US54033,54,033,Harrison,1077.4607199999998,39.469599,39.100809,-80.166387,-80.603684,1543.3665845831167,0.6981236543300151,0.6981236543300151
0500000US54037,54,037,Jefferson,542.9546499999999,39.494036,39.132329,-77.719029,-78.033185,1087.0316383373101,0.49948376004077166,0.49948376004077166
0500000US54045,54,045,Logan,1175.17883,38.025356,37.642707,-81.607532,-82.190658,2178.9407115308427,0.5393349271877907,0.5393349271877907
0500000US54051,54,051,Marshall,791.0662899999999,40.03324,39.720848,-80.519115,-80.828618,917.4230995397583,0.8622698626150272,0.8622698626150272
0500000US54053,54,053,Mason,1115.6373199999998,39.030078,38.474547,-81.772843,-82.221566,2403.6558363340127,0.4641418721997813,0.4641418721997813
0500000US54059,54,059,Mingo,1095.85231,37.974778,37.511914,-81.802937,-82.400234,2703.0791410865086,0.405408888457302,0.405408888457302
0500000US54065,54,065,Morgan,593.29907,39.695967,39.391233,-78.023427,-78.468639,1293.5756227576564,0.45865047204213666,0.45865047204213666
0500000US54069,54,069,Ohio,274.07379999999995,40.187642,40.01641,-80.51896,-80.733104,346.78931113206755,0.7903178996645159,0.7903178996645159
0500000US54075,54,075,Pocahontas,2435.33556,38.736911,38.036111,-79.626774,-80.363295,5002.35956222892,0.4868373673872572,0.4868373673872572
0500000US48341,48,341,Moore,2330.19969,36.055405,35.620035,-101.6228,-102.163015,2357.4577466111546,0.9884375206086564,0.9884375206086564
0500000US54083,54,083,Randolph,2692.7737899999997,39.115803,38.388457,-79.349566,-80.280059,6525.889491980318,0.412629388424238,0.412629388424238
0500000US54087,54,087,Roane,1252.42817,38.941645,38.527634,-81.08371,-81.546631,1848.4710888686398,0.6775481518439929,0.6775481518439929
0500000US54091,54,091,Taylor,447.47688999999997,39.452465,39.242283,-79.894688,-80.197286,608.1204509387069,0.7358359504424916,0.7358359504424916
0500000US54093,54,093,Tucker,1085.00798,39.271398,38.964509,-79.289264,-79.825092,1577.4456902787706,0.6878258862961263,0.6878258862961263
0500000US54097,54,097,Upshur,918.5124199999999,39.113145,38.694867,-80.05582,-80.393063,1357.2784390784857,0.6767310181569062,0.6767310181569062
0500000US54099,54,099,Wayne,1310.4907899999998,38.421809,37.851833,-82.203865,-82.644739,2443.7698302862473,0.5362578642876925,0.5362578642876925
0500000US54103,54,103,Wetzel,927.38317,39.721403,39.42912,-80.39581,-80.943782,1526.3979105953385,0.6075631809783428,0.6075631809783428
0500000US54105,54,105,Wirt,602.1983099999999,39.185572,38.895633,-81.162455,-81.581447,1166.6383342168738,0.5161825154701744,0.5161825154701744
0500000US54107,54,107,Wood,948.6134,39.410374,39.026179,-81.239477,-81.749853,1878.321181114872,0.5050325841701648,0.5050325841701648
0500000US55011,55,011,Buffalo,1739.5346499999998,44.596649,44.023959,-91.529101,-92.083925,2811.2181803462418,0.6187832243549846,0.6187832243549846
0500000US55013,55,013,Burnett,2128.58632,46.157597,45.639742,-92.031417,-92.885661,3806.4927496836726,0.5591988373488666,0.5591988373488666
0500000US55019,55,019,Clark,3133.42085,45.033829,44.422347,-90.315038,-90.923393,3267.729901213706,0.9588983620819393,0.9588983620819393
0500000US55021,55,021,Columbia,1982.72011,43.643083,43.28483,-89.006848,-89.785809,2504.3630853227082,0.791706331090769,0.791706331090769
0500000US55023,55,023,Crawford,1478.0094,43.422994,42.986781,-90.666786,-91.210233,2136.485462678945,0.6917947375811861,0.6917947375811861
0500000US53029,53,029,Island,539.88291,48.411565,47.904023,-122.349597,-122.770045,1760.0818124169894,0.30673739492746593,0.30673739492746593
0500000US49039,49,039,Sanpete,4118.49368,39.813269,39.032264,-111.247275,-112.015677,5731.892803600447,0.7185224534228898,0.7185224534228898
0500000US49043,49,043,Summit,4847.734079999999,41.251716,40.548352,-110.000708,-111.641022,10782.337791049265,0.44959953712674866,0.44959953712674866
0500000US49045,49,045,Tooele,17978.10168,41.076735,39.904247,-112.145163,-114.047134,20969.251531019116,0.8573554308033166,0.8573554308033166
0500000US49049,49,049,Utah,5188.94586,40.577071,39.777942,-110.857321,-112.212216,10228.491219090101,0.5073031543807293,0.5073031543807293
0500000US49057,49,057,Weber,1492.0575599999997,41.433706,41.076735,-111.42056,-112.493393,3559.8042157846326,0.4191403429952758,0.4191403429952758
0500000US50003,50,003,Bennington,1748.1982,43.314684,42.741025,-72.819368,-73.290944,2445.148948463587,0.714965933301725,0.714965933301725
0500000US50007,50,007,Chittenden,1389.7370199999998,44.722866,44.161271,-72.804995,-73.361952,2761.13371393237,0.503321158619571,0.503321158619571
0500000US50011,50,011,Franklin,1641.29854,45.016659,44.633051,-72.532638,-73.256321,2434.5286435874295,0.6741750787460215,0.6741750787460215
0500000US50015,50,015,Lamoille,1188.28423,44.78617,44.398224,-72.374786,-72.924112,1876.402258178716,0.6332779790796985,0.6332779790796985
0500000US50021,50,021,Rutland,2408.23639,43.858131,43.300742,-72.700945,-73.431229,3645.9409966468993,0.6605253327508065,0.6605253327508065
0500000US56023,56,023,Lincoln,10557.17411,43.315906,41.577519,-110.048,-111.047109,15845.811310702922,0.6662438358627459,0.6662438358627459
0500000US51005,51,005,Alleghany,1153.73363,37.954365,37.596627,-79.650757,-80.296138,2256.3579536673647,0.5113256201768794,0.5113256201768794
0500000US51011,51,011,Appomattox,863.74946,37.552542,37.205361,-78.594436,-79.018526,1446.6172037439915,0.597082253525348,0.597082253525348
0500000US51013,51,013,Arlington,67.27266,38.934265,38.824973,-77.031698,-77.172169,147.76992106875767,0.45525273014592654,0.45525273014592654
0500000US51015,51,015,Augusta,2504.52741,38.479446,37.88169,-78.749354,-79.512158,4431.649607611251,0.5651456301280081,0.5651456301280081
0500000US51019,51,019,Bedford,1950.3243899999998,37.617004,37.005876,-79.183302,-79.847599,3992.3002306467306,0.48852147316687605,0.48852147316687605
0500000US51025,51,025,Brunswick,1466.38807,37.022756,36.544168,-77.655841,-78.046202,1850.0297103270782,0.7926294706590135,0.7926294706590135
0500000US51031,51,031,Campbell,1305.01553,37.429917,37.022288,-78.824209,-79.442884,2482.8455960496044,0.5256128420053098,0.5256128420053098
0500000US51033,51,033,Caroline,1366.25867,38.252227,37.779569,-77.070115,-77.6422,2633.9980914396106,0.5187014654415607,0.5187014654415607
0500000US51036,51,036,Charles City,473.49603,37.4906,37.223057,-76.873507,-77.270675,1044.3253390507239,0.4533989670598253,0.4533989670598253
0500000US51045,51,045,Craig,853.4930599999999,37.647459,37.314901,-79.969037,-80.475601,1652.9066869751584,0.5163588886931686,0.5163588886931686
0500000US51049,51,049,Cumberland,770.42399,37.748528,37.309292,-78.072256,-78.465089,1691.8988392077695,0.4553605523842965,0.4553605523842965
0500000US51051,51,051,Dickenson,856.0778799999999,37.3011,36.970905,-82.135935,-82.553549,1359.2081110351364,0.6298357646998104,0.6298357646998104
0500000US54081,54,081,Raleigh,1567.85909,37.987307,37.510416,-80.882316,-81.571334,3212.4196907249566,0.4880617232321149,0.4880617232321149
0500000US51061,51,061,Fauquier,1676.8929099999998,39.013841,38.409713,-77.530914,-78.130574,3495.150075695872,0.47977708358235127,0.47977708358235127
0500000US51067,51,067,Franklin,1788.20334,37.225468,36.780752,-79.594059,-80.235455,2816.5009920569823,0.6349024356970018,0.6349024356970018
0500000US51069,51,069,Frederick,1070.95464,39.466012,39.007977,-78.033183,-78.544111,2241.1457488938163,0.4778603268121233,0.4778603268121233
0500000US51073,51,073,Gloucester,564.1201299999999,37.603174,37.241015,-76.349489,-76.712305,1290.2541645482836,0.4372162830394721,0.4372162830394721
0500000US51081,51,081,Greensville,764.6353399999999,36.896884,36.544746,-77.296875,-77.767117,1641.1186605449323,0.46592325002635904,0.46592325002635904
0500000US51085,51,085,Hanover,1213.50824,38.008283,37.536398,-77.123675,-77.79692,3104.9461364801496,0.39083068969939216,0.39083068969939216
0500000US51091,51,091,Highland,1075.25404,38.591515,38.180419,-79.312276,-79.810115,1983.5031136571881,0.5420984885763269,0.5420984885763269
0500000US51095,51,095,James City,368.91183,37.467076,37.167097,-76.577675,-76.904471,963.9738366138664,0.38269900695216996,0.38269900695216996
0500000US51103,51,103,Lancaster,345.1175,37.838814,37.610368,-76.279447,-76.642276,810.6091014131558,0.4257508327976428,0.4257508327976428
0500000US49037,49,037,San Juan,20253.76892,38.499987,36.997968,-109.041723,-111.412784,34816.80183278206,0.5817239911142524,0.5817239911142524
0500000US51119,51,119,Middlesex,337.49254,37.770258,37.510385,-76.29796,-76.751072,1152.884860927901,0.29273742022110405,0.29273742022110405
0500000US72027,72,027,Camuy,120.05944999999998,18.490785,18.342998,-66.824223,-66.90143,133.8538263182337,0.8969444751961145,0.8969444751961145
0500000US72035,72,035,Cayey,134.50905999999998,18.169077,18.050063,-66.051162,-66.226805,245.66062817809907,0.5475401613907931,0.5475401613907931
0500000US72041,72,041,Cidra,93.29438999999999,18.22429,18.137907,-66.095099,-66.242735,149.8130217570527,0.6227388574492058,0.6227388574492058
0500000US72043,72,043,Coamo,202.05107999999998,18.176674,18.015891,-66.257527,-66.44456,353.4255060192332,0.5716935437845975,0.5716935437845975
0500000US72053,72,053,Fajardo,77.34776,18.390849,18.267744,-65.565072,-65.753591,272.3888082937303,0.28396085905479673,0.28396085905479673
0500000US72055,72,055,Guánica,95.95949999999999,18.033439,17.926875,-66.859471,-66.98105,152.36854849680995,0.629785483596761,0.629785483596761
0500000US72059,72,059,Guayanilla,109.47930000000001,18.138652,17.949931,-66.753964,-66.852288,218.14628169588252,0.501861866032743,0.501861866032743
0500000US72067,72,067,Hormigueros,29.380959999999998,18.153227,18.106115,-67.07817,-67.159733,45.152479151322886,0.65070535554722,0.65070535554722
0500000US72073,72,073,Jayuya,115.34047,18.298549,18.152057,-66.543133,-66.649467,182.93837173601278,0.6304881196080656,0.6304881196080656
0500000US50025,50,025,Windham,2033.9399499999997,43.255498,42.726853,-72.431187,-73.018646,2808.6726420379823,0.7241641192204464,0.7241641192204464
0500000US72005,72,005,Aguadilla,94.61011,18.514523,18.389391,-67.056515,-67.169016,165.1102700857077,0.5730116603339604,0.5730116603339604
0500000US53037,53,037,Kittitas,5949.93189,47.597135,46.737171,-119.927537,-121.432652,10880.220161452862,0.5468576739908074,0.5468576739908074
0500000US53039,53,039,Klickitat,4846.70067,46.044048,45.629513,-119.866265,-121.612502,6235.67335047875,0.7772537779946235,0.7772537779946235
0500000US53059,53,059,Skamania,4288.20343,46.388221,45.547745,-121.522392,-122.248993,5248.207519013619,0.8170796247031693,0.8170796247031693
0500000US53075,53,075,Whitman,5592.0431,47.260449,46.419786,-117.039657,-118.249122,8599.273883381726,0.6502924753689656,0.6502924753689656
0500000US54017,54,017,Doddridge,828.0748,39.450375,39.095679,-80.525709,-80.91384,1317.7214868477224,0.6284141286797529,0.6284141286797529
0500000US54029,54,029,Hancock,213.95730999999998,40.638801,40.396004,-80.517998,-80.667957,342.23111496679957,0.6251836862371686,0.6251836862371686
0500000US54043,54,043,Lincoln,1131.93101,38.374432,37.94364,-81.818234,-82.306391,2044.4895785993815,0.5536496844241446,0.5536496844241446
0500000US54055,54,055,Mercer,1085.1918699999999,37.588658,37.234874,-80.849451,-81.362156,1781.3744657894051,0.6091879561769197,0.6091879561769197
0500000US54073,54,073,Pleasants,336.96677,39.467383,39.268328,-81.007836,-81.371271,691.5133538636753,0.48728888331262726,0.48728888331262726
0500000US54085,54,085,Ritchie,1170.6566899999998,39.389119,39.009584,-80.81297,-81.328786,1875.8218712022808,0.6240766823182866,0.6240766823182866
0500000US54095,54,095,Tyler,663.8014599999999,39.606926,39.294298,-80.618629,-81.127696,1519.4548593134916,0.43686816750838753,0.43686816750838753
0500000US51057,51,057,Essex,665.9485699999999,38.161631,37.728605,-76.681901,-77.1701,2061.2838815549103,0.32307465068695335,0.32307465068695335
0500000US72079,72,079,Lajas,155.27827,18.056085,17.945806,-66.958748,-67.109986,196.12313183465943,0.7917386824666175,0.7917386824666175
0500000US72081,72,081,Lares,159.1555,18.368177,18.170357,-66.817271,-66.912859,222.0150194844015,0.7168681667105953,0.7168681667105953
0500000US72089,72,089,Luquillo,66.85049,18.38505,18.290604,-65.669636,-65.758861,98.90247818442705,0.6759233057370054,0.6759233057370054
0500000US72095,72,095,Maunabo,54.560939999999995,18.058941,17.981855,-65.850913,-65.988523,124.72475967345596,0.4374507527041698,0.4374507527041698
0500000US72101,72,101,Morovis,100.67589,18.372214,18.257726,-66.365272,-66.463211,131.61641142008554,0.7649189710747286,0.7649189710747286
0500000US72103,72,103,Naguabo,133.80199,18.294,18.173453,-65.662185,-65.831388,239.5312741676822,0.5585992495757895,0.5585992495757895
0500000US72109,72,109,Patillas,120.95040999999999,18.109878,17.967669,-65.910537,-66.082263,287.10773465716875,0.421271862091856,0.421271862091856
0500000US72117,72,117,Rincón,37.005919999999996,18.375318,18.296648,-67.182852,-67.27135,81.71171046243153,0.4528839231313626,0.4528839231313626
0500000US72119,72,119,Río Grande,157.01357,18.423543,18.271736,-65.750179,-65.867478,208.97696519202267,0.7513439093908025,0.7513439093908025
0500000US72125,72,125,San Germán,141.14981999999998,18.174053,18.052518,-66.977855,-67.109044,187.36834994687186,0.7533279768969674,0.7533279768969674
0500000US72131,72,131,San Sebastián,182.39557,18.393376,18.25309,-66.893339,-67.052583,262.2110855222214,0.6956058689766671,0.6956058689766671
0500000US72137,72,137,Toa Baja,60.19419,18.466212,18.389289,-66.14395,-66.252554,97.99695589594266,0.6142455084412699,0.6142455084412699
0500000US72143,72,143,Vega Alta,71.81552,18.486335,18.333229,-66.303663,-66.377058,131.83007414356,0.5447582462996607,0.5447582462996607
0500000US51115,51,115,Mathews,222.55611,37.535542,37.309964,-76.245283,-76.437561,425.9047830872276,0.5225489800484803,0.5225489800484803
0500000US22095,22,095,St. John the Baptist,551.85389,30.293658,29.889246,-90.277855,-90.68885,1778.1176530169369,0.3103584788462496,0.3103584788462496
0500000US22111,22,111,Union,2271.39892,33.014398,32.580975,-92.065179,-92.725439,2974.2706311136453,0.7636826643275324,0.7636826643275324
0500000US21001,21,001,Adair,1049.68297,37.310396,36.925069,-85.043316,-85.526881,1837.0853574093733,0.5713849744468299,0.5713849744468299
0500000US21005,21,005,Anderson,522.74488,38.129052,37.891538,-84.796327,-85.167834,859.6035779558977,0.6081232016775291,0.6081232016775291
0500000US21007,21,007,Ballard,638.8468099999999,37.229891,36.919491,-88.815952,-89.182509,1122.4196430755583,0.5691693066324878,0.5691693066324878
0500000US21019,21,019,Boyd,414.04776,38.505734,38.243772,-82.571877,-82.817454,623.5834544846914,0.6639813115987102,0.6639813115987102
0500000US21037,21,037,Campbell,391.88771999999994,39.10246,38.806596,-84.232132,-84.506082,779.3195474621701,0.5028588353470282,0.5028588353470282
0500000US21049,21,049,Clark,653.8791699999999,38.115118,37.837592,-83.96631,-84.337393,1003.7315305509218,0.6514482708748851,0.6514482708748851
0500000US21061,21,061,Edmonson,784.46697,37.335649,37.053285,-86.049133,-86.469126,1168.0354033843973,0.671612322474984,0.671612322474984
0500000US21069,21,069,Fleming,902.7237799999999,38.525381,38.170963,-83.452848,-83.980031,1811.7777458556918,0.4982530456977486,0.4982530456977486
0500000US21081,21,081,Grant,668.1293499999999,38.802901,38.473039,-84.476299,-84.785788,985.9581925752176,0.6776447064706845,0.6776447064706845
0500000US21093,21,093,Hardin,1614.29002,38.007083,37.440308,-85.680488,-86.27527,3296.8424681789143,0.4896473021022717,0.4896473021022717
0500000US21109,21,109,Jackson,894.07059,37.581421,37.250551,-83.784975,-84.199489,1346.8576428704766,0.6638196655249483,0.6638196655249483
0500000US21125,21,125,Laurel,1123.9382699999999,37.319759,36.939496,-83.871315,-84.368212,1862.6328289073515,0.603413755280647,0.603413755280647
0500000US21131,21,131,Leslie,1038.18596,37.295682,36.895413,-83.182104,-83.551303,1457.419751696507,0.7123451969080983,0.7123451969080983
0500000US72075,72,075,Juana Díaz,156.11742999999998,18.15313,17.975476,-66.42433,-66.552766,268.2133481178178,0.5820643569589327,0.5820643569589327
0500000US40037,40,037,Creek,2460.86519,36.163553,35.639005,-96.029544,-96.621441,3109.577099243064,0.7913825936649154,0.7913825936649154
0500000US40047,40,047,Garfield,2741.4269399999994,36.593637,36.164462,-97.460792,-98.104427,2749.7918017878965,0.9969580017721857,0.9969580017721857
0500000US37183,37,183,Wake,2163.21721,36.071246,35.519081,-78.254903,-78.995054,4098.643408108053,0.52778858627239,0.52778858627239
0500000US37187,37,187,Washington,901.6696499999999,35.984317,35.697469,-76.353444,-76.845119,1413.6176253816818,0.6378455063168486,0.6378455063168486
0500000US38003,38,003,Barnes,3863.12486,47.240512,46.629928,-97.681508,-98.46753,4051.8979996221765,0.9534111817129209,0.9534111817129209
0500000US38013,38,013,Burke,2858.2411199999997,48.999015,48.546339,-102.021144,-102.939932,3389.143626098799,0.8433520190733509,0.8433520190733509
0500000US38025,38,025,Dunn,5201.9114,47.823713,46.98058,-102.144453,-103.099867,6741.341329472261,0.7716433786341488,0.7716433786341488
0500000US38041,38,041,Hettinger,2932.45239,46.631024,46.20548,-101.997888,-102.928003,3373.7702303600195,0.8691914949071899,0.8691914949071899
0500000US38055,38,055,McLean,5467.16884,47.848703,47.156631,-100.585106,-102.385758,10409.044258337628,0.5252325481871986,0.5252325481871986
0500000US38069,38,069,Pierce,2638.174,48.545211,47.847257,-99.492919,-100.27666,4508.385690975306,0.585170431465299,0.585170431465299
0500000US38087,38,087,Slope,3146.6479799999997,46.630065,46.280188,-102.924509,-104.045633,3341.256867868976,0.9417557836572152,0.9417557836572152
0500000US38095,38,095,Towner,2653.6129899999996,48.999769,48.370472,-98.970368,-99.525895,2853.6662221678816,0.9298960647135862,0.9298960647135862
0500000US39009,39,009,Athens,1304.31882,39.556574,39.180742,-81.721551,-82.298476,2072.5656404788388,0.6293256987984489,0.6293256987984489
0500000US39021,39,021,Champaign,1110.25271,40.273459,40.010188,-83.494498,-84.036069,1347.6553754825245,0.823840226662159,0.823840226662159
0500000US54109,54,109,Wyoming,1293.5832699999999,37.791211,37.424509,-81.222121,-81.855939,2276.5979610905492,0.5682089205510578,0.5682089205510578
0500000US55015,55,015,Calumet,824.23124,44.244102,43.891511,-88.041794,-88.404425,1135.90963214402,0.7256133909563478,0.7256133909563478
0500000US55027,55,027,Dodge,2267.86875,43.63354,43.194697,-88.400426,-89.009139,2399.2243709743725,0.9452507974812601,0.9452507974812601
0500000US49027,49,027,Millard,17022.58075,39.554054,38.572325,-112.014198,-114.050154,19188.460689479925,0.8871259151773769,0.8871259151773769
0500000US49033,49,033,Rich,2664.52725,42.001567,41.144253,-111.046264,-111.510839,3684.083104398078,0.7232538394204716,0.7232538394204716
0500000US49041,49,041,Sevier,4948.394429999999,39.045355,38.501977,-111.29936,-112.522426,6406.306436374455,0.7724254965237758,0.7724254965237758
0500000US49055,49,055,Wayne,6373.150839999999,38.510178,38.150082,-109.887266,-111.848871,6851.185761829729,0.9302259581847826,0.9302259581847826
0500000US50013,50,013,Grand Isle,211.89049,45.013576,44.563064,-73.19131,-73.390231,786.3947746258151,0.2694454450067047,0.2694454450067047
0500000US51003,51,003,Albemarle,1866.60782,38.277923,37.733143,-78.208092,-78.839211,3349.6643691477084,0.557252194336993,0.557252194336993
0500000US51009,51,009,Amherst,1227.48906,37.803135,37.394743,-78.869245,-79.436926,2271.129941593631,0.540475046151997,0.540475046151997
0500000US51023,51,023,Botetourt,1401.71318,37.800989,37.309177,-79.498553,-80.073985,2774.015620099382,0.5053011128862288,0.5053011128862288
0500000US51035,51,035,Carroll,1229.4470999999999,36.93178,36.558127,-80.46418,-81.042406,2140.5980984281086,0.5743474690100919,0.5743474690100919
0500000US51053,51,053,Dinwiddie,1304.62444,37.265112,36.873752,-77.396791,-77.900338,1944.1881009827214,0.6710381774996753,0.6710381774996753
0500000US51065,51,065,Fluvanna,740.7529499999999,38.006399,37.690495,-78.06331,-78.491567,1320.8618431203242,0.5608103177922756,0.5608103177922756
0500000US72147,72,147,Vieques,131.48911999999999,18.161935,18.081177,-65.275165,-65.57686,286.3061303718413,0.4592605817738794,0.4592605817738794
0500000US72151,72,151,Yabucoa,143.00685000000001,18.125856,18.011954,-65.796711,-66.010266,285.9225729083104,0.5001593562389333,0.5001593562389333
0500000US72153,72,153,Yauco,176.61727999999997,18.171242,17.954316,-66.797557,-66.926517,328.843256566345,0.5370865191038726,0.5370865191038726
0500000US01003,01,003,Baldwin,4117.54056,31.297346,30.221132,-87.394219,-88.029272,7261.565981345745,0.5670320383478661,0.5670320383478661
0500000US01027,01,027,Clay,1564.25899,33.498742,33.09026,-85.643482,-86.17437,2241.194906368407,0.6979575875150894,0.6979575875150894
0500000US01041,01,041,Crenshaw,1576.8956,32.051664,31.440072,-86.14395,-86.499533,2286.599484011798,0.6896247510881813,0.6896247510881813
0500000US01057,01,057,Fayette,1625.6393999999998,33.91993,33.521667,-87.423701,-87.951785,2162.904967648697,0.7516000121666183,0.7516000121666183
0500000US01073,01,073,Jefferson,2878.20484,33.840617,33.246422,-86.516783,-87.330816,4984.5766082938,0.5774221295367347,0.5774221295367347
0500000US01091,01,091,Marengo,2530.1243799999997,32.546687,31.989872,-87.472206,-88.07349,3500.2831240796263,0.7228342080657482,0.7228342080657482
0500000US01103,01,103,Morgan,1500.48283,34.686037,34.304694,-86.550166,-87.110111,2175.9521946659806,0.6895752736104257,0.6895752736104257
0500000US01115,01,115,St. Clair,1636.62618,33.988918,33.390983,-86.043993,-86.577799,3283.649324695762,0.49841685824707765,0.49841685824707765
0500000US01129,01,129,Washington,2797.7361300000002,31.699303,31.114298,-87.906143,-88.464428,3446.535052487741,0.8117532789868388,0.8117532789868388
0500000US21147,21,147,McCreary,1105.41977,36.9594,36.591685,-84.227295,-84.778455,2007.1734546552418,0.5507345503380375,0.5507345503380375
0500000US21165,21,165,Menifee,527.28515,38.05062,37.825372,-83.433942,-83.768783,735.4774546272706,0.7169290461353715,0.7169290461353715
0500000US21181,21,181,Nicholas,505.49288999999993,38.459379,38.192118,-83.848355,-84.19405,896.171542918011,0.5640581805957283,0.5640581805957283
0500000US19041,19,041,Clay,1469.14642,43.255221,42.9097,-94.913723,-95.388182,1480.4283300532695,0.9923792933273146,0.9923792933273146
0500000US19043,19,043,Clayton,2016.41601,43.081653,42.643973,-90.896961,-91.607059,2816.695531696255,0.7158800045334275,0.7158800045334275
0500000US19049,19,049,Dallas,1524.07773,41.863419,41.503098,-93.790612,-94.28034,1629.4392128274178,0.9353388073651464,0.9353388073651464
0500000US19057,19,057,Des Moines,1077.75857,41.074112,40.696218,-90.942253,-91.409324,1649.9023752869505,0.653225661192564,0.653225661192564
0500000US19073,19,073,Greene,1475.1966599999998,42.20992,41.862763,-94.164138,-94.628806,1481.3730650913687,0.9958306214437699,0.9958306214437699
0500000US19081,19,081,Hancock,1478.90295,43.255468,42.907762,-93.497635,-93.971238,1487.122912432835,0.9944725736090048,0.9944725736090048
0500000US19091,19,091,Humboldt,1124.9716799999999,42.908073,42.644707,-93.971238,-94.443083,1127.798921609077,0.9974931332572623,0.9974931332572623
0500000US19099,19,099,Jasper,1891.7877999999998,41.863104,41.507824,-92.756508,-93.348681,1942.6660456044983,0.9738100916935176,0.9738100916935176
0500000US19115,19,115,Louisa,1040.57394,41.423848,41.07271,-90.946627,-91.485717,1759.7311779255492,0.5913255121311629,0.5913255121311629
0500000US19131,19,131,Mitchell,1215.0544699999998,43.5003,43.212812,-92.553128,-93.024348,1217.8829398604244,0.9976775519486719,0.9976775519486719
0500000US19147,19,147,Palo Alto,1460.35596,43.255054,42.908073,-94.442954,-94.91389,1475.6663979489228,0.9896247295661111,0.9896247295661111
0500000US19157,19,157,Poweshiek,1514.97388,41.862779,41.508794,-92.297494,-92.765999,1531.354380141379,0.9893032596805799,0.9893032596805799
0500000US19165,19,165,Shelby,1530.11761,41.863449,41.50469,-95.040748,-95.558143,1714.009475939644,0.8927124566573169,0.8927124566573169
0500000US19179,19,179,Wapello,1118.44747,41.162662,40.898886,-92.179072,-92.640361,1134.8961396432471,0.9855064537901964,0.9855064537901964
0500000US19187,19,187,Webster,1853.45321,42.645164,42.209161,-93.931581,-94.443083,2035.3685300667476,0.9106229081468691,0.9106229081468691
0500000US19197,19,197,Wright,1503.29298,42.908512,42.5577,-93.498617,-93.971714,1507.3020144193792,0.9973402580365265,0.9973402580365265
0500000US39031,39,031,Coshocton,1460.53467,40.45628,40.152166,-81.61603,-82.195911,1662.8554266572223,0.8783293162990481,0.8783293162990481
0500000US39045,39,045,Fairfield,1306.4244899999999,39.941162,39.554445,-82.374531,-82.842953,1722.0736445006764,0.758634506817973,0.758634506817973
0500000US35013,35,013,Doña Ana,9861.45349,33.052795,31.783513,-106.340473,-107.299463,12704.519973316796,0.7762161428146781,0.7762161428146781
0500000US35017,35,017,Grant,10260.60875,33.208965,31.863694,-107.608283,-109.04748,20181.099876128927,0.5084266374468861,0.5084266374468861
0500000US35037,35,037,Quay,7444.56391,35.740011,34.604671,-103.041357,-104.129424,12485.113892313024,0.5962752101591603,0.5962752101591603
0500000US35059,35,059,Union,9903.49696,37.000104,35.739274,-103.001964,-104.008991,12640.606343098754,0.7834669232783202,0.7834669232783202
0500000US36017,36,017,Chenango,2314.28932,42.744106,42.194918,-75.295877,-75.889832,2974.997431875236,0.7779130479925253,0.7779130479925253
0500000US36031,36,031,Essex,4647.05052,44.546847,43.744513,-73.293613,-74.336826,7426.10026219627,0.6257726607404617,0.6257726607404617
0500000US36049,36,049,Lewis,3301.41861,44.217655,43.419756,-75.11016,-75.850534,5270.158186913508,0.6264363407910325,0.6264363407910325
0500000US36065,36,065,Oneida,3140.19111,43.615229,42.863319,-75.069165,-75.886756,5537.313169696358,0.5670965346849245,0.5670965346849245
0500000US36077,36,077,Otsego,2594.403,42.908363,42.314151,-74.630631,-75.415319,4242.914202430366,0.6114672312991648,0.6114672312991648
0500000US51079,51,079,Greene,404.67714,38.475508,38.184757,-78.286968,-78.663174,1060.921021206686,0.3814394586504869,0.3814394586504869
0500000US12129,12,129,Wakulla,1570.62521,30.303493,29.960775,-84.075539,-84.713351,2337.4963361726154,0.6719262767152483,0.6719262767152483
0500000US13011,13,011,Banks,601.11569,34.491725,34.197499,-83.355269,-83.669473,943.765908220548,0.6369330410900217,0.6369330410900217
0500000US13019,13,019,Berrien,1170.4132299999999,31.475991,31.025405,-83.033531,-83.434492,1909.7124924300758,0.6128740502245286,0.6128740502245286
0500000US13027,13,027,Brooks,1276.98914,31.078135,30.637359,-83.357703,-83.743729,1805.9936909944954,0.7070839429659403,0.7070839429659403
0500000US13033,13,033,Burke,2141.84712,33.296771,32.812741,-81.541831,-82.316512,3885.855313514855,0.5511906510133658,0.5511906510133658
0500000US13039,13,039,Camden,1587.7347499999998,31.169595,30.709714,-81.403409,-81.936006,2597.4923064666214,0.6112567671701024,0.6112567671701024
0500000US13051,13,051,Chatham,1104.47183,32.237499,31.720934,-80.840549,-81.391698,2985.9501873838417,0.3698895697143862,0.3698895697143862
0500000US13061,13,061,Clay,506.03679,31.780425,31.486071,-84.817843,-85.138668,994.1548868205573,0.5090120228834508,0.5090120228834508
0500000US02240,02,240,Southeast Fairbanks,64151.212719999996,65.839421,61.90103,-141.00202,-147.003185,128674.66675261942,0.49855355633702525,0.49855355633702525
0500000US05149,05,149,Yell,2408.65856,35.317402,34.743393,-92.896109,-93.710297,4731.684969661199,0.5090488008909998,0.5090488008909998
0500000US06011,06,011,Colusa,2980.39329,39.414499,38.923945,-121.835488,-122.78509,4465.386134528886,0.6674435760334178,0.6674435760334178
0500000US06027,06,027,Inyo,26368.47661,37.464929,35.789161,-115.648029,-118.786736,52189.70381151295,0.5052428867048516,0.5052428867048516
0500000US06047,06,047,Merced,5011.57748,37.633364,36.740381,-120.052055,-121.226804,10333.14747423712,0.485000092420533,0.485000092420533
0500000US06063,06,063,Plumas,6612.38137,40.446536,39.597264,-120.108761,-121.497635,11168.412493509546,0.5920609911070839,0.5920609911070839
0500000US06077,06,077,San Joaquin,3603.5239799999995,38.300252,37.481783,-120.920665,-121.580022,5265.827009418398,0.68432251449863,0.68432251449863
0500000US06091,06,091,Sierra,2468.82426,39.775875,39.391558,-120.001319,-121.034406,3783.3716779115402,0.6525460542017949,0.6525460542017949
0500000US06107,06,107,Tulare,12494.716849999999,36.744773,35.789161,-117.980761,-119.573194,15170.122478323101,0.8236398135779033,0.8236398135779033
0500000US08011,08,011,Bent,3918.30999,38.266971,37.64342,-102.74233,-103.404339,4024.409264737777,0.9736360623986661,0.9736360623986661
0500000US08019,08,019,Clear Creek,1023.6379299999999,39.851996,39.564865,-105.397949,-105.924618,1438.425590335662,0.7116377356447963,0.7116377356447963
0500000US08027,08,027,Custer,1913.03875,38.265047,37.89597,-105.049215,-105.796897,2685.7091569256986,0.7123030224873024,0.7123030224873024
0500000US20013,20,013,Brown,1478.55848,40.000463,39.652872,-95.33974,-95.788941,1482.6298609088249,0.9972539465066964,0.9972539465066964
0500000US20023,20,023,Cheyenne,2641.50733,40.003162,39.56818,-101.411043,-102.051744,2647.9438909372197,0.9975692230642615,0.9975692230642615
0500000US27071,27,071,Koochiching,8039.5413,48.711945,47.845816,-93.081158,-94.431854,9626.288387344039,0.8351652242799851,0.8351652242799851
0500000US27079,27,079,Le Sueur,1162.2884,44.543618,44.195836,-93.524327,-94.011834,1498.54107720079,0.7756133066242699,0.7756133066242699
0500000US27087,27,087,Mahnomen,1444.90402,47.500268,47.151453,-95.551186,-96.067621,1509.7350342287734,0.9570580182886916,0.9570580182886916
0500000US27101,27,101,Murray,1825.1781799999999,44.196425,43.847911,-95.462427,-96.06462,1865.942124013332,0.9781536932530064,0.9781536932530064
0500000US27107,27,107,Norman,2260.52351,47.499527,47.150539,-96.067069,-96.862312,2325.9858294078026,0.9718560970663912,0.9718560970663912
0500000US27125,27,125,Red Lake,1119.9341299999999,47.96433,47.7603,-95.709148,-96.48255,1308.9932549705784,0.8555690609919698,0.8555690609919698
0500000US27131,27,131,Rice,1283.82156,44.543957,44.195975,-93.039485,-93.52523,1493.9774462864525,0.8593312858846481,0.8593312858846481
0500000US27143,27,143,Sibley,1524.93761,44.717855,44.45603,-93.768039,-94.629489,1986.1196799267564,0.7677974421240498,0.7677974421240498
0500000US27159,27,159,Wadena,1388.93412,46.80472,46.368605,-94.731442,-95.16371,1601.9285581362894,0.8670387408636432,0.8670387408636432
0500000US27169,27,169,Winona,1621.87354,44.193001,43.846935,-91.284138,-92.079491,2447.2436994576597,0.6627347903110049,0.6627347903110049
0500000US28007,28,007,Attala,1903.6033799999998,33.285942,32.879573,-89.316408,-89.965882,2734.235799474788,0.6962103928145692,0.6962103928145692
0500000US28023,28,023,Clarke,1791.12486,32.227662,31.826649,-88.431707,-88.913847,2026.7196097751862,0.8837556272516061,0.8837556272516061
0500000US28035,28,035,Forrest,1207.75326,31.434052,30.909877,-89.137967,-89.451616,1739.2802623555558,0.6943983014930015,0.6943983014930015
0500000US28043,28,043,Grenada,1093.25713,33.897957,33.676727,-89.506872,-90.137011,1432.5453392634645,0.7631570883209129,0.7631570883209129
0500000US36091,36,091,Saratoga,2097.85856,43.398041,42.775477,-73.573342,-74.1601,3298.567091465898,0.6359908717417363,0.6359908717417363
0500000US36101,36,101,Steuben,3601.5478099999996,42.580409,41.998782,-76.965028,-77.749931,4175.579317139975,0.8625264990695584,0.8625264990695584
0500000US36113,36,113,Warren,2245.40568,43.803687,43.253756,-73.43812,-74.214625,3828.0486207170334,0.5865666564024498,0.5865666564024498
0500000US42011,42,011,Berks,2218.35054,40.67727,40.137107,-75.529694,-76.440181,4630.346530721331,0.4790895293217758,0.4790895293217758
0500000US42019,42,019,Butler,2042.48436,41.172865,40.669744,-79.689994,-80.16529,2234.1073083358547,0.914228404508201,0.914228404508201
0500000US42025,42,025,Carbon,987.9813999999999,41.122344,40.735414,-75.474193,-75.997348,1890.9541621783178,0.5224777098043865,0.5224777098043865
0500000US42037,42,037,Columbia,1251.24972,41.310199,40.775511,-76.207827,-76.640767,2158.713432441796,0.5796275231329189,0.5796275231329189
0500000US42053,42,053,Forest,1106.40915,41.625968,41.331861,-78.956042,-79.512276,1515.4131542716875,0.7301039633193258,0.7301039633193258
0500000US42057,42,057,Fulton,1133.2570899999998,40.165131,39.722322,-77.864489,-78.380599,2166.408253562934,0.5231041232123328,0.5231041232123328
0500000US42075,42,075,Lebanon,937.14747,40.555157,40.196644,-76.151215,-76.67804,1779.0529496037827,0.5267676098166243,0.5267676098166243
0500000US42081,42,081,Lycoming,3182.0584599999997,41.596919,41.06884,-76.447597,-77.599278,5646.434426020047,0.5635518311053707,0.5635518311053707
0500000US42099,42,099,Perry,1428.2425500000002,40.628163,40.198549,-76.91497,-77.671761,3060.7657060895604,0.4666291664070967,0.4666291664070967
0500000US42117,42,117,Tioga,2936.5109199999997,42.001674,41.542271,-76.874714,-77.610028,3115.0151525583187,0.9426955491976609,0.9426955491976609
0500000US42131,42,131,Wyoming,1029.06916,41.651825,41.376517,-75.719887,-76.2831,1435.5665023255924,0.7168383758836153,0.7168383758836153
0500000US72149,72,149,Villalba,92.29983,18.176674,18.082053,-66.430314,-66.528745,109.44023703516103,0.8433811228894346,0.8433811228894346
0500000US01005,01,005,Barbour,2291.8288399999997,32.148251,31.618048,-85.050212,-85.748251,3885.6541843050345,0.5898180155241743,0.5898180155241743
0500000US01013,01,013,Butler,2011.9871099999998,31.964629,31.523693,-86.448198,-86.908939,2136.1351652634726,0.9418819289704637,0.9418819289704637
0500000US01019,01,019,Cherokee,1434.083,34.524133,33.941423,-85.398837,-85.843617,2649.3898205823043,0.541288031251213,0.541288031251213
0500000US06041,06,041,Marin,1347.59254,38.316943,37.822128,-122.438268,-123.024066,2821.5020695406656,0.47761529383509727,0.47761529383509727
0500000US06053,06,053,Monterey,8496.741049999999,36.909341,35.789276,-120.213979,-121.978592,19682.421655523478,0.4316918516790112,0.4316918516790112
0500000US06061,06,061,Placer,3644.1533099999997,39.316479,38.711502,-120.002461,-121.484396,8612.98806422769,0.42309977476170624,0.42309977476170624
0500000US02090,02,090,Fairbanks North Star,19005.96131,65.454475,64.257854,-143.884795,-148.663844,30042.7745053092,0.6326300291153615,0.6326300291153615
0500000US08041,08,041,El Paso,5508.414589999999,39.129819,38.519569,-104.051663,-105.072184,5998.934203827931,0.9182322063951076,0.9182322063951076
0500000US08049,08,049,Grand,4781.994699999999,40.486252,39.68842,-105.638797,-106.652112,7647.529925774525,0.6252992464773768,0.6252992464773768
0500000US12085,12,085,Martin,1407.57176,27.263723,26.957189,-80.079531,-80.885639,2719.542070006431,0.5175767551176995,0.5175767551176995
0500000US12093,12,093,Okeechobee,1991.47172,27.643238,26.958919,-80.677427,-81.213717,4032.156430838189,0.4938974353199934,0.4938974353199934
0500000US12105,12,105,Polk,4656.39783,28.361712,27.643238,-81.131495,-82.106206,7645.04726806029,0.6090737789750026,0.6090737789750026
0500000US12121,12,121,Suwannee,1783.34968,30.438116,29.886847,-82.794594,-83.247253,2667.6045133956645,0.6685210161568991,0.6685210161568991
0500000US12133,12,133,Washington,1509.45977,30.830552,30.38932,-85.432274,-85.992736,2631.550480185204,0.573600917544917,0.573600917544917
0500000US13007,13,007,Baker,885.63496,31.440179,31.0784,-84.141124,-84.641673,1913.9870169365377,0.46271732888633543,0.46271732888633543
0500000US13021,13,021,Bibb,646.8835799999999,32.952792,32.664338,-83.502603,-83.891922,1167.0329993410237,0.5542975908695547,0.5542975908695547
0500000US13035,13,035,Butts,477.57786999999996,33.444194,33.180238,-83.814103,-84.123767,844.5752930992118,0.5654651206377395,0.5654651206377395
0500000US13047,13,047,Catoosa,419.99180999999993,34.987647,34.767639,-84.97986,-85.265055,636.4491504675988,0.6598984533036649,0.6598984533036649
0500000US13065,13,065,Clinch,2072.57498,31.183988,30.581745,-82.418915,-82.971336,3530.2781549864553,0.5870854615443047,0.5870854615443047
0500000US13075,13,075,Cook,588.34958,31.350361,31.027278,-83.295052,-83.574857,956.1863963837416,0.6153084610125331,0.6153084610125331
0500000US28057,28,057,Itawamba,1379.91833,34.465276,34.08653,-88.155305,-88.543352,1501.6164095641182,0.9189552812629131,0.9189552812629131
0500000US28069,28,069,Kemper,1984.41138,32.929059,32.576955,-88.347692,-88.914516,2075.34895725695,0.9561820305260157,0.9561820305260157
0500000US22119,22,119,Webster,1535.9477,33.018616,32.410071,-93.147193,-93.530405,2425.999850951276,0.6331194535719895,0.6331194535719895
0500000US22125,22,125,West Feliciana,1044.3242599999999,30.999416,30.653961,-91.17614,-91.662506,1783.9283590461337,0.5854070622871873,0.5854070622871873
0500000US23017,23,017,Oxford,5379.0156,45.336277,43.792152,-70.238904,-71.084334,11499.562364244588,0.4677582876305702,0.4677582876305702
0500000US24015,24,015,Cecil,896.84707,39.72192,39.360797,-75.766693,-76.233259,1606.51988584562,0.5582545712018553,0.5582545712018553
0500000US24027,24,027,Howard,649.41919,39.353957,39.103142,-76.697085,-77.186804,1176.4277756124466,0.5520264001433605,0.5520264001433605
0500000US25001,25,001,Barnstable,1019.74257,42.082337,41.513339,-69.928261,-70.6948,4020.3389910810065,0.25364591698915595,0.25364591698915595
0500000US25003,25,003,Berkshire,2400.47675,42.74594,42.039861,-72.949742,-73.508142,3600.3147482386526,0.6667408040295261,0.6667408040295261
0500000US25027,25,027,Worcester,3912.8943,42.722008,42.008065,-71.478119,-72.314599,5455.738170490647,0.7172071271976208,0.7172071271976208
0500000US26025,26,025,Calhoun,1829.1434699999998,42.42152,42.070366,-84.709556,-85.29948,1896.0587827356815,0.9647082077069706,0.9647082077069706
0500000US26039,26,039,Crawford,1440.7651999999998,44.858037,44.507223,-84.370643,-84.850929,1481.2373674878506,0.9726767847097384,0.9726767847097384
0500000US26049,26,049,Genesee,1649.7704299999998,43.223131,42.780821,-83.453364,-83.932071,1914.6090144957077,0.8616748471930369,0.8616748471930369
0500000US44007,44,007,Providence,1060.61018,42.018798,41.724568,-71.31779,-71.799242,1304.241034086601,0.8132010512479979,0.8132010512479979
0500000US45021,45,021,Cherokee,1016.9868099999999,35.184113,34.83928,-81.366599,-81.874433,1773.3869614278603,0.5734714600479315,0.5734714600479315
0500000US45033,45,033,Dillon,1048.61848,34.621036,34.230913,-79.071169,-79.633413,2237.0490595435135,0.46875077483279626,0.46875077483279626
0500000US45045,45,045,Greenville,2033.4607999999998,35.210542,34.484002,-82.146792,-82.764464,4553.638008251122,0.44655741108876024,0.44655741108876024
0500000US47009,47,009,Blount,1447.04854,35.887125,35.460635,-83.662814,-84.188319,2251.1205243406603,0.6428125568371476,0.6428125568371476
0500000US47019,47,019,Carter,883.7157699999999,36.508314,36.104417,-81.932994,-82.34046,1639.8087475614263,0.5389139259771489,0.5389139259771489
0500000US47037,47,037,Davidson,1305.44547,36.405496,35.968224,-86.515589,-87.054114,2349.917867842597,0.5555281262653227,0.5555281262653227
0500000US47051,47,051,Franklin,1436.26378,35.362607,34.988379,-85.863935,-86.320277,1725.9457723510125,0.8321604322733619,0.8321604322733619
0500000US47063,47,063,Hamblen,417.45360999999997,36.345292,36.085094,-83.082312,-83.467097,998.7590484591557,0.4179722933614771,0.4179722933614771
0500000US47075,47,075,Haywood,1380.7600799999998,35.822657,35.397126,-89.069544,-89.502118,1850.343860506523,0.746218100035754,0.746218100035754
0500000US47085,47,085,Humphreys,1375.2382,36.244754,35.804079,-87.53453,-88.012932,2108.1649799006777,0.65233898348164,0.65233898348164
0500000US47099,47,099,Lawrence,1598.36152,35.457844,34.999327,-87.206578,-87.606031,1849.8531836703703,0.8640477709850598,0.8640477709850598
0500000US47113,47,113,Madison,1442.93303,35.797336,35.427826,-88.606862,-89.078876,1753.1841983895292,0.8230356121880831,0.8230356121880831
0500000US47127,47,127,Moore,334.68757,35.412476,35.124405,-86.25759,-86.52728,784.2738390423733,0.4267483541318497,0.4267483541318497
0500000US06019,06,019,Fresno,15431.196689999999,37.585737,35.907186,-118.360586,-120.918731,42540.78002338693,0.3627389220770435,0.3627389220770435
0500000US06023,06,023,Humboldt,9241.08633,41.464739,40.001284,-123.408291,-124.409591,13728.836844216565,0.6731150231341643,0.6731150231341643
0500000US06035,06,035,Lassen,11761.66656,41.183974,39.707658,-119.995926,-121.331786,18556.469861738387,0.6338310383189529,0.6338310383189529
0500000US06037,06,037,Los Angeles,10509.91956,34.822526,32.800595,-117.650459,-118.944887,26886.054355978165,0.39090598497072143,0.39090598497072143
0500000US13085,13,085,Dawson,546.0497,34.617924,34.334011,-83.957077,-84.345553,1124.1882170355686,0.48572800508433306,0.48572800508433306
0500000US13099,13,099,Early,1327.6184600000001,31.517451,31.07259,-84.637579,-85.111871,2229.226904909695,0.5955510661907166,0.5955510661907166
0500000US13117,13,117,Forsyth,580.21439,34.335156,34.050654,-83.927284,-84.258934,964.9846128427329,0.6012680225965009,0.6012680225965009
0500000US08051,08,051,Gunnison,8389.268999999998,39.256299,38.147072,-106.24694,-107.63504,14856.944324824724,0.5646698820821603,0.5646698820821603
0500000US08055,08,055,Huerfano,4120.69259,38.00756,37.293129,-104.351109,-105.485516,7933.911590315572,0.5193771751918524,0.5193771751918524
0500000US08065,08,065,Lake,976.19949,39.379694,39.056073,-106.135529,-106.577966,1371.5722991116172,0.7117375370093836,0.7117375370093836
0500000US08079,08,079,Mineral,2267.97494,37.96111,37.392409,-106.693523,-107.145138,2513.373333876936,0.9023629356732279,0.9023629356732279
0500000US08089,08,089,Otero,3268.47899,38.265435,37.643576,-103.399938,-104.061132,4008.585817806083,0.815369593805741,0.815369593805741
0500000US08101,08,101,Pueblo,6180.009359999999,38.522393,37.734704,-104.053921,-105.049917,7630.433504432473,0.8099158922504297,0.8099158922504297
0500000US08117,08,117,Summit,1575.6472199999998,39.924914,39.365503,-105.793058,-106.434508,3416.328515515465,0.4612106865145145,0.4612106865145145
0500000US09005,09,005,Litchfield,2384.2504,42.049638,41.467415,-72.88706,-73.517473,3385.309107202037,0.7042932637754271,0.7042932637754271
0500000US12007,12,007,Bradford,761.3615799999999,30.143136,29.718232,-82.046112,-82.418728,1696.5084235194875,0.4487814911172201,0.4487814911172201
0500000US12019,12,019,Clay,1565.2924,30.191193,29.71867,-81.581207,-82.049425,2370.110834621655,0.6604300428211284,0.6604300428211284
0500000US12027,12,027,DeSoto,1649.9828099999997,27.34068,27.032119,-81.562202,-82.057469,1680.7732631642812,0.9816807811981051,0.9816807811981051
0500000US12035,12,035,Flagler,1257.34399,29.670667,29.261156,-81.101923,-81.52366,1859.1753790770751,0.6762912225226251,0.6762912225226251
0500000US26059,26,059,Hillsdale,1549.16447,42.073456,41.696089,-84.360419,-84.826491,1618.995282407095,0.9568678098287774,0.9568678098287774
0500000US26063,26,063,Huron,2164.47854,44.070503,43.667621,-82.606233,-83.467429,3092.7189793913676,0.699862662732441,0.699862662732441
0500000US26113,26,113,Missaukee,1462.64034,44.512303,44.161375,-84.850929,-85.334777,1501.5900316434324,0.9740610347547369,0.9740610347547369
0500000US26119,26,119,Montmorency,1415.85717,45.202062,44.855029,-83.881218,-84.371757,1487.5902404534147,0.9517790124573884,0.9517790124573884
0500000US26129,26,129,Ogemaw,1459.4339200000002,44.508973,44.160538,-83.883977,-84.370643,1499.659367052102,0.9731769440875274,0.9731769440875274
0500000US26137,26,137,Otsego,1333.77489,45.201936,44.855029,-84.366827,-84.857452,1487.312473727165,0.8967684421133079,0.8967684421133079
0500000US26149,26,149,St. Joseph,1296.53069,42.071553,41.759049,-85.292178,-85.791335,1435.2052649759146,0.9033764867227951,0.9033764867227951
0500000US27005,27,005,Becker,3406.3757699999996,47.152515,46.716255,-95.16301,-96.194671,3799.8685100961957,0.8964456956732341,0.8964456956732341
0500000US27013,27,013,Blue Earth,1936.91596,44.264448,43.847946,-93.767761,-94.371731,2235.244231773256,0.8665343735003904,0.8665343735003904
0500000US27023,27,023,Chippewa,1505.1059799999998,45.152384,44.752505,-95.24649,-96.036698,2764.9383404557598,0.544354265691113,0.544354265691113
0500000US27033,27,033,Cottonwood,1653.9999,44.195942,43.847911,-94.859388,-95.462547,1866.3528333780002,0.886220370778631,0.886220370778631
0500000US27047,27,047,Freeborn,1831.3553299999999,43.848443,43.499356,-93.049192,-93.648533,1871.0511992912675,0.978784188638823,0.978784188638823
0500000US27061,27,061,Itasca,6909.39998,47.89895,47.026415,-93.055943,-94.41904,9941.877349959892,0.6949794024594232,0.6949794024594232
0500000US29095,29,095,Jackson,1565.55658,39.237107,38.833006,-94.104823,-94.608134,1953.367120469511,0.8014656147297611,0.8014656147297611
0500000US47133,47,133,Overton,1122.7209699999999,36.531293,36.144719,-85.082497,-85.497587,1598.1953643256418,0.7024929461447486,0.7024929461447486
0500000US47145,47,145,Roane,934.2337200000001,36.048977,35.644424,-84.263383,-84.781901,2102.369338361133,0.4443718346502648,0.4443718346502648
0500000US47159,47,159,Smith,814.0085099999999,36.426073,36.086024,-85.780148,-86.136803,1209.208655095919,0.673174564678773,0.673174564678773
0500000US47165,47,165,Sumner,1371.27291,36.651841,36.245105,-86.205468,-86.754795,2222.1903027592525,0.6170816731120263,0.6170816731120263
0500000US45047,45,047,Greenwood,1177.7403399999998,34.409676,33.95321,-81.870084,-82.334234,2167.1060540379576,0.5434622536379898,0.5434622536379898
0500000US45051,45,051,Horry,2936.7906399999997,34.29924,33.571807,-78.541087,-79.339076,5954.72340837659,0.4931867424553719,0.4931867424553719
0500000US45059,45,059,Laurens,1848.7523599999997,34.785554,34.203148,-81.643552,-82.313996,3979.0625371195524,0.46462008142709754,0.46462008142709754
0500000US45069,45,069,Marlboro,1242.35566,34.806555,34.297994,-79.450034,-79.927618,2473.339112816465,0.5022989583443301,0.5022989583443301
0500000US45087,45,087,Union,1331.70289,34.912577,34.445027,-81.419829,-81.854002,2064.04870935636,0.6451896624160918,0.6451896624160918
0500000US46015,46,015,Brule,2116.6515999999997,43.935223,43.499187,-98.794588,-99.458809,2588.206636976993,0.817806263904892,0.817806263904892
0500000US46025,46,025,Clark,2480.19436,45.153295,44.543884,-97.491346,-97.981792,2619.9935985431234,0.9466413816351077,0.9466413816351077
0500000US46037,46,037,Day,2662.1781199999996,45.588483,45.151631,-97.226244,-97.981792,2867.004043159555,0.9285575046019716,0.9285575046019716
0500000US46049,46,049,Faulk,2542.7325,45.245364,44.896925,-98.716498,-99.573445,2607.3315707008614,0.975224067615038,0.975224067615038
0500000US46057,46,057,Hamlin,1313.72829,44.804436,44.543126,-96.88457,-97.492266,1396.229630568778,0.9409113381047717,0.9409113381047717
0500000US46067,46,067,Hutchinson,2105.42136,43.499826,43.16833,-97.399191,-98.114758,2133.297229536925,0.98693296501258,0.98693296501258
0500000US46077,46,077,Kingsbury,2155.49124,44.544398,44.194971,-97.128024,-97.85366,2241.0744507871696,0.9618115271640757,0.9618115271640757
0500000US51097,51,097,King and Queen,816.2074199999998,37.972,37.431309,-76.647086,-77.181418,2826.3071745853254,0.28878935288403446,0.28878935288403446
0500000US51109,51,109,Louisa,1285.417,38.151611,37.729069,-77.687294,-78.306607,2551.7334996579348,0.5037426518765823,0.5037426518765823
0500000US01035,01,035,Conecuh,2201.90404,31.753035,31.192217,-86.667245,-87.427455,4495.912010893438,0.48975692466063914,0.48975692466063914
0500000US01039,01,039,Covington,2668.8810399999998,31.52851,30.993245,-86.187246,-86.701554,2909.598049792309,0.9172679505303174,0.9172679505303174
0500000US01049,01,049,DeKalb,2012.6708699999997,34.860371,34.200006,-85.513699,-86.110362,4013.453681606259,0.5014810259862003,0.5014810259862003
0500000US01053,01,053,Escambia,2447.7572,31.261293,30.995029,-86.688294,-87.61589,2614.1017415152774,0.9363664623784479,0.9363664623784479
0500000US01063,01,063,Greene,1676.0149,33.153637,32.520443,-87.715709,-88.207316,3233.8126112372515,0.5182782991741625,0.5182782991741625
0500000US01069,01,069,Houston,1501.7441599999997,31.314973,30.997041,-84.999428,-85.710866,2393.28690643082,0.6274818768969055,0.6274818768969055
0500000US01075,01,075,Lamar,1566.55114,34.058333,33.524065,-87.946519,-88.274619,1801.2439011337055,0.8697051737491022,0.8697051737491022
0500000US01077,01,077,Lauderdale,1729.33523,35.007712,34.741239,-87.210759,-88.200064,2674.135169243979,0.6466895353270085,0.6466895353270085
0500000US12047,12,047,Hamilton,1330.7160999999999,30.634405,30.337024,-82.645768,-83.30925,2102.312021488577,0.6329774488269178,0.6329774488269178
0500000US12067,12,067,Lafayette,1407.4344899999999,30.26067,29.822623,-82.875616,-83.37089,2322.1194235184003,0.6060990988428583,0.6060990988428583
0500000US12077,12,077,Liberty,2164.10558,30.606393,29.971399,-84.54445,-85.153773,4130.903923483887,0.5238818476743595,0.5238818476743595
0500000US04001,04,001,Apache,29001.57939,36.999346,33.488314,-109.045223,-110.000677,33869.77301987675,0.8562673086997125,0.8562673086997125
0500000US04007,04,007,Gila,12323.04647,34.498057,32.983722,-110.000646,-111.720728,26780.712750970408,0.46014632189180515,0.46014632189180515
0500000US04019,04,019,Pima,23794.42324,32.513807,31.42588,-110.451221,-113.333897,32894.511579002145,0.7233554200327118,0.7233554200327118
0500000US05011,05,011,Bradley,1681.50829,33.707806,33.162956,-91.975844,-92.374467,2240.986312861052,0.7503429540599157,0.7503429540599157
0500000US05023,05,023,Cleburne,1434.0622799999999,35.71219,35.358287,-91.789823,-92.252759,1648.4320126991809,0.869955369073325,0.869955369073325
0500000US05037,05,037,Cross,1596.4267899999998,35.444717,35.144214,-90.502429,-91.04267,1638.325085208958,0.9744261407047831,0.9744261407047831
0500000US05039,05,039,Dallas,1728.5297399999997,34.155877,33.795065,-92.334249,-92.961185,2319.392101437322,0.7452511970394458,0.7452511970394458
0500000US05055,05,055,Greene,1496.2404099999999,36.266865,35.964708,-90.198735,-90.852064,1971.7592128660654,0.7588352574882247,0.7588352574882247
0500000US05065,05,065,Izard,1503.69443,36.261248,35.867411,-91.682277,-92.19543,2019.9314645492395,0.7444284404647159,0.7444284404647159
0500000US05079,05,079,Lincoln,1454.32903,34.174093,33.783384,-91.421715,-91.976439,2222.202072464981,0.6544539976901306,0.6544539976901306
0500000US29099,29,099,Jefferson,1700.66911,38.501652,38.003499,-90.254112,-90.780185,2544.5331319488278,0.6683619437478017,0.6683619437478017
0500000US29115,29,115,Linn,1594.3107599999998,40.037301,39.699985,-92.847477,-93.364808,1656.0118966673883,0.962741127167288,0.962741127167288
0500000US29121,29,121,Macon,2075.17793,40.037301,39.605344,-92.287882,-92.85792,2338.3054986508946,0.8874708335575875,0.8874708335575875
0500000US29135,29,135,Moniteau,1074.91475,38.922084,38.427829,-92.379614,-92.841871,2205.416198567555,0.48739768516172605,0.48739768516172605
0500000US29145,29,145,Newton,1618.1413499999999,37.056797,36.747818,-94.059211,-94.618658,1709.0869693985596,0.9467870149226144,0.9467870149226144
0500000US29163,29,163,Pike,1736.4344199999998,39.598196,39.13905,-90.718996,-91.460442,3254.0584245826076,0.5336211565478359,0.5336211565478359
0500000US29173,29,173,Ralls,1216.73279,39.686492,39.318716,-91.178012,-91.718467,1896.282807619419,0.6416409963276936,0.6416409963276936
0500000US29185,29,185,St. Clair,1735.2559699999997,38.213985,37.828035,-93.504025,-94.065675,2111.420858002386,0.8218427716214399,0.8218427716214399
0500000US29201,29,201,Scott,1087.7740999999999,37.248629,36.859517,-89.322733,-89.786819,1781.898076374204,0.6104580920887441,0.6104580920887441
0500000US29215,29,215,Texas,3049.11894,37.604543,37.048925,-91.646626,-92.252261,3308.4759065305093,0.9216083254472031,0.9216083254472031
0500000US29223,29,223,Wayne,1966.26584,37.317594,36.922043,-90.110354,-90.779553,2609.7012562271807,0.7534447995946522,0.7534447995946522
0500000US30007,30,007,Broadwater,3088.68119,46.762469,45.833512,-111.057211,-111.787875,5798.288025132941,0.532688472289057,0.532688472289057
0500000US30021,30,021,Dawson,6143.130349999999,47.79076,46.86088,-104.305564,-105.406511,8579.845543074422,0.7159954476055437,0.7159954476055437
0500000US30031,30,031,Gallatin,6740.964509999999,46.192897,44.474072,-110.783982,-111.805134,15255.251691714977,0.4418782886198443,0.4418782886198443
0500000US46091,46,091,Marshall,2170.59094,45.935937,45.558158,-97.227089,-97.979592,2452.812813768152,0.8849394979576177,0.8849394979576177
0500000US46107,46,107,Potter,2230.3525999999997,45.24681,44.897263,-99.572699,-100.404753,2539.6031165429945,0.8782288009773911,0.8782288009773911
0500000US46119,46,119,Sully,2607.65603,44.897695,44.547422,-99.67305,-100.717644,3214.4189494188845,0.8112371383547943,0.8112371383547943
0500000US46129,46,129,Walworth,1835.3517,45.594823,45.245866,-99.707705,-100.486561,2358.7119881539165,0.778116068946793,0.778116068946793
0500000US40057,40,057,Harmon,1391.3324599999999,35.030385,34.505045,-99.666512,-100.000384,1781.4849224924055,0.7809959222407795,0.7809959222407795
0500000US40061,40,061,Haskell,1493.1893899999998,35.458894,35.058279,-94.813629,-95.454954,2593.9470548756103,0.5756437423012876,0.5756437423012876
0500000US40069,40,069,Johnston,1665.2146,34.506053,34.114406,-96.40733,-96.933671,2105.286121159739,0.7909683074729449,0.7909683074729449
0500000US40075,40,075,Kiowa,2629.43534,35.116738,34.594366,-98.619816,-99.409291,4184.24429722678,0.6284134369837652,0.6284134369837652
0500000US40093,40,093,Major,2473.41892,36.506914,36.161577,-98.103904,-98.960334,2945.852995547245,0.8396274096971761,0.8396274096971761
0500000US40103,40,103,Noble,1895.6080499999998,36.598949,36.159072,-96.902643,-97.461603,2447.585636045127,0.7744807871413124,0.7744807871413124
0500000US40115,40,115,Ottawa,1219.42639,36.999529,36.667921,-94.618019,-95.00762,1278.5304943910357,0.9537718461543719,0.9537718461543719
0500000US40133,40,133,Seminole,1639.04783,35.467712,34.856782,-96.44129,-96.776707,2071.3162292233565,0.7913073855528877,0.7913073855528877
0500000US40141,40,141,Tillman,2256.23706,34.63795,34.135995,-98.60966,-99.220707,3129.61162150899,0.7209319662840851,0.7209319662840851
0500000US41009,41,009,Columbia,1702.5546299999999,46.188973,45.721502,-122.760108,-123.363638,2425.1903147662297,0.7020292880248095,0.7020292880248095
0500000US06067,06,067,Sacramento,2498.42796,38.736401,38.02663,-121.027084,-121.862462,5746.810637108091,0.4347503541994657,0.4347503541994657
0500000US06071,06,071,San Bernardino,51947.469419999994,35.809629,33.870831,-114.131489,-117.783287,71845.52403456064,0.7230439212192415,0.7230439212192415
0500000US06111,06,111,Ventura,4773.71447,34.901274,33.215432,-118.633473,-119.578942,16326.578737258915,0.29238914942454525,0.29238914942454525
0500000US08005,08,005,Arapahoe,2067.0789999999997,39.740302,39.565909,-103.706547,-105.05414,2237.203867680319,0.9239564752510838,0.9239564752510838
0500000US05109,05,109,Pike,1555.60062,34.350097,33.943171,-93.373406,-93.935371,2340.008246203379,0.6647842470315795,0.6647842470315795
0500000US05117,05,117,Prairie,1678.21122,35.091584,34.48051,-91.363778,-91.803703,2729.8394238934598,0.6147655445632165,0.6147655445632165
0500000US05135,05,135,Sharp,1565.4970099999998,36.497538,35.890621,-91.25892,-91.710552,2735.0680731931266,0.5723795416076498,0.5723795416076498
0500000US13307,13,307,Webster,541.6156199999999,32.232953,31.919224,-84.431214,-84.65582,738.2546385715318,0.7336433686999734,0.7336433686999734
0500000US13311,13,311,White,623.37674,34.801191,34.503598,-83.61554,-83.877276,792.2356490021904,0.7868577244474346,0.7868577244474346
0500000US13315,13,315,Wilcox,978.2559499999999,32.118405,31.847312,-83.177469,-83.612256,1236.1388046103527,0.7913803420388207,0.7913803420388207
0500000US15005,15,005,Kalawao,31.056689999999996,21.218503,21.129479,-156.898876,-157.014553,118.73217123612113,0.2615692922707356,0.2615692922707356
0500000US16005,16,005,Bannock,2880.04892,43.022364,42.256646,-111.875573,-112.750503,6093.5395518324785,0.47263973516572944,0.47263973516572944
0500000US16027,16,027,Canyon,1521.2883,43.879973,43.290253,-116.473492,-117.026841,2922.5590159842873,0.5205329615859429,0.5205329615859429
0500000US16039,16,039,Elmore,7963.571419999999,44.098685,42.767732,-114.971258,-116.266168,15474.113012310852,0.5146383132696758,0.5146383132696758
0500000US16063,16,063,Lincoln,3111.6389499999996,43.20003,42.764508,-113.713928,-114.594685,3469.6770594918044,0.8968093850370484,0.8968093850370484
0500000US16075,16,075,Payette,1053.7855299999999,44.152537,43.7926,-116.452012,-116.979186,1688.4402370540836,0.6241177548804443,0.6241177548804443
0500000US17001,17,001,Adams,2214.97318,40.201142,39.75707,-90.911969,-91.512974,2528.6477948625297,0.8759516388562201,0.8759516388562201
0500000US17017,17,017,Cass,973.3686199999999,40.124245,39.87286,-89.994405,-90.583534,1402.7611553021934,0.6938947634248608,0.6938947634248608
0500000US30047,30,047,Lake,3859.4885,48.051911,47.138192,-113.604004,-114.604326,7621.04964231707,0.5064247946332204,0.5064247946332204
0500000US31123,31,123,Morrill,3687.7404199999996,42.005282,41.437655,-102.636476,-103.370391,3844.530700449688,0.9592173160611388,0.9592173160611388
0500000US31127,31,127,Nemaha,1055.1193799999999,40.545137,40.261449,-95.550966,-96.067012,1378.3851742748238,0.7654749918179468,0.7654749918179468
0500000US31143,31,143,Polk,1135.31355,41.396416,41.046581,-97.368118,-97.828243,1497.0084078390369,0.7583882255136088,0.7583882255136088
0500000US31153,31,153,Sarpy,618.9841,41.191046,40.995628,-95.852788,-96.327399,864.2455334804605,0.7162132473016645,0.7162132473016645
0500000US31167,31,167,Stanton,1108.38791,42.090922,41.74298,-97.019359,-97.368404,1117.3730491348156,0.9919586935251634,0.9919586935251634
0500000US31179,31,179,Wayne,1147.14985,42.351861,42.090411,-96.822497,-97.368404,1306.8821438841799,0.8777760530039533,0.8777760530039533
0500000US31185,31,185,York,1482.8009,41.046947,40.698537,-97.368118,-97.826287,1492.4620143503757,0.9935267268061218,0.9935267268061218
0500000US32011,32,011,Eureka,10815.02156,41.000398,39.161463,-115.813476,-116.600946,13699.079589234187,0.7894706713361453,0.7894706713361453
0500000US32027,32,027,Pershing,15634.69817,40.96085,39.998609,-117.300597,-119.339296,18449.29201155457,0.8474416340859137,0.8474416340859137
0500000US33005,33,005,Cheshire,1830.2494,43.181962,42.712234,-71.928811,-72.556214,2667.251794580477,0.6861929585046446,0.6861929585046446
0500000US33017,33,017,Strafford,955.64525,43.53937,43.080457,-70.816232,-71.247215,1779.4486333708637,0.5370457073490749,0.5370457073490749
0500000US34027,34,027,Morris,1191.85843,41.085904,40.649702,-74.270702,-74.889753,2524.835401092293,0.47205391269639946,0.47205391269639946
0500000US34037,34,037,Sussex,1344.24626,41.357423,40.911823,-74.365664,-74.974338,2525.751952611096,0.5322162608289116,0.5322162608289116
0500000US41023,41,023,Grant,11728.92119,44.995956,43.959051,-118.227435,-119.671987,13214.384066598786,0.887587429795271,0.887587429795271
0500000US41047,41,047,Marion,3062.2243399999998,45.284254,44.68394,-121.733782,-123.178687,7585.64362499135,0.40368681833553594,0.40368681833553594
0500000US41061,41,061,Union,5274.809539999999,45.861012,44.958256,-117.266572,-118.697684,11214.202252304181,0.47036868261549186,0.47036868261549186
0500000US42009,42,009,Bedford,2621.84664,40.327025,39.722554,-78.134863,-78.808387,3854.7294894858223,0.6801635879122935,0.6801635879122935
0500000US48355,48,355,Nueces,2171.6683799999996,27.995659,27.558358,-97.253955,-97.942146,3292.2210218309515,0.6596362654874969,0.6596362654874969
0500000US48363,48,363,Palo Pinto,2465.13869,33.007913,32.511626,-98.056094,-98.576256,2684.1687131173253,0.9183993084909521,0.9183993084909521
0500000US48373,48,373,Polk,2737.87087,31.146578,30.489002,-94.537926,-95.20018,4624.148590670014,0.5920810753192726,0.5920810753192726
0500000US48389,48,389,Reeves,6825.621249999999,32.000125,30.76647,-103.01104,-104.102351,14210.57456109636,0.48031986466516213,0.48031986466516213
0500000US48405,48,405,San Augustine,1374.40163,31.653596,31.09928,-93.983239,-94.399091,2433.3467403826535,0.564819475659219,0.564819475659219
0500000US48413,48,413,Schleicher,3394.5317,31.087994,30.706071,-100.115216,-100.962176,3431.963460163076,0.9890931938531486,0.9890931938531486
0500000US48421,48,421,Sherman,2390.66065,36.500326,36.055249,-101.623466,-102.163015,2393.625054429658,0.9987615418612985,0.9987615418612985
0500000US48439,48,439,Tarrant,2236.7447199999997,32.994177,32.548662,-97.032287,-97.550582,2400.6070010968892,0.9317413133336622,0.9317413133336622
0500000US48455,48,455,Trinity,1796.4447199999997,31.38693,30.824566,-94.842947,-95.434781,3523.4635942715527,0.5098519317527956,0.5098519317527956
0500000US48471,48,471,Walker,2030.9977099999999,31.058098,30.504369,-95.327482,-95.863059,3150.2592487586085,0.6447081175304334,0.6447081175304334
0500000US13083,13,083,Dade,450.61078999999995,34.984678,34.623789,-85.363919,-85.605165,883.9016970384823,0.5097974033874739,0.5097974033874739
0500000US13089,13,089,DeKalb,693.03738,33.9577,33.630657,-84.023713,-84.350224,1097.224949327941,0.6316274346700655,0.6316274346700655
0500000US13097,13,097,Douglas,518.17353,33.80617,33.573378,-84.578132,-84.905788,784.7080083256676,0.6603392911786736,0.6603392911786736
0500000US13105,13,105,Elbert,909.23245,34.293509,33.955744,-82.564483,-83.102074,1858.5433344786868,0.4892177831597538,0.4892177831597538
0500000US13111,13,111,Fannin,1001.61257,34.988408,34.602692,-84.093193,-84.621483,2068.978080366174,0.4841098025662658,0.4841098025662658
0500000US13121,13,121,Fulton,1363.9846499999999,34.186144,33.502511,-84.097692,-84.850713,5286.478423890415,0.25801384979383285,0.25801384979383285
0500000US08067,08,067,La Plata,4382.4820199999995,37.639587,36.999459,-107.481737,-108.379203,5648.935933447775,0.7758066424600416,0.7758066424600416
0500000US08071,08,071,Las Animas,12361.220479999998,37.817488,36.993264,-103.075938,-105.155042,16830.80703070924,0.7344401523614347,0.7344401523614347
0500000US05095,05,095,Monroe,1572.4459799999997,35.00247,34.336353,-91.000459,-91.447795,3030.1312042305394,0.5189365984564028,0.5189365984564028
0500000US17025,17,025,Clay,1212.93844,38.915303,38.599502,-88.253851,-88.698457,1353.7692839282058,0.8959713109167614,0.8959713109167614
0500000US17039,17,039,De Witt,1029.55867,40.282148,40.048853,-88.574885,-89.148764,1265.0126139762403,0.8138722559958104,0.8138722559958104
0500000US17045,17,045,Edgar,1614.53866,39.883,39.47711,-87.531627,-87.9666,1680.0348371755595,0.961014988661979,0.961014988661979
0500000US17061,17,061,Greene,1406.41921,39.521728,39.117592,-90.148069,-90.613694,1799.9620626092933,0.78136047376532,0.78136047376532
0500000US17069,17,069,Hardin,459.79751999999996,37.599912,37.40486,-88.061292,-88.415149,677.0206428947738,0.6791484496455217,0.6791484496455217
0500000US18049,18,049,Fulton,954.1249199999999,41.172868,40.909836,-85.9454,-86.468509,1283.1538625941528,0.7435779510268902,0.7435779510268902
0500000US18053,18,053,Grant,1072.45166,40.653607,40.378367,-85.44433,-85.864791,1087.8023300343953,0.9858883644476935,0.9858883644476935
0500000US18063,18,063,Hendricks,1053.89949,39.924029,39.600769,-86.326293,-86.695127,1133.2149863179704,0.9300084297546386,0.9300084297546386
0500000US18075,18,075,Jay,994.3139499999999,40.572212,40.306706,-84.802265,-85.220028,1043.7875139724767,0.9526018817908743,0.9526018817908743
0500000US18093,18,093,Lawrence,1163.34512,38.992404,38.686561,-86.275281,-86.683102,1201.2234505281688,0.9684668739096677,0.9684668739096677
0500000US18099,18,099,Marshall,1148.99911,41.479154,41.171442,-86.054047,-86.467108,1180.1939047228789,0.9735680767388781,0.9735680767388781
0500000US18113,18,113,Noble,1064.08337,41.526437,41.264158,-85.192094,-85.654747,1125.5030191209964,0.9454291564948761,0.9454291564948761
0500000US18119,18,119,Owen,997.8959199999999,39.473345,39.165746,-86.630818,-87.054578,1246.8249713005607,0.8003496424675363,0.8003496424675363
0500000US18133,18,133,Putnam,1244.56752,39.866705,39.470063,-86.65665,-87.014533,1351.0170277493987,0.9212078711348825,0.9212078711348825
0500000US18145,18,145,Shelby,1064.8707299999999,39.698462,39.347373,-85.629327,-85.95322,1084.5561735655936,0.9818493093807436,0.9818493093807436
0500000US18157,18,157,Tippecanoe,1294.4975399999998,40.562895,40.214367,-86.694665,-87.095357,1315.1760819992933,0.9842769783587773,0.9842769783587773
0500000US35011,35,011,De Baca,6015.59357,34.779324,33.995413,-103.945949,-104.893141,7576.205953592737,0.7940113569836794,0.7940113569836794
0500000US30049,30,049,Lewis and Clark,8958.36452,47.953982,46.421006,-111.497961,-113.165906,21484.713317586382,0.4169645825651814,0.4169645825651814
0500000US30053,30,053,Lincoln,9357.45244,49.000912,47.890261,-114.611925,-116.049353,13093.578928995994,0.7146596427717506,0.7146596427717506
0500000US30075,30,075,Powder River,8540.00182,45.7886,44.993647,-104.982036,-106.279682,8957.057317393075,0.9534383355364685,0.9534383355364685
0500000US30085,30,085,Roosevelt,6098.91387,48.563318,47.996107,-104.04412,-105.843797,8399.494965987515,0.7261048306709665,0.7261048306709665
0500000US31001,31,001,Adams,1458.87448,40.698903,40.350347,-98.27809,-98.724412,1462.1009561540202,0.9977932603487879,0.9977932603487879
0500000US31005,31,005,Arthur,1852.76945,41.7432,41.394712,-101.406466,-101.985523,1866.6924676459523,0.9925413436400103,0.9925413436400103
0500000US31017,31,017,Brown,3163.25247,42.846102,42.085848,-99.662379,-100.198478,3717.395252323896,0.8509325092677518,0.8509325092677518
0500000US31027,31,027,Cedar,1917.40808,42.861168,42.351347,-97.015116,-97.485376,2181.810119226457,0.8788152842007173,0.8788152842007173
0500000US31041,31,041,Custer,6670.6019799999995,41.740792,41.046471,-99.203261,-100.251224,6749.053419779988,0.9883759343865816,0.9883759343865816
0500000US31059,31,059,Fillmore,1490.2108899999998,40.698625,40.350312,-97.368401,-97.82478,1494.0077652949985,0.9974585973492253,0.9974585973492253
0500000US31069,31,069,Garden,4414.09297,42.009195,41.221547,-101.98463,-102.677582,5045.2644373407575,0.8748982386989742,0.8748982386989742
0500000US31077,31,077,Greeley,1475.81049,41.74121,41.393894,-98.290943,-98.752225,1482.0551752197007,0.9957864691381851,0.9957864691381851
0500000US31089,31,089,Holt,6248.113409999999,42.894077,42.087916,-98.300235,-99.257039,7032.435199256268,0.888470811741114,0.888470811741114
0500000US48481,48,481,Wharton,2813.1285000000003,29.633806,28.963291,-95.841948,-96.640315,5772.140586983369,0.4873631294330956,0.4873631294330956
0500000US48493,48,493,Wilson,2081.6684699999996,29.441751,28.882333,-97.728443,-98.407336,4100.5615854224025,0.507654482595843,0.507654482595843
0500000US48503,48,503,Young,2368.47212,33.397534,32.9523,-98.420666,-98.953938,2457.1669236614307,0.963903631126018,0.963903631126018
0500000US49005,49,005,Cache,3016.86567,41.999518,41.375814,-111.426855,-112.163956,4244.905286749133,0.7107027050562064,0.7107027050562064
0500000US49017,49,017,Garfield,13403.56339,38.151885,37.535578,-109.927882,-112.689222,16616.555829108638,0.8066390850094117,0.8066390850094117
0500000US47183,47,183,Weakley,1503.14276,36.502852,36.062746,-88.516346,-88.959839,1945.3882000817778,0.7726698249412702,0.7726698249412702
0500000US47187,47,187,Williamson,1508.9314100000001,36.052722,35.706595,-86.613328,-87.215099,2086.6813402504886,0.7231249836253703,0.7231249836253703
0500000US48003,48,003,Andrews,3886.84667,32.523244,32.085795,-102.211037,-103.064696,3902.5775572351204,0.9959691032389718,0.9959691032389718
0500000US48019,48,019,Bandera,2048.5889899999997,29.907662,29.56225,-98.778782,-99.60313,3057.0521010324946,0.6701190958793621,0.6701190958793621
0500000US48027,48,027,Bell,2722.13144,31.320202,30.752371,-97.070188,-97.913847,5075.228755491939,0.5363564030595396,0.5363564030595396
0500000US48041,48,041,Brazos,1516.30255,30.973737,30.330288,-96.079969,-96.601708,3570.8853285482905,0.4246293035168504,0.4246293035168504
0500000US48059,48,059,Callahan,2329.3734799999997,32.514811,32.079187,-99.114293,-99.631413,2354.392529158185,0.9893734588228876,0.9893734588228876
0500000US48075,48,075,Childress,1803.6889499999997,34.747525,34.311829,-99.997508,-100.417783,1865.203644474445,0.9670198508046675,0.9670198508046675
0500000US48083,48,083,Coleman,3268.4401399999997,32.082089,31.409875,-99.195871,-99.721698,3716.5226797617174,0.8794350046074665,0.8794350046074665
0500000US48089,48,089,Colorado,2487.10966,29.961516,29.247804,-96.175422,-96.874222,5361.560592356271,0.4638779357535859,0.4638779357535859
0500000US02100,02,100,Haines,6005.173999999999,59.729526,58.189884,-134.363773,-136.486609,20837.30389930452,0.288193426031495,0.288193426031495
0500000US02170,02,170,Matanuska-Susitna,63734.455819999996,63.482913,61.192041,-146.426334,-153.002181,86468.64202412081,0.7370817249821153,0.7370817249821153
0500000US06001,06,001,Alameda,1914.05403,37.898225,37.459656,-121.471925,-122.335675,3706.965972090304,0.5163397895774837,0.5163397895774837
0500000US01105,01,105,Perry,1863.9297599999998,32.875124,32.307293,-87.017762,-87.525198,3001.633899196722,0.6209717182694441,0.6209717182694441
0500000US01111,01,111,Randolph,1503.6245,33.495885,33.106634,-85.232378,-85.653654,1694.597984923793,0.8873045485579393,0.8873045485579393
0500000US01113,01,113,Russell,1660.5526,32.510157,32.061708,-84.909052,-85.434045,2460.907324332795,0.6747725050760339,0.6747725050760339
0500000US01123,01,123,Tallapoosa,1855.7893899999997,33.10734,32.493053,-85.593151,-86.00917,2655.979548365841,0.6987212650571129,0.6987212650571129
0500000US18165,18,165,Vermillion,665.3140199999999,40.148123,39.607306,-87.353863,-87.533227,920.4182035024423,0.7228388329004126,0.7228388329004126
0500000US19003,19,003,Adams,1096.70701,41.158508,40.899502,-94.470603,-94.928459,1106.1095930833965,0.9914994109605489,0.9914994109605489
0500000US19013,19,013,Black Hawk,1465.34171,42.642314,42.297001,-92.064766,-92.554561,1542.5501241185298,0.9499475492489105,0.9499475492489105
0500000US19025,19,025,Calhoun,1476.2171199999998,42.560309,42.209161,-94.397526,-94.914487,1657.8617343029787,0.8904344008040281,0.8904344008040281
0500000US19035,19,035,Cherokee,1494.1865399999997,42.909897,42.56062,-95.38801,-95.859949,1496.981499769249,0.9981329363324262,0.9981329363324262
0500000US17071,17,071,Henderson,981.27848,41.070248,40.63575,-90.785194,-91.185415,1626.311441251867,0.6033767303786859,0.6033767303786859
0500000US17075,17,075,Iroquois,2893.8484399999998,41.010355,40.485923,-87.525783,-88.131938,2977.6561936545145,0.9718544559196888,0.9718544559196888
0500000US17087,17,087,Johnson,890.73985,37.599277,37.302647,-88.708546,-89.044787,979.0120090663407,0.9098354685653717,0.9098354685653717
0500000US17095,17,095,Knox,1855.4630499999998,41.151288,40.712257,-89.984559,-90.444343,1885.5931977797848,0.9840208652559512,0.9840208652559512
0500000US17113,17,113,McLean,3064.9490199999996,40.757608,40.280919,-88.459475,-89.26939,3628.8183561130027,0.8446135130563576,0.8446135130563576
0500000US17123,17,123,Marshall,1001.7835099999999,41.148591,40.921206,-89.047718,-89.638727,1253.3620449714472,0.7992770437075278,0.7992770437075278
0500000US17135,17,135,Montgomery,1822.5493299999998,39.524592,38.998979,-89.139807,-89.701645,2827.0601292289352,0.6446800728278426,0.6446800728278426
0500000US17151,17,151,Pope,955.1142999999998,37.599912,37.066669,-88.412112,-88.71065,1565.048209619509,0.6102778777864006,0.6102778777864006
0500000US17163,17,163,St. Clair,1703.59581,38.660536,38.219404,-89.703256,-90.263064,2391.573077600435,0.7123327428109738,0.7123327428109738
0500000US17187,17,187,Warren,1404.8289499999998,41.068749,40.627843,-90.439423,-90.789652,1444.2586275662854,0.9726990188504337,0.9726990188504337
0500000US17199,17,199,Williamson,1088.18591,37.863338,37.596576,-88.70676,-89.153668,1165.8332778442268,0.9333975369207107,0.9333975369207107
0500000US31107,31,107,Knox,2870.6264999999994,42.881232,42.436913,-97.485298,-98.309741,3330.799659489303,0.8618430387494815,0.8618430387494815
0500000US28077,28,077,Lawrence,1115.43012,31.761655,31.336014,-89.95894,-90.245191,1283.8058477964412,0.8688464240247497,0.8688464240247497
0500000US28081,28,081,Lee,1165.37309,34.509192,34.074521,-88.541749,-88.824966,1257.5460987566003,0.926704071645774,0.926704071645774
0500000US28085,28,085,Lincoln,1518.03785,31.717524,31.349306,-90.24389,-90.73733,1914.7859782521653,0.7927976636771067,0.7927976636771067
0500000US28087,28,087,Lowndes,1309.26831,33.745591,33.286922,-88.24839,-88.67125,1999.3599357960286,0.6548437260141085,0.6548437260141085
0500000US28107,28,107,Panola,1774.52296,34.554425,34.160074,-89.72105,-90.198631,1922.3641834117163,0.923094060590884,0.923094060590884
0500000US28123,28,123,Scott,1577.7891499999998,32.634228,32.222039,-89.322598,-89.784123,1985.3523111987665,0.7947149435896957,0.7947149435896957
0500000US28133,28,133,Sunflower,1807.18286,33.987586,33.270032,-90.450289,-90.763773,2315.7786778075038,0.7803780548281823,0.7803780548281823
0500000US28145,28,145,Union,1076.39882,34.598247,34.364759,-88.73544,-89.246339,1215.7954234263404,0.8853453461491945,0.8853453461491945
0500000US28159,28,159,Winston,1572.7645499999999,33.286424,32.925973,-88.812782,-89.319163,1890.434578282438,0.8319592585049632,0.8319592585049632
0500000US29003,29,003,Andrew,1120.70077,40.130096,39.812172,-94.602819,-95.04308,1326.2994381026178,0.8449832200813234,0.8449832200813234
0500000US29015,29,015,Benton,1823.5153999999998,38.535388,38.062479,-93.065199,-93.523484,2102.9814238003096,0.867109608940204,0.867109608940204
0500000US29027,29,027,Callaway,2161.54925,39.064484,38.557079,-91.633998,-92.220661,2867.9612631703462,0.7536884398538028,0.7536884398538028
0500000US29039,29,039,Cedar,1228.91097,37.900987,37.572689,-93.616033,-94.075385,1474.5776282219956,0.8333986264811207,0.8333986264811207
0500000US29049,29,049,Clinton,1085.09604,39.747195,39.454682,-94.205961,-94.602257,1104.3576819221948,0.9825585113976216,0.9825585113976216
0500000US29059,29,059,Dallas,1400.5943,37.904144,37.414989,-92.853481,-93.187915,1601.2629120983836,0.8746810342122916,0.8746810342122916
0500000US29071,29,071,Franklin,2389.74379,38.706715,38.204083,-90.732328,-91.369192,3099.414463000768,0.7710307280705904,0.7710307280705904
0500000US48107,48,107,Crosby,2331.51282,33.833625,33.39476,-101.038788,-101.56358,2371.486627745472,0.9831439877088936,0.9831439877088936
0500000US48119,48,119,Delta,665.17675,33.495098,33.21933,-95.30664,-95.861778,1581.0170830721613,0.42072711112485794,0.42072711112485794
0500000US48131,48,131,Duval,4645.11579,28.057966,27.262487,-98.232464,-98.803325,4973.032381217945,0.9340610384005513,0.9340610384005513
0500000US48143,48,143,Erath,2805.1538899999996,32.513039,31.917511,-97.864864,-98.551158,4275.413829658066,0.6561128353332634,0.6561128353332634
0500000US48153,48,153,Floyd,2569.65037,34.312493,33.830451,-101.041158,-101.564856,2585.49657612587,0.9938711169559489,0.9938711169559489
0500000US48163,48,163,Frio,2935.765,29.091335,28.640566,-98.800841,-99.41388,2992.217081334665,0.9811336945815826,0.9811336945815826
0500000US48171,48,171,Gillespie,2740.7742599999997,30.499875,30.134298,-98.587897,-99.303996,2794.1932492816177,0.9808821421727535,0.9808821421727535
0500000US48173,48,173,Glasscock,2331.5646199999996,32.087532,31.650854,-101.264216,-101.776085,2347.0843850726524,0.9933876407804688,0.9933876407804688
0500000US48175,48,175,Goliad,2206.7162599999997,28.925228,28.388684,-97.158933,-97.77853,3606.904491724618,0.6118033524488675,0.6118033524488675
0500000US48183,48,183,Gregg,707.8547699999999,32.652209,32.360044,-94.579219,-94.986935,1242.0990272368522,0.569885938623331,0.569885938623331
0500000US48187,48,187,Guadalupe,1842.2669999999998,29.858208,29.376791,-97.633176,-98.310928,3507.1454078637453,0.5252895975938883,0.5252895975938883
0500000US48205,48,205,Hartley,3786.6654699999995,36.055249,35.622487,-102.162809,-103.041554,3811.7507341024493,0.9934189652334765,0.9934189652334765
0500000US48209,48,209,Hays,1755.9630199999997,30.356312,29.752444,-97.710215,-98.2976,3796.001738784096,0.4625822485957173,0.4625822485957173
0500000US48219,48,219,Hockley,2352.73528,33.825121,33.388489,-102.075929,-102.615447,2425.8349941007064,0.9698661639070775,0.9698661639070775
0500000US48231,48,231,Hunt,2176.42362,33.40953,32.837217,-95.858723,-96.297322,2599.2811692816254,0.837317503670258,0.837317503670258
0500000US48241,48,241,Jasper,2431.60855,31.158071,30.241665,-93.865711,-94.45782,5768.734338113725,0.421515085888856,0.421515085888856
0500000US48255,48,255,Karnes,1936.17004,29.221748,28.668027,-97.574639,-98.190991,3692.6641951614597,0.5243287603939144,0.5243287603939144
0500000US48269,48,269,King,2359.1584799999996,33.835974,33.397404,-99.99098,-100.518691,2383.0053470226167,0.9899929443916641,0.9899929443916641
0500000US48279,48,279,Lamb,2631.90879,34.313132,33.824675,-102.085733,-102.615447,2650.0806639269053,0.993142897809013,0.993142897809013
0500000US48289,48,289,Leon,2779.4610900000002,31.618385,30.973737,-95.657202,-96.33109,4589.7445107583535,0.605580786356397,0.605580786356397
0500000US08033,08,033,Dolores,2763.66209,37.894446,37.485161,-107.860845,-109.043053,4734.224665830822,0.5837623444334358,0.5837623444334358
0500000US08039,08,039,Elbert,4793.69373,39.566331,38.866827,-103.714355,-104.662896,6355.984513569968,0.7542016063389564,0.7542016063389564
0500000US08045,08,045,Garfield,7634.188169999999,40.091538,39.366066,-107.033968,-109.051417,13917.526380679394,0.5485305334572917,0.5485305334572917
0500000US06079,06,079,San Luis Obispo,8543.28853,35.795183,34.897576,-119.472719,-121.346363,16961.109863921287,0.5036986729372469,0.5036986729372469
0500000US06093,06,093,Siskiyou,16259.727329999998,42.009518,40.99399,-121.446495,-123.719089,21370.938662482924,0.7608335593861513,0.7608335593861513
0500000US06097,06,097,Sonoma,4081.4489099999996,38.852438,38.109755,-122.378987,-123.533535,8299.30809829847,0.4917818282751524,0.4917818282751524
0500000US06105,06,105,Trinity,8234.26786,41.359008,39.977015,-122.445453,-123.623826,15272.278957134791,0.5391643174611589,0.5391643174611589
0500000US06017,06,017,El Dorado,4423.41697,39.067489,38.503143,-119.880303,-121.141009,6857.154895861483,0.6450805089250174,0.6450805089250174
0500000US18005,18,005,Bartholomew,1053.89172,39.350049,39.04091,-85.684515,-86.085601,1188.1204103329658,0.8870243376297621,0.8870243376297621
0500000US18017,18,017,Cass,1067.4814499999998,40.910925,40.561361,-86.165024,-86.581739,1364.7298140083365,0.7821925182866116,0.7821925182866116
0500000US18027,18,027,Daviess,1112.37133,38.904204,38.505358,-86.904252,-87.279333,1443.463214762765,0.7706267251035003,0.7706267251035003
0500000US18041,18,041,Fayette,556.88626,39.788449,39.525476,-85.034575,-85.301584,668.3906728121611,0.8331747923066882,0.8331747923066882
0500000US18043,18,043,Floyd,383.15164999999996,38.419079,38.180343,-85.760844,-86.032817,630.0313841570621,0.6081469267005326,0.6081469267005326
0500000US13127,13,127,Glynn,1087.1602699999999,31.452982,31.012991,-81.269906,-81.766322,2309.1876067441367,0.4707977241974085,0.4707977241974085
0500000US13133,13,133,Greene,1003.45665,33.761774,33.35503,-82.951142,-83.406189,1907.0448462610746,0.5261840863193978,0.5261840863193978
0500000US13143,13,143,Haralson,730.80735,33.904488,33.653111,-85.036684,-85.386693,904.2239143612404,0.8082150210728004,0.8082150210728004
0500000US13153,13,153,Houston,972.6511899999999,32.692169,32.288556,-83.482648,-83.848379,1539.475878177265,0.6318067101847781,0.6318067101847781
0500000US13163,13,163,Jefferson,1363.5961499999999,33.312717,32.762258,-82.232554,-82.661917,2449.772804544042,0.5566214742325036,0.5566214742325036
0500000US13183,13,183,Long,1036.75887,32.014882,31.538667,-81.491798,-81.969052,2388.887743151006,0.43399229326384653,0.43399229326384653
0500000US13193,13,193,Macon,1037.66019,32.521769,32.171083,-83.846676,-84.255912,1499.1024800340203,0.6921876281443091,0.6921876281443091
0500000US13207,13,207,Monroe,1024.75422,33.202629,32.848351,-83.710685,-84.124275,1518.9746838699748,0.674635483317719,0.674635483317719
0500000US13219,13,219,Oconee,477.31109999999995,33.965912,33.698307,-83.275933,-83.647031,1019.9607590415341,0.46797006234684296,0.46797006234684296
0500000US13227,13,227,Pickens,601.0276299999999,34.562735,34.380992,-84.256867,-84.654366,736.3849622351049,0.8161867240956917,0.8161867240956917
0500000US13237,13,237,Putnam,892.61501,33.483438,33.171944,-83.145774,-83.545876,1287.5356498335461,0.6932740154537842,0.6932740154537842
0500000US13249,13,249,Schley,432.28654,32.414046,32.158493,-84.181657,-84.430215,663.951796151187,0.6510812117775565,0.6510812117775565
0500000US29083,29,083,Henry,1805.0927299999998,38.56738,38.207216,-93.51103,-94.075214,1969.3096567175435,0.9166119324315601,0.9166119324315601
0500000US29093,29,093,Iron,1425.1708099999998,37.740811,37.27104,-90.535016,-91.155073,2857.0637665722275,0.49882359178488117,0.49882359178488117
0500000US37003,37,003,Alexander,673.38446,36.045762,35.776638,-81.005381,-81.334255,886.3364177848654,0.7597391312013608,0.7597391312013608
0500000US37007,37,007,Anson,1376.46068,35.196136,34.806555,-79.84999,-80.320413,1856.153983456625,0.7415659973622901,0.7415659973622901
0500000US37009,37,009,Ashe,1103.68965,36.588117,36.240272,-81.253482,-81.720969,1618.0242181311285,0.6821218357749911,0.6821218357749911
0500000US37033,37,033,Caswell,1100.54798,36.541739,36.242117,-79.137936,-79.532096,1175.4403134606591,0.9362857198251389,0.9362857198251389
0500000US37045,37,045,Cleveland,1202.41268,35.579789,35.163404,-81.321314,-81.768073,1875.500568043434,0.6411156042753882,0.6411156042753882
0500000US37063,37,063,Durham,740.67525,36.239435,35.863201,-78.69793,-79.016699,1198.8897573452568,0.6178009658203294,0.6178009658203294
0500000US37073,37,073,Gates,881.7525499999999,36.550659,36.296211,-76.45369,-76.931821,1210.3871198885179,0.728488047758814,0.728488047758814
0500000US37085,37,085,Harnett,1541.01633,35.583064,35.192181,-78.530282,-79.223065,2729.6481453180827,0.564547607589339,0.564547607589339
0500000US37097,37,097,Iredell,1486.2274699999998,36.055731,35.487699,-80.693198,-81.109416,2371.7701687626704,0.6266321625823257,0.6266321625823257
0500000US37109,37,109,Lincoln,771.65942,35.568811,35.400833,-80.94703,-81.53776,999.0345207593913,0.7724051611484278,0.7724051611484278
0500000US37123,37,123,Montgomery,1273.6583999999998,35.511457,35.143081,-79.614306,-80.182682,2112.0997009685557,0.6030294873939579,0.6030294873939579
0500000US37133,37,133,Onslow,1975.50696,34.973417,34.440483,-77.1128,-77.68056,3075.524783607194,0.6423316666247069,0.6423316666247069
0500000US37145,37,145,Person,1016.11398,36.542154,36.235937,-78.794823,-79.153733,1093.9192646212698,0.9288747468505301,0.9288747468505301
0500000US48299,48,299,Llano,2419.14806,30.921439,30.486096,-98.351041,-98.964612,2839.705983741519,0.8519008918002829,0.8519008918002829
0500000US48313,48,313,Madison,1207.10835,31.094211,30.822997,-95.617872,-96.24102,1791.9588226239487,0.6736250491696246,0.6736250491696246
0500000US48325,48,325,Medina,3432.67204,29.690709,29.090434,-98.804763,-99.41388,3938.9924561974826,0.871459409524673,0.871459409524673
0500000US48335,48,335,Mitchell,2359.7231,32.527703,32.085407,-100.660626,-101.183997,2419.0930758987006,0.9754577546063852,0.9754577546063852
0500000US48343,48,343,Morris,652.64115,33.363636,32.879177,-94.65226,-94.819828,840.6406105028622,0.7763616720938536,0.7763616720938536
0500000US51127,51,127,New Kent,543.19811,37.626881,37.377665,-76.741984,-77.228504,1189.3258427456196,0.4567277448087728,0.4567277448087728
0500000US51133,51,133,Northumberland,495.45404999999994,38.034814,37.680666,-76.236725,-76.63423,1374.264423957014,0.36052308519593707,0.36052308519593707
0500000US51167,51,167,Russell,1227.19898,37.142546,36.709355,-81.780539,-82.406633,2680.773272038892,0.4577779824948195,0.4577779824948195
0500000US51179,51,179,Stafford,696.59604,38.590899,38.242423,-77.286202,-77.634835,1176.9497965544956,0.5918655511384389,0.5918655511384389
0500000US51515,51,515,Bedford,17.81402,37.355314,37.316653,-79.487211,-79.543597,21.43054904197302,0.8312442189469886,0.8312442189469886
0500000US51590,51,590,Danville,111.19905999999999,36.644537,36.541025,-79.304486,-79.501101,202.03931317534793,0.5503832806216848,0.5503832806216848
0500000US51620,51,620,Franklin,21.253539999999997,36.708617,36.648175,-76.909672,-76.968027,34.975416575148905,0.6076708179968121,0.6076708179968121
0500000US51680,51,680,Lynchburg,127.24152,37.465908,37.333,-79.085244,-79.268727,239.5346776078167,0.5312029192212783,0.5312029192212783
0500000US51720,51,720,Norton,19.37579,36.956694,36.905251,-82.58889,-82.660291,36.30313318198251,0.5337222520952085,0.5337222520952085
0500000US51740,51,740,Portsmouth,87.16126999999999,36.924531,36.786062,-76.289962,-76.420368,178.64634699239974,0.4878984175573886,0.4878984175573886
0500000US51830,51,830,Williamsburg,23.366979999999998,37.306255,37.249901,-76.664621,-76.742487,43.171384915331075,0.5412608385352468,0.5412608385352468
0500000US12086,12,086,Miami-Dade,4915.08444,25.979434,25.139115,-80.117798,-80.87319,7080.394866082291,0.6941822501376401,0.6941822501376401
0500000US12103,12,103,Pinellas,709.1394099999999,28.173266,27.612972,-82.566819,-82.851126,1740.7550292274007,0.4073746150914395,0.4073746150914395
0500000US12123,12,123,Taylor,2702.15995,30.304212,29.665951,-83.318859,-83.991607,4598.492920034733,0.5876185952635087,0.5876185952635087
0500000US13259,13,259,Stewart,1188.11847,32.232953,31.920308,-84.649319,-85.062246,1352.5469927523457,0.8784304548134447,0.8784304548134447
0500000US13271,13,271,Telfair,1132.61477,32.153274,31.780983,-82.645659,-83.205739,2187.152476671529,0.5178490215385648,0.5178490215385648
0500000US13283,13,283,Treutlen,516.53924,32.512507,32.297561,-82.38194,-82.737137,796.9966262418375,0.648107185140409,0.648107185140409
0500000US13297,13,297,Walton,843.5111999999999,33.929844,33.596919,-83.505928,-83.982033,1629.2895654364038,0.517717180478024,0.517717180478024
0500000US20025,20,025,Clark,2524.29688,37.474836,36.999528,-99.541116,-100.107248,2648.809661494258,0.9529929298792963,0.9529929298792963
0500000US20031,20,031,Coffey,1623.79273,38.434105,38.03823,-95.508267,-95.959046,1733.08406627647,0.936938237213569,0.936938237213569
0500000US20033,20,033,Comanche,2041.6918199999998,37.384296,36.99942,-99.000303,-99.543189,2058.015926461237,0.9920680368643664,0.9920680368643664
0500000US20045,20,045,Douglas,1180.70589,39.056656,38.738587,-95.056207,-95.501038,1361.4974394702592,0.86721124533249,0.86721124533249
0500000US20055,20,055,Finney,3372.09453,38.264557,37.736275,-100.22661,-101.103778,4514.897346830368,0.7468817718230825,0.7468817718230825
0500000US20069,20,069,Gray,2250.3655299999996,38.00253,37.474848,-100.214637,-100.664166,2319.380421180576,0.9702442555130962,0.9702442555130962
0500000US20081,20,081,Haskell,1495.77939,37.736337,37.387627,-100.652251,-101.089667,1494.9796813171465,1.0005349294661643,1.0
0500000US20093,20,093,Kearny,2254.70637,38.264557,37.736314,-101.089667,-101.542757,2331.94014964708,0.9668800334953842,0.9668800334953842
0500000US20101,20,101,Lane,1858.20845,38.700021,38.26229,-100.244393,-100.688006,1879.4882228142371,0.988677889780882,0.988677889780882
0500000US20111,20,111,Lyon,2194.95766,38.739112,38.170939,-95.945924,-96.357277,2262.975973315991,0.969942980341801,0.969942980341801
0500000US20123,20,123,Mitchell,1817.64128,39.567492,39.219273,-97.928462,-98.490149,1868.9095865359932,0.972567797337367,0.972567797337367
0500000US20133,20,133,Neosho,1480.1124799999998,37.732759,37.383837,-95.088012,-95.52556,1496.4139646879307,0.9891063000796504,0.9891063000796504
0500000US20139,20,139,Osage,1827.29162,38.869973,38.433933,-95.500724,-95.950282,1892.8136586373005,0.9653837881302737,0.9653837881302737
0500000US20151,20,151,Pratt,1903.7665499999998,37.825336,37.470421,-98.464663,-99.01355,1907.1375061294239,0.9982324525008868,0.9982324525008868
0500000US20159,20,159,Rice,1880.9538299999997,38.522755,38.172757,-97.922136,-98.480377,1894.6001077729325,0.9927972780551704,0.9927972780551704
0500000US20169,20,169,Saline,1865.38275,38.958395,38.609353,-97.371614,-97.928967,1875.0056802411389,0.994867786085906,0.994867786085906
0500000US37157,37,157,Rockingham,1464.77709,36.542502,36.241342,-79.510961,-80.03554,1572.398248096003,0.9315560429895415,0.9315560429895415
0500000US37173,37,173,Swain,1367.5096399999998,35.695807,35.279414,-83.181894,-83.952676,3231.1578668299453,0.4232258825972031,0.4232258825972031
0500000US37179,37,179,Union,1635.6367999999998,35.208381,34.813813,-80.277052,-80.840461,2251.238657801552,0.726549712680077,0.726549712680077
0500000US39059,39,059,Guernsey,1352.63786,40.221308,39.839104,-81.225924,-81.728611,1818.967616773334,0.743629434370824,0.743629434370824
0500000US39069,39,069,Henry,1077.4659,41.487543,41.165862,-83.881149,-84.341902,1376.1916369981684,0.7829330385630253,0.7829330385630253
0500000US39083,39,083,Knox,1361.02946,40.573112,40.239071,-82.179069,-82.750747,1797.9360430969855,0.7569954811382478,0.7569954811382478
0500000US39091,39,091,Logan,1187.3311099999999,40.538708,40.22937,-83.520227,-84.014763,1440.776088184891,0.824091348917246,0.824091348917246
0500000US39103,39,103,Medina,1091.31722,41.277146,40.98859,-81.68495,-82.173359,1312.462143739826,0.831503769617553,0.831503769617553
0500000US39115,39,115,Morgan,1078.53557,39.77096,39.450216,-81.586132,-82.076639,1498.6079429838312,0.7196916145076355,0.7196916145076355
0500000US39127,39,127,Perry,1056.64489,39.93038,39.550825,-82.024219,-82.472402,1617.3227110574103,0.6533296557179751,0.6533296557179751
0500000US39137,39,137,Putnam,1249.73198,41.167824,40.859099,-83.880423,-84.399486,1495.0428298819345,0.8359171757632475,0.8359171757632475
0500000US39153,39,153,Summit,1069.01732,41.351119,40.906504,-81.391593,-81.688491,1229.3926780088145,0.869549118945001,0.869549118945001
0500000US39165,39,165,Warren,1039.40326,39.589493,39.255068,-83.977005,-84.365232,1240.0694394231916,0.8381814977098945,0.8381814977098945
0500000US40005,40,005,Atoka,2526.58903,34.680556,34.156699,-95.6717,-96.40764,3932.255902585995,0.6425291467776608,0.6425291467776608
0500000US40015,40,015,Caddo,3310.76851,35.551597,34.854919,-98.092645,-98.623336,3735.286692293038,0.8863492370829419,0.8863492370829419
0500000US40027,40,027,Cleveland,1395.40394,35.377368,34.928176,-97.142114,-97.671529,2404.0841724038064,0.5804305672894794,0.5804305672894794
0500000US53011,53,011,Clark,1629.12036,46.053932,45.543541,-122.245633,-122.795963,2421.259808534439,0.6728399630050804,0.6728399630050804
0500000US53035,53,035,Kitsap,1022.8971899999999,47.940772,47.40299,-122.470333,-123.037766,2540.6665041618844,0.4026097830330681,0.4026097830330681
0500000US55053,55,053,Jackson,2558.1947999999998,44.596987,44.070775,-90.312035,-91.165786,3973.1726536228057,0.6438670108300969,0.6438670108300969
0500000US55067,55,067,Langlade,2254.9575999999997,45.469886,45.028917,-88.641159,-89.425971,3012.5210251726544,0.7485284189413294,0.7485284189413294
0500000US55078,55,078,Menominee,926.20472,45.117733,44.855445,-88.483732,-88.982176,1143.2789095038447,0.810130154856045,0.810130154856045
0500000US55087,55,087,Outagamie,1651.18457,44.59063,44.241947,-88.190603,-88.73977,1691.1041983017983,0.9763943414356812,0.9763943414356812
0500000US55099,55,099,Price,3248.83384,45.981948,45.37777,-90.042273,-90.678749,3321.8972550449953,0.9780055162952336,0.9780055162952336
0500000US55109,55,109,St. Croix,1870.8321099999998,45.210173,44.857848,-92.136113,-92.792875,2021.8502781976351,0.9253069478852513,0.9253069478852513
0500000US55121,55,121,Trempealeau,1898.37935,44.596987,43.984243,-91.151843,-91.612994,2500.8481006562542,0.7590942246759573,0.7590942246759573
0500000US55135,55,135,Waupaca,1936.5766699999997,44.681365,44.242622,-88.605159,-89.224892,2399.4398790816554,0.8070953087356335,0.8070953087356335
0500000US56005,56,005,Campbell,12439.016309999999,45.000396,43.494969,-105.076607,-106.024814,12642.552090863503,0.983900736227886,0.983900736227886
0500000US56015,56,015,Goshen,5763.76269,42.611766,41.564274,-104.05254,-104.655639,5796.63851010553,0.9943284681202361,0.9943284681202361
0500000US56041,56,041,Uinta,5390.47376,41.579845,40.994746,-110.048,-111.046723,5429.013257631032,0.9929011966259503,0.9929011966259503
0500000US01127,01,127,Walker,2049.18728,34.002203,33.512929,-86.953664,-87.636118,3432.443551545431,0.5970053838401419,0.5970053838401419
0500000US01133,01,133,Winston,1587.61561,34.306997,33.992385,-87.109911,-87.636118,1693.9837328940414,0.9372082973238949,0.9372082973238949
0500000US02016,02,016,Aleutians West,11370.81484,57.229656,51.219862,179.77847,-179.14734,15584771.066324502,0.000729610643082849,0.000729610643082849
0500000US02060,02,060,Bristol Bay,1304.95337,58.894948,58.60961,-156.317671,-157.267437,1738.1851679611182,0.750756245107478,0.750756245107478
0500000US72017,72,017,Barceloneta,48.41487,18.490512,18.389408,-66.533487,-66.588181,64.86160701628008,0.7464334022412983,0.7464334022412983
0500000US72021,72,021,Bayamón,114.79915999999999,18.430998,18.25884,-66.13158,-66.213072,164.64983414226478,0.6972321630206345,0.6972321630206345
0500000US72029,72,029,Canóvanas,85.12035,18.402993,18.253081,-65.836387,-65.919278,145.8496325359921,0.5836171714659233,0.5836171714659233
0500000US72039,72,039,Ciales,172.31010999999998,18.371473,18.163098,-66.455703,-66.606989,370.133224645527,0.46553537625545427,0.46553537625545427
0500000US72051,72,051,Dorado,59.800509999999996,18.480281,18.383718,-66.199032,-66.31503,131.389618248858,0.4551387757801006,0.4551387757801006
0500000US72063,72,063,Gurabo,72.22733,18.305034,18.206992,-65.918535,-66.021747,118.81860640247335,0.6078789525215008,0.6078789525215008
0500000US72077,72,077,Juncos,68.60651,18.27013,18.142845,-65.852616,-65.951019,147.11307698642764,0.46635221970327967,0.46635221970327967
0500000US72085,72,085,Las Piedras,87.7492,18.275246,18.118167,-65.815664,-65.928341,207.89471440105484,0.4220848050553168,0.4220848050553168
0500000US72099,72,099,Moca,130.39096,18.460984,18.306655,-67.027173,-67.134515,194.37414045461492,0.6708246256165205,0.6708246256165205
0500000US72111,72,111,Peñuelas,115.55802999999999,18.134983,17.977568,-66.69407,-66.769049,138.74721099420407,0.832867408086691,0.832867408086691
0500000US72123,72,123,Salinas,179.65534999999997,18.095925,17.931154,-66.166145,-66.342515,341.703521235261,0.5257638240031721,0.5257638240031721
0500000US72139,72,139,Trujillo Alto,53.77876,18.380065,18.293469,-65.942429,-66.041535,100.72505158356294,0.5339164304660035,0.5339164304660035
0500000US20179,20,179,Sheridan,2320.52863,39.568034,39.132071,-100.161667,-100.721296,2332.708268586681,0.9947787561990937,0.9947787561990937
0500000US20191,20,191,Sumner,3061.22719,37.475544,36.998682,-97.147721,-97.8076,3097.5286860461315,0.9882804972203603,0.9882804972203603
0500000US20209,20,209,Wyandotte,392.64399999999995,39.202911,38.991401,-94.589933,-94.908765,647.0963019158906,0.6067783092523926,0.6067783092523926
0500000US21185,21,185,Oldham,484.8946199999999,38.524072,38.285309,-85.283082,-85.638044,821.1788589974121,0.5904860003239903,0.5904860003239903
0500000US21197,21,197,Powell,463.55561,37.930768,37.71642,-83.63106,-84.001967,776.4774996652973,0.5969981231907131,0.5969981231907131
0500000US21203,21,203,Rockcastle,819.85155,37.539064,37.15174,-84.137898,-84.502932,1389.7649957456238,0.5899209956429654,0.5899209956429654
0500000US21215,21,215,Spencer,483.49342999999993,38.147438,37.939956,-85.101646,-85.489202,782.9949544459228,0.6174923953911534,0.6174923953911534
0500000US21227,21,227,Warren,1402.744,37.183906,36.776187,-86.113512,-86.674462,2259.0085668953534,0.6209555911192703,0.6209555911192703
0500000US21235,21,235,Whitley,1133.9796999999999,36.955992,36.588249,-83.877503,-84.350006,1720.934090502203,0.6589326728190281,0.6589326728190281
0500000US22007,22,007,Assumption,877.12422,30.06645,29.626368,-90.885589,-91.259388,1764.1784901337028,0.4971856447096376,0.4971856447096376
0500000US22021,22,021,Caldwell,1371.2107499999997,32.277441,31.927296,-91.889687,-92.312623,1551.0568279945578,0.8840493302704515,0.8840493302704515
0500000US22025,22,025,Catahoula,1833.7976999999998,31.971474,31.229561,-91.544791,-92.008121,3620.007588825868,0.5065728883167295,0.5065728883167295
0500000US22047,22,047,Iberville,1602.2439299999999,30.497433,30.025336,-91.021014,-91.700933,3427.986074148009,0.46740094485308586,0.46740094485308586
0500000US22059,22,059,La Salle,1617.9315599999998,31.927382,31.325797,-92.005434,-92.384441,2400.433647321282,0.6740163644204452,0.6740163644204452
0500000US22067,22,067,Morehouse,2058.8790599999998,33.008163,32.505902,-91.435782,-92.069105,3307.549266104209,0.6224787280115246,0.6224787280115246
0500000US22083,22,083,Richland,1447.92137,32.667341,32.15155,-91.430989,-92.034397,3248.7793161100585,0.44568166351590655,0.44568166351590655
0500000US48101,48,101,Cottle,2332.45817,34.314102,33.83565,-99.997621,-100.518691,2553.2608354926724,0.9135213048258476,0.9135213048258476
0500000US48105,48,105,Crockett,7270.97693,31.087156,30.287776,-100.960587,-102.388804,12139.34735576184,0.5989594594266957,0.5989594594266957
0500000US48109,48,109,Culberson,9875.146819999998,32.000496,30.663626,-104.024521,-104.918637,12623.72802890133,0.7822686608418205,0.7822686608418205
0500000US48111,48,111,Dallam,3893.4408099999996,36.500397,36.055231,-102.162463,-103.041745,3901.576260601905,0.9979148297871153,0.9979148297871153
0500000US48113,48,113,Dallas,2256.6126099999997,32.989324,32.545214,-96.516866,-97.038385,2408.03427195485,0.9371181449872283,0.9371181449872283
0500000US48121,48,121,Denton,2275.13888,33.43045,32.987554,-96.834004,-97.39848,2586.2815087556296,0.8796949876870389,0.8796949876870389
0500000US48125,48,125,Dickens,2335.46516,33.83565,33.397214,-100.517449,-101.041158,2364.2178335914773,0.9878383991597767,0.9878383991597767
0500000US48133,48,133,Eastland,2399.6116899999997,32.515261,32.078018,-98.475133,-99.118665,2940.8336910447365,0.8159630710526624,0.8159630710526624
0500000US48139,48,139,Ellis,2422.91133,32.549428,32.052087,-96.383082,-97.086834,3657.895687675887,0.6623784647996461,0.6623784647996461
0500000US48145,48,145,Falls,1982.6009699999997,31.522269,30.98622,-96.596862,-97.278113,3859.9619802308707,0.513632253414428,0.513632253414428
0500000US48147,48,147,Fannin,2307.26783,33.857452,33.341119,-95.846334,-96.384602,2862.237422176852,0.8061063740286176,0.8061063740286176
0500000US48151,48,151,Fisher,2328.25719,32.963469,32.522793,-100.144224,-100.660626,2366.6117493938523,0.9837934720793657,0.9837934720793657
0500000US48157,48,157,Fort Bend,2231.2357899999997,29.78828,29.26259,-95.424118,-96.088912,3759.880745670184,0.5934325955868291,0.5934325955868291
0500000US48181,48,181,Grayson,2415.96236,33.959579,33.397826,-96.378473,-96.944611,3272.232161654877,0.7383224174345158,0.7383224174345158
0500000US48189,48,189,Hale,2602.1289699999998,34.313132,33.824675,-101.56358,-102.090415,2635.67745345585,0.9872714002193773,0.9872714002193773
0500000US48193,48,193,Hamilton,2165.0172599999996,32.017897,31.416398,-97.766431,-98.463736,4411.433026167177,0.4907741423609575,0.4907741423609575
0500000US48345,48,345,Motley,2562.96558,34.314102,33.833625,-100.51734,-101.041484,2579.224477544491,0.99369620686914,0.99369620686914
0500000US48347,48,347,Nacogdoches,2451.53083,31.845555,31.224754,-94.311042,-94.967167,4292.500926451721,0.5711194643879766,0.5711194643879766
0500000US48351,48,351,Newton,2418.22343,31.186601,30.242672,-93.527644,-93.911126,3847.7646211962347,0.6284748855682852,0.6284748855682852
0500000US51135,51,135,Nottoway,814.27528,37.29622,36.988818,-77.795926,-78.239354,1343.4852026953683,0.6060917368991928,0.6060917368991928
0500000US51137,51,137,Orange,882.62797,38.388953,38.117437,-77.703189,-78.369797,1757.3673559563492,0.50224443228017,0.50224443228017
0500000US51139,51,139,Page,805.11704,38.830152,38.421486,-78.284877,-78.691312,1604.4045666148522,0.501816721762843,0.501816721762843
0500000US51143,51,143,Pittsylvania,2509.55719,37.125568,36.540738,-79.092264,-79.714855,3603.3004655666227,0.6964607070605114,0.6964607070605114
0500000US51153,51,153,Prince William,871.28118,38.942635,38.504683,-77.22235,-77.715415,2083.009384060541,0.41828000712198277,0.41828000712198277
0500000US51163,51,163,Rockbridge,1547.6752199999999,38.086105,37.532887,-79.157423,-79.683594,2843.4731139146643,0.5442904356740288,0.5442904356740288
0500000US51169,51,169,Scott,1387.0226999999998,36.878484,36.593698,-82.293814,-82.985087,1950.6876947030992,0.7110429330980678,0.7110429330980678
0500000US51171,51,171,Shenandoah,1317.72984,39.101509,38.604719,-78.300544,-78.869276,2720.52125903133,0.4843666762851144,0.4843666762851144
0500000US51181,51,181,Surry,722.47791,37.248501,36.94445,-76.663774,-77.155415,1474.2181803339652,0.49007529525672505,0.49007529525672505
0500000US51183,51,183,Sussex,1269.6698,37.112034,36.707658,-76.953546,-77.619029,2660.4512234975577,0.4772385183333039,0.4772385183333039
0500000US53033,53,033,King,5479.3159399999995,47.779933,47.086765,-121.068409,-122.538429,8522.44649947973,0.6429275842722504,0.6429275842722504
0500000US55035,55,035,Eau Claire,1652.3759699999998,44.857309,44.596197,-90.922247,-91.650474,1670.3624165279834,0.989232009562709,0.989232009562709
0500000US55037,55,037,Florence,1264.4250499999998,46.021212,45.713063,-88.058256,-88.683198,1657.993474110714,0.7626236591058903,0.7626236591058903
0500000US55041,55,041,Forest,2626.43353,46.073601,45.37701,-88.425302,-89.047562,3741.410023774706,0.701990295987445,0.701990295987445
0500000US55043,55,043,Grant,2970.3389099999995,43.211455,42.507059,-90.426378,-91.163064,4703.136085857269,0.6315655885297603,0.6315655885297603
0500000US55047,55,047,Green Lake,905.04183,43.983233,43.633045,-88.885697,-89.245471,1124.178516011582,0.8050694948440695,0.8050694948440695
0500000US55049,55,049,Iowa,1975.0822,43.206859,42.812862,-89.838135,-90.429825,2107.731025261756,0.937065582053914,0.937065582053914
0500000US55055,55,055,Jefferson,1441.26766,43.197897,42.842541,-88.535843,-89.013489,1534.3510868724247,0.9393336846639427,0.9393336846639427
0500000US55057,55,057,Juneau,1986.3357499999997,44.24947,43.64092,-89.785809,-90.312575,2853.763466425684,0.6960407803131173,0.6960407803131173
0500000US55059,55,059,Kenosha,704.4541,42.669709,42.49192,-87.800477,-88.305891,818.0727071923244,0.8611142919285617,0.8611142919285617
0500000US56027,56,027,Niobrara,6801.435829999999,43.503328,42.608805,-104.052583,-104.899941,6847.877104889761,0.9932181500663031,0.9932181500663031
0500000US56029,56,029,Park,17979.98202,45.005904,43.803252,-108.550562,-111.056888,26625.16771560933,0.6753002351778244,0.6753002351778244
0500000US56035,56,035,Sublette,12656.13083,43.464783,42.263318,-109.043801,-110.623477,17200.0001604208,0.7358215530208673,0.7358215530208673
0500000US56037,56,037,Sweetwater,27005.020909999996,42.270744,40.997103,-107.503821,-110.053708,30011.388518666154,0.8998257742457904,0.8998257742457904
0500000US56043,56,043,Washakie,5797.841909999999,44.168455,43.500286,-107.110734,-108.550758,8581.588792758603,0.6756140442073371,0.6756140442073371
0500000US72001,72,001,Adjuntas,172.72709999999998,18.230336,18.129977,-66.670494,-66.827327,184.89497873688737,0.9341903235014146,0.9341903235014146
0500000US72007,72,007,Aguas Buenas,77.92014999999999,18.303321,18.209949,-66.066103,-66.190676,136.57812083244082,0.570517074953721,0.570517074953721
0500000US72011,72,011,Añasco,101.74814999999998,18.323938,18.254946,-67.037935,-67.225403,151.83935149328096,0.6701039552615742,0.6701039552615742
0500000US53043,53,043,Lincoln,5984.17946,47.957686,47.260378,-117.820784,-118.979519,6735.300061610041,0.8884800090954688,0.8884800090954688
0500000US53051,53,051,Pend Oreille,3625.97151,48.999957,48.04556,-117.032351,-117.629512,4667.197046207821,0.7769055975354984,0.7769055975354984
0500000US53053,53,053,Pierce,4324.02572,47.404016,46.729721,-121.379671,-122.85005,8350.010636522835,0.5178467319654383,0.5178467319654383
0500000US48197,48,197,Hardeman,1800.34526,34.579273,34.05598,-99.474161,-99.997867,2798.611830730885,0.6432993815829837,0.6432993815829837
0500000US48199,48,199,Hardin,2306.56853,30.526977,30.113015,-94.071689,-94.732732,2920.663947796383,0.7897411585952184,0.7897411585952184
0500000US48201,48,201,Harris,4412.00802,30.170606,29.498051,-94.908654,-95.960733,7589.235703982351,0.5813507699707966,0.5813507699707966
0500000US48203,48,203,Harrison,2330.87309,32.793088,32.330682,-94.04278,-94.70214,3177.210746515179,0.7336224367730542,0.7336224367730542
0500000US48211,48,211,Hemphill,2347.2807399999997,36.056491,35.619115,-100.000392,-100.540221,2366.6251453525774,0.9918261641939514,0.9918261641939514
0500000US48213,48,213,Henderson,2263.00732,32.358631,32.005895,-95.428512,-96.452138,3778.4675947892365,0.5989219870830284,0.5989219870830284
0500000US48215,48,215,Hidalgo,4068.5403499999998,26.783081,26.043746,-97.861822,-98.58672,5934.7727023953175,0.6855427417393605,0.6855427417393605
0500000US48223,48,223,Hopkins,1986.98066,33.37719,32.960434,-95.308593,-95.863296,2392.6012098544793,0.8304688018279697,0.8304688018279697
0500000US48235,48,235,Irion,2723.54817,31.530035,31.079379,-100.688764,-101.274799,2790.025579060316,0.9761731901100685,0.9761731901100685
0500000US48237,48,237,Jack,2358.61458,33.467129,33.001284,-97.918189,-98.426553,2449.173470219964,0.9630247137162437,0.9630247137162437
0500000US48239,48,239,Jackson,2148.23665,29.263876,28.675597,-96.309178,-96.938587,4005.2706296988126,0.5363524337334334,0.5363524337334334
0500000US48243,48,243,Jeff Davis,5865.19745,31.105203,30.41219,-103.439976,-104.985365,11379.077653400273,0.5154369825613566,0.5154369825613566
0500000US48249,48,249,Jim Wells,2240.26194,28.057966,27.260981,-97.798517,-98.235497,3813.9665541929708,0.5873837403049895,0.5873837403049895
0500000US48253,48,253,Jones,2404.95486,32.960121,32.514654,-99.612001,-100.146543,2476.5382626207142,0.9710953778905222,0.9710953778905222
0500000US48259,48,259,Kendall,1715.75327,30.138954,29.720167,-98.414018,-98.920147,2271.240096609136,0.7554257573039266,0.7554257573039266
0500000US51185,51,185,Tazewell,1343.81114,37.337687,36.933014,-81.225104,-81.901087,2696.39715002675,0.49837285282202165,0.49837285282202165
0500000US51191,51,191,Washington,1452.92525,36.929013,36.594213,-81.605835,-82.332089,2408.5123507724775,0.6032459204678797,0.6032459204678797
0500000US51195,51,195,Wise,1044.25951,37.200867,36.79988,-82.298594,-82.885618,2324.357319972717,0.44926806262827845,0.44926806262827845
0500000US51520,51,520,Bristol,33.703669999999995,36.638542,36.594607,-82.114497,-82.243274,56.149197669964366,0.6002520320611624,0.6002520320611624
0500000US51550,51,550,Chesapeake,882.672,36.866348,36.550365,-76.068154,-76.491497,1325.9658377958322,0.6656823085783835,0.6656823085783835
0500000US51580,51,580,Covington,14.16212,37.813585,37.748244,-79.966452,-80.008893,27.099855897531533,0.5225902327137465,0.5225902327137465
0500000US51610,51,610,Falls Church,5.17741,38.896272,38.872213,-77.150287,-77.19434,10.20083816871144,0.507547508780252,0.507547508780252
0500000US51640,51,640,Galax,21.3416,36.694133,36.628494,-80.877274,-80.947754,45.88494881267402,0.4651111214513368,0.4651111214513368
0500000US51678,51,678,Lexington,6.467229999999999,37.791261,37.766222,-79.415304,-79.461917,11.405975086281833,0.5670036933342288,0.5670036933342288
0500000US51683,51,683,Manassas,25.59179,38.781414,38.723966,-77.44751,-77.526457,43.73162205992908,0.5852010237564351,0.5852010237564351
0500000US51685,51,685,Manassas Park,6.563059999999999,38.788248,38.7534,-77.420682,-77.475711,18.486051860195783,0.35502767435872,0.35502767435872
0500000US51710,51,710,Norfolk,140.17079999999999,36.968747,36.820757,-76.177019,-76.344663,245.32400027351855,0.5713701058344054,0.5713701058344054
0500000US51730,51,730,Petersburg,59.393879999999996,37.244993,37.17085,-77.376728,-77.447521,51.68780583806631,1.1490888235046421,1.0
0500000US51750,51,750,Radford,25.568479999999997,37.14836,37.089603,-80.507317,-80.596389,51.598786385151755,0.4955248328739312,0.4955248328739312
0500000US51790,51,790,Staunton,51.73525,38.195777,38.121112,-79.02301,-79.09711,53.78950439085772,0.961809382441403,0.961809382441403
0500000US55065,55,065,Lafayette,1640.99292,42.813799,42.505543,-89.837587,-90.426902,1651.7655724265658,0.9934780984623987,0.9934780984623987
0500000US55075,55,075,Marinette,3624.3087299999997,45.795393,44.965796,-87.490151,-88.428102,6757.648100053685,0.5363269404293495,0.5363269404293495
0500000US55077,55,077,Marquette,1180.0091799999998,43.982834,43.642596,-89.168612,-89.599985,1309.5038687760323,0.901111640932326,0.901111640932326
0500000US55083,55,083,Oconto,2584.78892,45.378682,44.677587,-87.76262,-88.680066,5620.7912790504615,0.4598621068947888,0.4598621068947888
0500000US55085,55,085,Oneida,2882.5923,45.901464,45.464762,-89.046315,-90.044358,3764.86486636618,0.7656562459258349,0.7656562459258349
0500000US55091,55,091,Pepin,600.83597,44.684363,44.406211,-91.650248,-92.316425,1632.8526562282043,0.36796704693973825,0.36796704693973825
0500000US55093,55,093,Pierce,1486.00732,44.862022,44.53958,-92.135202,-92.802402,1890.6855510339774,0.7859621708048347,0.7859621708048347
0500000US55097,55,097,Portage,2073.75861,44.684945,44.243546,-89.223745,-89.844931,2419.5315417292873,0.8570909592349614,0.8570909592349614
0500000US53063,53,063,Spokane,4568.21869,48.047865,47.259272,-117.039843,-117.823695,5148.305528321334,0.8873247061328781,0.8873247061328781
0500000US53067,53,067,Thurston,1869.87899,47.194211,46.762628,-122.202721,-123.202066,3638.3843184502844,0.5139311371033083,0.5139311371033083
0500000US53069,53,069,Wahkiakum,682.14125,46.385626,46.144843,-123.213054,-123.727913,1059.6554597893696,0.6437387206362254,0.6437387206362254
0500000US53077,53,077,Yakima,11125.07564,47.088954,46.040662,-119.866265,-121.523938,14772.03013235421,0.7531175837255757,0.7531175837255757
0500000US54003,54,003,Berkeley,831.7577799999999,39.61986,39.264626,-77.825411,-78.228766,1368.16662528093,0.6079360252112658,0.6079360252112658
0500000US54005,54,005,Boone,1298.9963699999998,38.220401,37.788709,-81.456632,-81.979706,2199.9480165347327,0.5904668475058449,0.5904668475058449
0500000US54009,54,009,Brooke,231.04094999999998,40.399755,40.159672,-80.517991,-80.685391,379.09997997514824,0.6094459567503691,0.6094459567503691
0500000US54011,54,011,Cabell,727.8366199999999,38.598483,38.229199,-82.047128,-82.50667,1644.06559937052,0.4427053399077714,0.4427053399077714
0500000US54015,54,015,Clay,885.52618,38.667839,38.263716,-80.817424,-81.283872,1824.8939433318922,0.4852480239937702,0.4852480239937702
0500000US54019,54,019,Fayette,1713.4144999999999,38.263514,37.819121,-80.769866,-81.380829,2643.8660874836246,0.6480715903545596,0.6480715903545596
0500000US12037,12,037,Franklin,1384.93775,30.013883,29.586928,-84.333746,-85.222546,4071.5229412511653,0.3401522648855353,0.3401522648855353
0500000US12057,12,057,Hillsborough,2642.35426,28.173314,27.645145,-82.054035,-82.651165,3445.9697843864456,0.7667955395234177,0.7667955395234177
0500000US12065,12,065,Jefferson,1549.06605,30.6721,30.08392,-83.604186,-84.076043,2960.4220358521934,0.5232585189679155,0.5232585189679155
0500000US08093,08,093,Park,5682.06114,39.568197,38.693551,-105.329134,-106.191006,7230.018667068841,0.7858985435100673,0.7858985435100673
0500000US08099,08,099,Prowers,4243.44305,38.268749,37.643642,-102.041574,-102.747615,4302.735271317996,0.9862198769900538,0.9862198769900538
0500000US08107,08,107,Routt,6117.6473399999995,41.003444,39.918671,-106.626555,-107.439386,8294.710498184759,0.737535968414908,0.737535968414908
0500000US08113,08,113,San Miguel,3332.32249,38.153023,37.775517,-107.738283,-109.043121,4801.693300378308,0.693989032939163,0.693989032939163
0500000US08115,08,115,Sedgwick,1419.4261900000001,41.002597,40.749402,-102.051292,-102.653463,1425.4135469299051,0.9957995650154997,0.9957995650154997
0500000US05125,05,125,Saline,1874.13436,34.858091,34.414237,-92.244209,-93.075178,3752.127441041944,0.4994857955782983,0.4994857955782983
0500000US05131,05,131,Sebastian,1377.6494899999998,35.449994,34.933941,-94.028547,-94.447889,2186.625273604694,0.6300345590211339,0.6300345590211339
0500000US05139,05,139,Union,2691.5642599999996,33.37728,33.008163,-92.069105,-92.988708,3512.1581868745943,0.7663562165447831,0.7663562165447831
0500000US02290,02,290,Yukon-Koyukuk,376857.40351,68.507297,61.945564,-141.002465,-161.047821,681105.8775226577,0.5533022338328939,0.5533022338328939
0500000US18171,18,171,Warren,944.5237899999998,40.476879,40.127508,-87.092148,-87.531438,1447.2056651634505,0.6526534636618655,0.6526534636618655
0500000US18177,18,177,Wayne,1040.5066,40.005074,39.714764,-84.81067,-85.221118,1130.9242851303093,0.9200497448687371,0.9200497448687371
0500000US19005,19,005,Allamakee,1655.22238,43.500945,43.080247,-91.057918,-91.610832,2093.4430900400685,0.7906698719802883,0.7906698719802883
0500000US17059,17,059,Gallatin,836.7538900000001,37.909081,37.574277,-88.027789,-88.375332,1137.6915992218087,0.7354839312976796,0.7354839312976796
0500000US17067,17,067,Hancock,2055.75034,40.639201,40.193088,-90.904216,-91.510332,2545.412969190204,0.80762939644093,0.80762939644093
0500000US18061,18,061,Harrison,1254.89644,38.422685,37.99264,-85.89955,-86.314292,1732.8453350936102,0.7241825999042258,0.7241825999042258
0500000US18073,18,073,Jasper,1449.4287499999998,41.286155,40.736541,-86.929646,-87.275882,1775.4341272451238,0.8163799083039062,0.8163799083039062
0500000US18081,18,081,Johnson,829.90593,39.638345,39.341672,-85.9508,-86.251684,851.7580605119774,0.9743446742390175,0.9743446742390175
0500000US18083,18,083,Knox,1336.5202899999997,38.908027,38.415698,-87.098771,-87.740001,3047.927823821872,0.43850129243680835,0.43850129243680835
0500000US18089,18,089,Lake,1292.30899,41.709935,41.162248,-87.218862,-87.526768,1563.1631700839878,0.826726866863531,0.826726866863531
0500000US18107,18,107,Montgomery,1306.94767,40.214806,39.864845,-86.695071,-87.092563,1316.7975146977883,0.9925198486571803,0.9925198486571803
0500000US20121,20,121,Miami,1490.9619899999998,38.738587,38.388718,-94.609509,-95.065831,1543.5030557017294,0.9659598563749894,0.9659598563749894
0500000US20129,20,129,Morton,1890.0032899999999,37.389191,36.993083,-101.55526,-102.04224,1899.9759187336977,0.9947511815095297,0.9947511815095297
0500000US20137,20,137,Norton,2274.36706,40.001866,39.56689,-99.625324,-100.180351,2293.8745221048353,0.9914958460382849,0.9914958460382849
0500000US20147,20,147,Phillips,2294.42143,40.002193,39.567328,-99.066203,-99.627953,2321.0546939642895,0.988525361322356,0.988525361322356
0500000US20153,20,153,Rawlins,2769.7874399999996,40.002696,39.568043,-100.738826,-101.413913,2787.9592511243136,0.9934820384777914,0.9934820384777914
0500000US20161,20,161,Riley,1579.3068899999998,39.566423,39.043257,-96.388884,-96.961387,2865.5512313487407,0.551135457891172,0.551135457891172
0500000US20175,20,175,Seward,1656.29723,37.387779,36.997921,-100.633323,-101.067904,1668.7478423402051,0.9925389492502685,0.9925389492502685
0500000US22065,22,065,Madison,1617.29183,32.562705,32.202455,-90.898588,-91.526719,2362.7597721621596,0.6844927059681643,0.6844927059681643
0500000US09001,09,001,Fairfield,1618.4651,41.666646,40.985171,-72.985095,-73.727775,4699.377057041845,0.3443999237249518,0.3443999237249518
0500000US05021,05,021,Clay,1656.21435,36.498559,36.200575,-90.06398,-90.806615,2203.7340072809548,0.7515491182365952,0.7515491182365952
0500000US21119,21,119,Knott,910.4316199999998,37.526231,37.17242,-82.710805,-83.134711,1474.1849743627636,0.6175830277971367,0.6175830277971367
0500000US21127,21,127,Lawrence,1076.39105,38.247303,37.879272,-82.464096,-83.022115,1999.2205748945817,0.538405348322687,0.538405348322687
0500000US21133,21,133,Letcher,875.1972599999999,37.271502,36.954163,-82.565375,-83.150402,1830.5127677673756,0.47811590031543627,0.47811590031543627
0500000US21141,21,141,Logan,1430.01929,37.073588,36.643412,-86.611586,-87.060843,1911.9032997817133,0.7479558668910027,0.7479558668910027
0500000US21149,21,149,McLean,653.90766,37.683563,37.391819,-87.03826,-87.495331,1307.3851923132959,0.5001644992192175,0.5001644992192175
0500000US21155,21,155,Marion,888.3907199999999,37.730658,37.413669,-85.030172,-85.52129,1525.622277272318,0.5823136783164745,0.5823136783164745
0500000US04015,04,015,Mohave,34475.70756,37.000753,34.231049,-112.538593,-114.755618,61715.018021572985,0.5586275215531613,0.5586275215531613
0500000US21163,21,163,Meade,791.04557,38.144393,37.798878,-85.975948,-86.490858,1734.0785009369772,0.45617633202451513,0.45617633202451513
0500000US21177,21,177,Muhlenberg,1209.73461,37.416042,37.040557,-86.893911,-87.388826,1829.5014874379424,0.6612372924026031,0.6612372924026031
0500000US19051,19,051,Davis,1300.66692,40.89972,40.590853,-92.17899,-92.639091,1331.2081918540784,0.9770574790322306,0.9770574790322306
0500000US19065,19,065,Fayette,1892.80049,43.082794,42.642056,-91.605307,-92.081661,1902.7333973894076,0.9947796641384254,0.9947796641384254
0500000US19071,19,071,Fremont,1323.8784999999998,40.901693,40.580501,-95.373923,-95.888907,1549.555241936102,0.8543603120246757,0.8543603120246757
0500000US19083,19,083,Hardin,1474.50513,42.5577,42.208886,-93.001674,-93.499485,1585.8741056645722,0.9297743904974713,0.9297743904974713
0500000US19085,19,085,Harrison,1804.83632,41.866307,41.506074,-95.497793,-96.139554,2134.6696733146878,0.8454874037712229,0.8454874037712229
0500000US19097,19,097,Jackson,1647.3410099999999,42.382155,42.033073,-90.154221,-90.898373,2379.090223862002,0.6924247737548407,0.6924247737548407
0500000US19109,19,109,Kossuth,2519.3448,43.500583,42.907762,-93.970415,-94.443137,2525.6765850920656,0.9974930340925519,0.9974930340925519
0500000US18111,18,111,Newton,1040.55581,41.218595,40.736582,-87.2673,-87.526719,1167.2338467210504,0.8914715872257221,0.8914715872257221
0500000US19119,19,119,Lyon,1522.0134999999998,43.500514,43.249178,-95.860946,-96.60286,1675.8669601471252,0.9081947053042811,0.9081947053042811
0500000US19133,19,133,Monona,1797.6464799999999,42.215077,41.863147,-95.670822,-96.35987,2226.8069392337525,0.8072754078171558,0.8072754078171558
0500000US19143,19,143,Osceola,1032.59156,43.500648,43.255221,-95.387787,-95.861914,1045.7459620276738,0.9874210348351069,0.9874210348351069
0500000US19167,19,167,Sioux,1989.9798799999999,43.259951,42.909059,-95.859377,-96.572489,2259.596782051639,0.8806791971942729,0.8806791971942729
0500000US19173,19,173,Taylor,1377.62618,40.900653,40.570707,-94.470779,-94.928459,1414.7794530352924,0.9737391768338287,0.9737391768338287
0500000US19185,19,185,Wayne,1360.88183,40.898451,40.579916,-93.097296,-93.556899,1371.5167747750834,0.9922458514757667,0.9922458514757667
0500000US19191,19,191,Winneshiek,1786.75812,43.500803,43.081653,-91.605307,-92.081146,1794.9738423644137,0.9954229291979032,0.9954229291979032
0500000US20001,20,001,Allen,1295.78477,38.03823,37.732476,-95.077876,-95.525499,1335.5644809743942,0.9702150577219814,0.9702150577219814
0500000US20007,20,007,Barber,2937.2490700000003,37.471013,36.997961,-98.347149,-99.012598,3098.825501840645,0.947858815623961,0.947858815623961
0500000US20011,20,011,Bourbon,1645.86989,38.037706,37.673105,-94.613981,-95.088082,1687.5061094807731,0.975326774079897,0.975326774079897
0500000US22071,22,071,Orleans,438.80557,30.199193,29.868543,-89.62288,-90.140074,1830.52162358274,0.23971613574340597,0.23971613574340597
0500000US27075,27,075,Lake,5463.066279999999,48.204491,46.939676,-91.020737,-91.799114,8212.315927024865,0.6652284603448206,0.6652284603448206
0500000US21161,21,161,Mason,621.93152,38.76815,38.456348,-83.641852,-83.991605,1053.6034380625072,0.5902899492656198,0.5902899492656198
0500000US27123,27,123,Ramsey,394.22907999999995,45.124533,44.888338,-92.984192,-93.227696,502.7867840113371,0.7840879922394911,0.7840879922394911
0500000US27135,27,135,Roseau,4329.44918,48.99982,48.538533,-95.089863,-96.405412,4945.334455927776,0.8754613502046279,0.8754613502046279
0500000US27151,27,151,Swift,1921.9949699999997,45.412525,45.152206,-95.24649,-96.117036,1971.525911487534,0.9748768498557736,0.9748768498557736
0500000US27155,27,155,Traverse,1486.40618,46.02185,45.585526,-96.253026,-96.857751,2274.280421902211,0.6535720774295581,0.6535720774295581
0500000US27165,27,165,Watonwan,1126.51273,44.108698,43.848047,-94.36885,-94.859803,1138.5770439965995,0.9894040424754641,0.9894040424754641
0500000US27167,27,167,Wilkin,1944.9786299999998,46.630765,46.02161,-96.265366,-96.783003,2692.269614131771,0.7224308515725069,0.7224308515725069
0500000US27173,27,173,Yellow Medicine,1966.0715899999998,44.93618,44.541762,-95.360177,-96.451888,3781.719224878311,0.5198883029353573,0.5198883029353573
0500000US28001,28,001,Adams,1197.63413,31.752743,31.192318,-91.153864,-91.599965,2636.412872804677,0.4542665309951734,0.4542665309951734
0500000US28019,28,019,Choctaw,1083.07843,33.533202,33.108871,-89.088255,-89.45405,1603.666609079457,0.6753763056909396,0.6753763056909396
0500000US28025,28,025,Clay,1062.09943,33.812374,33.506168,-88.480299,-89.034498,1746.4460438776916,0.6081490085097537,0.6081490085097537
0500000US28027,28,027,Coahoma,1430.82478,34.524829,33.985689,-90.399014,-90.934564,2950.760707915707,0.4849003093208037,0.4849003093208037
0500000US19117,19,117,Lucas,1115.23587,41.161271,40.898295,-93.097595,-93.557556,1128.2137957778277,0.9884969268888613,0.9884969268888613
0500000US37053,37,053,Currituck,678.1966799999999,36.550754,36.07171,-75.773329,-76.313196,2576.7121841131975,0.2632023414106719,0.2632023414106719
0500000US37079,37,079,Greene,688.75352,35.652256,35.34776,-77.476,-77.827,1075.8341658986722,0.6402041707094014,0.6402041707094014
0500000US37089,37,089,Henderson,966.2461199999999,35.465854,35.144216,-82.261456,-82.745209,1569.9938666058736,0.6154457928481598,0.6154457928481598
0500000US42035,42,035,Clinton,2299.87856,41.478576,40.962938,-77.143723,-78.093381,4554.088134791146,0.5050140647103384,0.5050140647103384
0500000US42041,42,041,Cumberland,1412.7388099999998,40.328484,39.944077,-76.859023,-77.614665,2745.7614106114897,0.5145162301940059,0.5145162301940059
0500000US20021,20,021,Cherokee,1521.8011199999999,37.339937,36.998135,-94.617636,-95.075166,1540.7948515461862,0.9876727706306091,0.9876727706306091
0500000US28055,28,055,Issaquena,1069.78655,33.011217,32.442115,-90.693011,-91.214027,3084.1847722838347,0.34686201670330685,0.34686201670330685
0500000US28063,28,063,Jefferson,1346.62647,31.869848,31.610068,-90.736282,-91.365614,1719.1043787567673,0.783330254195421,0.783330254195421
0500000US28071,28,071,Lafayette,1636.1237199999998,34.554367,34.161022,-89.245485,-89.721341,1910.52428039136,0.8563742093164339,0.8563742093164339
0500000US23001,23,001,Androscoggin,1211.93093,44.487217,43.926458,-69.993792,-70.480078,2416.862990597557,0.5014479243195975,0.5014479243195975
0500000US23003,23,003,Aroostook,17278.7447,47.459686,45.572848,-67.763767,-70.023016,36268.73991426594,0.4764087404427188,0.4764087404427188
0500000US22087,22,087,St. Bernard,977.7690299999999,30.079128,29.621003,-88.817017,-90.012102,5871.344670106212,0.16653238481778862,0.16653238481778862
0500000US38015,38,015,Burleigh,4228.5712699999995,47.32772,46.633396,-100.075229,-100.965156,5212.2634364887135,0.8112735132299094,0.8112735132299094
0500000US38021,38,021,Dickey,2930.5072999999998,46.282898,45.936095,-98.006715,-99.005754,2969.9281278013577,0.9867266727998091,0.9867266727998091
0500000US38023,38,023,Divide,3265.43574,48.999877,48.633298,-102.885775,-104.0489,3471.374171567974,0.9406752423133475,0.9406752423133475
0500000US38033,38,033,Golden Valley,2592.03574,47.330128,46.540747,-103.60921,-104.045572,2908.0966197343964,0.8913169261331959,0.8913169261331959
0500000US38049,38,049,McHenry,4853.540859999999,48.632424,47.84748,-100.197558,-101.060047,5574.9677968618635,0.8705953176504528,0.8705953176504528
0500000US28047,28,047,Harrison,1486.64446,30.677292,30.202305,-88.845609,-89.341446,2510.6109269994445,0.5921445031615322,0.5921445031615322
0500000US28105,28,105,Oktibbeha,1186.7405899999999,33.565135,33.286003,-88.669076,-89.088446,1207.9728866841278,0.9824232009524565,0.9824232009524565
0500000US28111,28,111,Perry,1676.3826799999997,31.434052,30.909877,-88.834339,-89.146092,1728.7663586688557,0.9696988095550453,0.9696988095550453
0500000US28113,28,113,Pike,1059.3488499999999,31.350274,30.999693,-90.259555,-90.548199,1070.5014501649887,0.9895818915861627,0.9895818915861627
0500000US28125,28,125,Sharkey,1118.1548,33.097417,32.662128,-90.656632,-90.964864,1393.1804523538103,0.8025915078774267,0.8025915078774267
0500000US28131,28,131,Stone,1153.80615,30.910788,30.64772,-88.884478,-89.341446,1277.0007900077915,0.9035281411164672,0.9035281411164672
0500000US35047,35,047,San Miguel,12213.97639,35.871015,35.041562,-103.637057,-105.72028,17402.71760260449,0.7018430493966101,0.7018430493966101
0500000US35051,35,051,Sierra,10823.49604,33.480116,32.605382,-106.340473,-108.000602,15051.007513310584,0.7191210309627498,0.7191210309627498
0500000US35055,35,055,Taos,5706.0549,36.996017,36.013014,-105.220613,-106.058364,8184.440782949467,0.6971832347895224,0.6971832347895224
0500000US36001,36,001,Albany,1354.06236,42.820677,42.408207,-73.676762,-74.254303,2167.603316060641,0.6246818086903676,0.6246818086903676
0500000US36005,36,005,Bronx,109.02863999999998,40.917577,40.786621,-73.765128,-73.933408,206.1013388257761,0.5290050060866673,0.5290050060866673
0500000US42043,42,043,Dauphin,1359.87173,40.658082,40.12007,-76.535414,-77.028645,2499.045065245747,0.5441565455988586,0.5441565455988586
0500000US42059,42,059,Greene,1491.7079099999999,39.999581,39.720792,-79.915278,-80.519342,1598.344245936683,0.9332832484567862,0.9332832484567862
0500000US42065,42,065,Jefferson,1689.79111,41.375476,40.90598,-78.710248,-79.21531,2207.9885276089854,0.7653079211556694,0.7653079211556694
0500000US42071,42,071,Lancaster,2444.4678999999996,40.315971,39.721305,-75.873375,-76.72162,4776.381388228654,0.5117823936807825,0.5117823936807825
0500000US42077,42,077,Lehigh,893.9799399999999,40.787387,40.418451,-75.333514,-75.891473,1932.4209637055149,0.4626217355279298,0.4626217355279298
0500000US42083,42,083,McKean,2536.12023,41.999989,41.602188,-78.203422,-78.956056,2759.6008232469635,0.9190170580598629,0.9190170580598629
0500000US41035,41,035,Klamath,15387.324679999998,43.616629,41.993323,-120.879481,-122.290351,20775.20313337274,0.7406582059013519,0.7406582059013519
0500000US23005,23,005,Cumberland,2163.2741899999996,44.171036,43.535405,-69.857032,-70.821803,5467.691020273211,0.395646751431083,0.395646751431083
0500000US45029,45,029,Colleton,2736.31169,33.181077,32.470672,-80.249566,-81.082291,6146.411745683834,0.4451884779638311,0.4451884779638311
0500000US45041,45,041,Florence,2071.90676,34.30519,33.775357,-79.324317,-80.072808,4063.154497526541,0.5099256652094524,0.5099256652094524
0500000US45043,45,043,Georgetown,2107.08673,33.779878,33.110051,-79.002109,-79.677014,4663.976809669568,0.4517789894734237,0.4517789894734237
0500000US47023,47,023,Chester,740.0562399999999,35.588089,35.24755,-88.351765,-88.841607,1680.8271872711048,0.4402928781759611,0.4402928781759611
0500000US38051,38,051,McIntosh,2524.55847,46.283151,45.939944,-99.003118,-99.880062,2579.8383974293756,0.9785723293813837,0.9785723293813837
0500000US38057,38,057,Mercer,2701.2586300000003,47.574506,46.981159,-101.257031,-102.205601,4721.296960044465,0.5721433438439255,0.5721433438439255
0500000US40067,40,067,Jefferson,1965.3748799999998,34.289775,33.849393,-97.560764,-98.16912,2743.945096804948,0.7162588210268799,0.7162588210268799
0500000US40077,40,077,Latimer,1870.1872,35.058514,34.680736,-94.927668,-95.514514,2248.981995612263,0.831570552209272,0.831570552209272
0500000US40079,40,079,Le Flore,4116.064259999999,35.386467,34.506831,-94.431815,-95.059616,5596.793410309059,0.7354325875988885,0.7354325875988885
0500000US40089,40,089,McCurtain,4791.51295,34.507457,33.615765,-94.461149,-95.156521,6351.227686760447,0.7544231109818698,0.7544231109818698
0500000US40095,40,095,Marshall,961.0971999999999,34.172553,33.824406,-96.548028,-96.969627,1504.577951972137,0.638781924685414,0.638781924685414
0500000US40105,40,105,Nowata,1465.3624300000001,36.999371,36.597476,-95.407572,-95.80982,1600.5621191725186,0.9155298706916694,0.9155298706916694
0500000US40113,40,113,Osage,5818.06722,36.999286,36.161294,-96.00081,-97.064107,8846.866351936316,0.6576415861336707,0.6576415861336707
0500000US36015,36,015,Chemung,1055.0416799999998,42.29372,42.000149,-76.538349,-76.965728,1150.1779810789637,0.91728558306279,0.91728558306279
0500000US36023,36,023,Cortland,1291.7884,42.790964,42.407568,-75.86402,-76.274673,1432.9568977685371,0.901484477315144,0.901484477315144
0500000US36025,36,025,Delaware,3735.9195999999997,42.517799,41.850899,-74.443506,-75.421776,5977.221563166514,0.6250261196643422,0.6250261196643422
0500000US36029,36,029,Erie,2700.57487,43.088703,42.442556,-78.463887,-79.136725,3946.2808142779436,0.68433418631262,0.68433418631262
0500000US40139,40,139,Texas,5286.865989999999,36.998176,36.499244,-100.945469,-102.032339,5372.372829783654,0.9840839713674343,0.9840839713674343
0500000US40151,40,151,Woods,3331.9158599999996,36.999595,36.392595,-98.53355,-99.456203,5552.276990348083,0.6000989982654154,0.6000989982654154
0500000US41001,41,001,Baker,7947.044629999999,45.080805,44.255084,-116.783902,-118.519257,12600.17150593525,0.6307092428270982,0.6307092428270982
0500000US41007,41,007,Clatsop,2147.2369099999996,46.269531,45.77315,-123.360962,-124.024305,2827.0064044949404,0.7595444094452325,0.7595444094452325
0500000US41041,41,041,Lincoln,2537.5913499999997,45.044959,44.276277,-123.597217,-124.115849,3506.034654329293,0.7237781711217691,0.7237781711217691
0500000US31139,31,139,Pierce,1484.71491,42.438775,42.08975,-97.36759,-97.834699,1491.7867248839525,0.9952595000572199,0.9952595000572199
0500000US31145,31,145,Red Willow,1856.9911499999998,40.350027,40.001494,-100.193597,-100.75883,1861.1204638523207,0.9977812753486287,0.9977812753486287
0500000US19029,19,029,Cass,1461.45671,41.505211,41.157903,-94.700589,-95.155851,1468.0101806973203,0.9955358138632203,0.9955358138632203
0500000US19037,19,037,Chickasaw,1306.3442,43.212947,42.907013,-92.080976,-92.554381,1308.381136936465,0.9984431624096672,0.9984431624096672
0500000US17083,17,083,Jersey,956.41189,39.261947,38.926453,-90.145991,-90.603569,1473.1393650557527,0.6492338149987618,0.6492338149987618
0500000US17085,17,085,Jo Daviess,1556.81533,42.508302,42.1936,-89.919657,-90.656527,2118.968048326462,0.7347044856242905,0.7347044856242905
0500000US17097,17,097,Lake,1149.1053,42.496013,42.152362,-87.759327,-88.199584,1383.0651606015933,0.8308395965235451,0.8308395965235451
0500000US17115,17,115,Macon,1503.9845099999998,40.055191,39.653222,-88.745164,-89.217846,1803.477546144314,0.8339358109644306,0.8339358109644306
0500000US17119,17,119,Madison,1853.35738,39.000046,38.655152,-89.595103,-90.275932,2261.787119308283,0.8194216706684615,0.8194216706684615
0500000US47039,47,039,Decatur,864.65855,35.845841,35.38257,-87.970738,-88.243057,1268.090589445852,0.681858659938365,0.681858659938365
0500000US47043,47,043,Dickson,1268.83064,36.334713,35.959186,-87.139332,-87.566798,1602.7260920071055,0.7916702962082772,0.7916702962082772
0500000US47053,47,053,Gibson,1561.1017799999997,36.222834,35.791075,-88.692709,-89.188844,2142.5488019460945,0.7286190067558966,0.7286190067558966
0500000US47055,47,055,Giles,1582.3009299999999,35.45566,34.991764,-86.828301,-87.224053,1854.3253462337445,0.8533027568294614,0.8533027568294614
0500000US23013,23,013,Knox,945.69706,44.364653,43.820987,-68.584074,-69.528223,4558.225342324469,0.2074704493476712,0.2074704493476712
0500000US23019,23,019,Penobscot,8799.16758,46.395782,44.644023,-67.93976,-69.355667,21486.790454819093,0.40951521347510084,0.40951521347510084
0500000US23025,23,025,Somerset,10164.203769999998,46.574053,44.577264,-69.266785,-70.551038,22192.661092264258,0.45799842243988287,0.45799842243988287
0500000US40121,40,121,Pittsburg,3381.1465799999996,35.296019,34.593528,-95.349233,-96.092043,5288.64314553874,0.6393221261018872,0.6393221261018872
0500000US40129,40,129,Roger Mills,2955.5422399999998,36.012925,35.421655,-99.364141,-100.000396,3776.528514601419,0.7826082150771031,0.7826082150771031
0500000US24045,24,045,Wicomico,969.80996,38.560736,38.228009,-75.307011,-75.928628,2004.2942858256702,0.48386605043903835,0.48386605043903835
0500000US25025,25,025,Suffolk,150.61886,42.444753,42.22788,-70.953022,-71.191155,472.02008355289627,0.31909417681190916,0.31909417681190916
0500000US26001,26,001,Alcona,1747.17515,44.858494,44.508973,-83.273393,-83.888484,1889.958182118853,0.9244517505891175,0.9244517505891175
0500000US41015,41,015,Curry,4215.1214,42.95497,41.995473,-123.71619,-124.552441,7317.272934518737,0.5760508645393629,0.5760508645393629
0500000US41025,41,025,Harney,26244.9103,44.047678,41.992671,-118.195361,-119.943888,32480.172572079904,0.8080286593846561,0.8080286593846561
0500000US26089,26,089,Leelanau,899.1728899999999,45.210742,44.774525,-85.526734,-86.156689,2402.8299814610605,0.3742141129158254,0.3742141129158254
0500000US26105,26,105,Mason,1282.2390699999999,44.178685,43.815611,-86.037884,-86.514742,1539.9605887202777,0.832644081538186,0.832644081538186
0500000US28147,28,147,Walthall,1046.21496,31.350274,31.000657,-89.835873,-90.260391,1570.0836632986977,0.6663434468211296,0.6663434468211296
0500000US42107,42,107,Schuylkill,2016.6620599999999,40.94974,40.495952,-75.757807,-76.701624,4013.3586307658097,0.5024873791593327,0.5024873791593327
0500000US42127,42,127,Wayne,1879.31436,41.999445,41.232539,-75.048199,-75.505607,3242.578468839689,0.5795740575161736,0.5795740575161736
0500000US42129,42,129,Westmoreland,2661.36486,40.669732,40.040413,-78.974649,-79.877385,5352.811110429108,0.4971901315207537,0.4971901315207537
0500000US49015,49,015,Emery,11557.39326,39.704611,38.499978,-109.994283,-111.305858,15159.489970715384,0.7623866820273111,0.7623866820273111
0500000US49021,49,021,Iron,8538.40379,38.148665,37.474079,-112.468177,-114.052472,10439.685980652384,0.8178793697266389,0.8178793697266389
0500000US49025,49,025,Kane,10334.693109999998,37.543398,37.000319,-110.639097,-112.901174,12087.264730296367,0.8550067646070827,0.8550067646070827
0500000US47029,47,029,Cocke,1125.52335,36.180894,35.714974,-82.89798,-83.310782,1925.1616323256083,0.5846383654760251,0.5846383654760251
0500000US23027,23,027,Waldo,1890.4876199999999,44.744559,44.218719,-68.796206,-69.506382,3294.3368748837693,0.5738598363795748,0.5738598363795748
0500000US31157,31,157,Scotts Bluff,1915.0485899999999,42.00354,41.697954,-103.363337,-104.053026,1941.0951348395708,0.9865815207240094,0.9865815207240094
0500000US31165,31,165,Sioux,5352.856599999999,43.001378,42.001718,-103.401639,-104.053127,5936.691811176227,0.9016564730415821,0.9016564730415821
0500000US31175,31,175,Valley,1471.24432,41.740613,41.394084,-98.751558,-99.212016,1476.0601400789017,0.9967373822054132,0.9967373822054132
0500000US31177,31,177,Washington,1009.99122,41.683633,41.392162,-95.930705,-96.444785,1386.7512451430314,0.7283146299939526,0.7283146299939526
0500000US32001,32,001,Churchill,12769.886219999999,40.002466,39.073654,-117.46164,-119.225176,15618.762422811877,0.8175991076827591,0.8175991076827591
0500000US32003,32,003,Clark,20438.806289999997,36.853473,35.002085,-114.046403,-115.896925,34300.369133615495,0.5958771525280552,0.5958771525280552
0500000US26011,26,011,Arenac,940.6646899999998,44.163517,43.91052,-83.565225,-84.166377,1351.8652575794597,0.695827254029945,0.695827254029945
0500000US30067,30,067,Park,7259.93317,46.192408,44.992237,-109.798173,-111.044275,12939.230943193685,0.5610791863807704,0.5610791863807704
0500000US30073,30,073,Pondera,4203.2151699999995,48.483478,47.984771,-111.408495,-113.34947,7971.99509643111,0.5272475859752709,0.5272475859752709
0500000US30079,30,079,Prairie,4498.14883,47.181586,46.540606,-104.603766,-106.086777,8036.508194368897,0.5597143337888723,0.5597143337888723
0500000US30081,30,081,Ravalli,6192.22639,46.661023,45.468542,-113.516338,-114.566172,10739.835172785131,0.5765662405779909,0.5765662405779909
0500000US30089,30,089,Sanders,7149.757159999999,48.263009,47.120639,-114.187383,-116.049415,17703.091671785813,0.4038705381272401,0.4038705381272401
0500000US30095,30,095,Stillwater,4649.956499999999,46.132261,45.167198,-108.842697,-110.063819,10185.552592186583,0.45652471556300417,0.45652471556300417
0500000US26109,26,109,Menominee,2704.16461,45.986006,45.095264,-87.264446,-87.888052,4810.35506391651,0.5621548875434395,0.5621548875434395
0500000US28149,28,149,Warren,1524.2175899999997,32.618858,32.079921,-90.553821,-91.174552,3494.3415218952837,0.43619594148121066,0.43619594148121066
0500000US28161,28,161,Yalobusha,1209.86411,34.192545,33.867334,-89.507353,-89.931485,1413.3765626688578,0.8560097442930791,0.8560097442930791
0500000US29005,29,005,Atchison,1417.51218,40.585208,40.261706,-95.177708,-95.774704,1817.8553834302693,0.779771698519369,0.779771698519369
0500000US29011,29,011,Barton,1533.07539,37.653577,37.349291,-94.073524,-94.617626,1624.019509335387,0.944000599246123,0.944000599246123
0500000US29019,29,019,Boone,1775.2222599999998,39.248795,38.643167,-92.104374,-92.565124,2683.3310716356164,0.6615740706635646,0.6615740706635646
0500000US29025,29,025,Caldwell,1104.3578699999998,39.788954,39.524558,-93.758357,-94.208423,1132.7281648619164,0.9749540130262629,0.9749540130262629
0500000US39085,39,085,Lake,589.20687,41.854908,41.56967,-81.002117,-81.488934,1281.6545977168134,0.45972360341829593,0.45972360341829593
0500000US39095,39,095,Lucas,882.81445,41.732647,41.414503,-83.165713,-83.883234,2111.499790896951,0.41809828909572677,0.41809828909572677
0500000US44009,44,009,Washington,852.71865,41.653819,41.146339,-71.40377,-71.862772,2160.3707131558863,0.39470941019855893,0.39470941019855893
0500000US45011,45,011,Barnwell,1420.33787,33.490417,33.092534,-81.193099,-81.772251,2381.5891634764735,0.5963824037252052,0.5963824037252052
0500000US45013,45,013,Beaufort,1492.5651999999998,32.704321,32.079792,-80.429291,-81.016341,3827.771950264742,0.3899305442939904,0.3899305442939904
0500000US32015,32,015,Lander,14219.371949999999,41.000398,39.093425,-116.586786,-117.806183,22008.78736407422,0.6460770289057733,0.6460770289057733
0500000US32019,32,019,Lyon,5183.0743299999995,39.740385,38.414677,-118.753835,-119.712645,12200.227671118693,0.4248342301242269,0.4248342301242269
0500000US32029,32,029,Storey,680.9628,39.627112,39.250871,-119.279801,-119.712645,1555.0871474735018,0.43789365831126414,0.43789365831126414
0500000US39111,39,111,Monroe,1180.31739,39.869471,39.540464,-80.812342,-81.319125,1586.05554493473,0.7441841452334337,0.7441841452334337
0500000US39113,39,113,Montgomery,1195.42227,39.92297,39.577983,-84.051039,-84.485367,1424.3773143815538,0.8392595542839272,0.8392595542839272
0500000US39123,39,123,Ottawa,660.2350299999999,41.724549,41.457508,-82.694722,-83.415919,1780.931958012535,0.37072445526599557,0.37072445526599557
0500000US39145,39,145,Scioto,1580.45167,39.015791,38.570733,-82.650039,-83.270817,2662.50158293245,0.5935965184513835,0.5935965184513835
0500000US39155,39,155,Trumbull,1601.38923,41.501685,41.133388,-80.518693,-81.003319,1657.49081841635,0.9661527003389664,0.9661527003389664
0500000US30103,30,103,Treasure,2531.46082,46.48234,45.870088,-106.93898,-107.738547,4191.196515765433,0.6039947806020931,0.6039947806020931
0500000US30105,30,105,Valley,12757.871210000001,48.999756,47.6614,-105.804345,-107.414886,17718.072897547143,0.7200484659799643,0.7200484659799643
0500000US38077,38,077,Richland,3718.66761,46.630647,45.935141,-96.554835,-97.280568,4313.065062330992,0.8621867642289285,0.8621867642289285
0500000US38085,38,085,Sioux,2833.70346,46.427894,45.943642,-100.511949,-101.998618,6162.599808037988,0.4598227287619668,0.4598227287619668
0500000US38099,38,099,Walsh,3320.20129,48.543773,48.193779,-97.115581,-98.318098,3457.0728801423224,0.9604082427858195,0.9604082427858195
0500000US38105,38,105,Williams,5380.4685899999995,48.633976,47.95595,-102.828061,-104.048212,6805.239989270474,0.7906361272318316,0.7906361272318316
0500000US29031,29,031,Cape Girardeau,1498.40565,37.599286,37.126066,-89.421054,-89.866627,2072.121669911834,0.7231262873013412,0.7231262873013412
0500000US29037,29,037,Cass,1804.80524,38.847207,38.447087,-94.064317,-94.612865,2119.4832746825623,0.8515307771278865,0.8515307771278865
0500000US36047,36,047,Kings,183.41344,40.739292,40.566161,-73.849852,-74.042412,312.7274573452429,0.5864961188793743,0.5864961188793743
0500000US36053,36,053,Madison,1696.0407799999998,43.185164,42.723844,-75.247963,-75.993394,3111.920505097698,0.5450141728304698,0.5450141728304698
0500000US36061,36,061,New York,59.12711,40.882075,40.679548,-73.907,-74.047313,266.0543139353812,0.2222369903551374,0.2222369903551374
0500000US36067,36,067,Onondaga,2016.0301,43.271605,42.771257,-75.896079,-76.499312,2728.368019717124,0.7389142833484103,0.7389142833484103
0500000US41045,41,045,Malheur,25608.707879999998,44.444461,41.996995,-116.894083,-118.23214,29504.66247079014,0.86795461243974,0.86795461243974
0500000US41055,41,055,Sherman,2133.36746,45.737237,45.08295,-120.357839,-121.031202,3824.199298481495,0.5578599056924447,0.5578599056924447
0500000US41057,41,057,Tillamook,2855.6821999999997,45.783197,45.043987,-123.299441,-124.017991,4610.20512974835,0.6194262770593634,0.6194262770593634
0500000US41063,41,063,Wallowa,8148.629509999999,46.000695,45.079022,-116.463504,-117.977766,12086.442666998484,0.6741958518737265,0.6741958518737265
0500000US41067,41,067,Washington,1875.7557,45.779669,45.317376,-122.743608,-123.48472,2966.595563560755,0.632292356612494,0.632292356612494
0500000US29101,29,101,Johnson,2147.84038,38.937909,38.55621,-93.497278,-94.119664,2290.864204362985,0.9375677422997862,0.9375677422997862
0500000US29107,29,107,Lafayette,1627.6414699999998,39.292796,38.908709,-93.477233,-94.11427,2347.727324331101,0.6932838635610022,0.6932838635610022
0500000US29113,29,113,Lincoln,1622.78004,39.227233,38.870865,-90.66587,-91.264287,2047.737731702785,0.7924745512456746,0.7924745512456746
0500000US29123,29,123,Madison,1280.4701,37.643641,37.312091,-90.145699,-90.549729,1314.402948494288,0.9741838311203123,0.9741838311203123
0500000US29127,29,127,Marion,1131.6331599999999,39.948235,39.657644,-91.313162,-91.846743,1472.841967050272,0.7683330495167607,0.7683330495167607
0500000US39163,39,163,Vinton,1068.0124,39.395767,39.027674,-82.260243,-82.762892,1772.519013611679,0.6025393193519665,0.6025393193519665
0500000US47073,47,073,Hawkins,1261.26525,36.594099,36.242296,-82.609176,-83.280595,2350.1765088144552,0.5366683077928662,0.5366683077928662
0500000US47079,47,079,Henry,1455.82864,36.501506,36.12029,-87.99092,-88.530346,2048.844717272244,0.7105607505180951,0.7105607505180951
0500000US47089,47,089,Jefferson,709.8620199999999,36.181987,35.895846,-83.234585,-83.674688,1259.0653956240285,0.5638007544859671,0.5638007544859671
0500000US47091,47,091,Johnson,773.05025,36.614215,36.264881,-81.6469,-82.058946,1431.773908988755,0.5399248059674423,0.5399248059674423
0500000US47097,47,097,Lauderdale,1222.45928,35.946599,35.537914,-89.342829,-89.958882,2526.6632466042706,0.4838235889341146,0.4838235889341146
0500000US47103,47,103,Lincoln,1477.1754199999998,35.370983,34.990677,-86.318168,-86.836306,1991.3633452920308,0.7417910063938502,0.7417910063938502
0500000US47115,47,115,Marion,1290.2344,35.319292,34.983972,-85.361959,-85.873025,1732.4648749860671,0.7447391393781513,0.7447391393781513
0500000US47121,47,121,Meigs,505.36598000000004,35.752896,35.287788,-84.619865,-85.016343,1855.7474207105588,0.27232476486832313,0.27232476486832313
0500000US47123,47,123,Monroe,1646.11335,35.671735,35.206677,-83.961054,-84.52585,2645.9585849392083,0.6221236263370389,0.6221236263370389
0500000US47131,47,131,Obion,1410.8455199999999,36.506782,36.201635,-88.81642,-89.482971,2025.3840559734851,0.6965817252480977,0.6965817252480977
0500000US39007,39,007,Ashtabula,1818.00129,41.977523,41.499924,-80.519157,-81.004763,2139.7638309647446,0.8496270773865389,0.8496270773865389
0500000US48371,48,371,Pecos,12338.36373,31.371306,30.052808,-101.768377,-103.585084,25462.174698668387,0.4845761949251439,0.4845761949251439
0500000US48377,48,377,Presidio,9985.06383,30.629247,29.262931,-103.792705,-104.985365,17458.01915219446,0.5719471231502735,0.5719471231502735
0500000US48391,48,391,Refugio,1995.4499599999997,28.553475,28.075759,-96.76696,-97.541071,4025.3294257522766,0.495723392782214,0.495723392782214
0500000US48401,48,401,Rusk,2393.22993,32.394916,31.844281,-94.452416,-94.985411,3073.3294590909163,0.7787092018139545,0.7787092018139545
0500000US48407,48,407,San Jacinto,1474.3393700000001,30.906719,30.344976,-94.830429,-95.359156,3160.0623047283343,0.46655389287545923,0.46655389287545923
0500000US48409,48,409,San Patricio,1796.03809,28.176848,27.822091,-97.134801,-97.904081,2979.3596489408187,0.60282688282984,0.60282688282984
0500000US36079,36,079,Putnam,596.50808,41.527194,41.321693,-73.530067,-73.982584,862.1481694555953,0.6918858047064762,0.6918858047064762
0500000US48443,48,443,Terrell,6107.287339999999,30.655982,29.777187,-101.646245,-102.567049,8645.703260412132,0.706395669160275,0.706395669160275
0500000US48461,48,461,Upton,3215.02916,31.65137,31.079784,-101.775802,-102.31805,3272.1817502625404,0.9825337971346014,0.9825337971346014
0500000US48465,48,465,Val Verde,8144.902499999999,30.288276,29.242146,-100.699141,-101.761839,11932.018077626268,0.6826089641342825,0.6826089641342825
0500000US48473,48,473,Waller,1329.7836999999997,30.245645,29.727944,-95.80333,-96.191418,2151.6285214850823,0.6180359140629748,0.6180359140629748
0500000US48479,48,479,Webb,8706.238379999999,28.204627,27.264673,-98.798087,-100.209464,14518.251334423263,0.5996754140326263,0.5996754140326263
0500000US48487,48,487,Wilbarger,2514.48596,34.442144,33.834,-98.952527,-99.47565,3255.7106916518715,0.7723308973513886,0.7723308973513886
0500000US48495,48,495,Winkler,2178.46713,32.087051,31.651306,-102.798939,-103.327538,2418.61858432493,0.9007071822397497,0.9007071822397497
0500000US48501,48,501,Yoakum,2071.24372,33.388489,32.958831,-102.594836,-103.064679,2089.19763300759,0.9914063118185025,0.9914063118185025
0500000US48505,48,505,Zapata,2585.88708,27.319174,26.57086,-98.95423,-99.453949,4121.646823143755,0.6273917176696945,0.6273917176696945
0500000US49003,49,003,Box Elder,14880.97709,42.001217,40.999926,-111.885476,-114.042145,19996.85681171204,0.7441658071624686,0.7441658071624686
0500000US48005,48,005,Angelina,2066.24502,31.526916,31.033326,-94.129632,-95.005566,4568.674949297842,0.45226352124647434,0.45226352124647434
0500000US48007,48,007,Aransas,652.87166,28.319095,27.837452,-96.787181,-97.260818,2488.626279581033,0.26234218667413284,0.26234218667413284
0500000US48037,48,037,Bowie,2292.16554,33.703016,33.241073,-94.042869,-94.746925,3354.3805539254113,0.6833349714353755,0.6833349714353755
0500000US48043,48,043,Brewster,16015.86847,30.665939,28.972099,-102.320819,-103.80068,26888.613088383445,0.5956375815054312,0.5956375815054312
0500000US29183,29,183,St. Charles,1451.5266499999998,38.967764,38.534725,-90.109107,-90.964461,3571.623910572772,0.40640523368184706,0.40640523368184706
0500000US29189,29,189,St. Louis,1315.202,38.887759,38.386998,-90.117707,-90.736319,2991.8005263914433,0.4396021687937629,0.4396021687937629
0500000US29199,29,199,Scotland,1130.97789,40.605913,40.300832,-91.943114,-92.350807,1170.2163801151507,0.9664690301879985,0.9664690301879985
0500000US24005,24,005,Baltimore,1549.6021799999999,39.721203,39.195408,-76.32368,-76.882274,2803.8109296397083,0.5526771308360385,0.5526771308360385
0500000US24025,24,025,Harford,1132.06051,39.721305,39.302108,-76.060931,-76.569475,2033.526193801527,0.5566982679892097,0.5566982679892097
0500000US26013,26,013,Baraga,2326.4856299999997,46.966665,46.419951,-87.991546,-88.679392,3189.2152563869495,0.7294852943340259,0.7294852943340259
0500000US26029,26,029,Charlevoix,1078.31801,45.760222,45.114903,-84.732687,-85.630016,5023.864092417556,0.2146391682106786,0.2146391682106786
0500000US30111,30,111,Yellowstone,6820.231459999999,46.496126,45.460509,-107.466381,-108.924129,12971.441968992698,0.5257882258813842,0.5257882258813842
0500000US31015,31,015,Boyd,1398.4446,42.99856,42.761207,-98.305149,-99.257039,2047.0433070020877,0.6831534023811319,0.6831534023811319
0500000US31021,31,021,Burt,1273.19479,42.047238,41.68274,-96.064537,-96.555172,1646.7088093684379,0.7731754289262036,0.7731754289262036
0500000US26121,26,121,Muskegon,1293.04714,43.472328,43.118365,-85.790448,-86.462195,2139.7502656500883,0.6042981560781125,0.6042981560781125
0500000US26127,26,127,Oceana,1326.26389,43.819572,43.467447,-86.037884,-86.540916,1584.8577247361648,0.8368346693207344,0.8368346693207344
0500000US26139,26,139,Ottawa,1459.37953,43.20592,42.76754,-85.782498,-86.271996,1940.854499457658,0.7519262935000027,0.7519262935000027
0500000US26141,26,141,Presque Isle,1706.08221,45.627116,45.198718,-83.381743,-84.25202,3235.992857317551,0.5272206352810811,0.5272206352810811
0500000US26151,26,151,Sanilac,2493.04594,43.690437,43.154099,-82.503157,-83.120396,2972.9120615647566,0.8385871792951101,0.8385871792951101
0500000US26153,26,153,Schoolcraft,3033.81722,46.505852,45.75685,-85.864932,-86.615601,4817.674097083601,0.6297265358477723,0.6297265358477723
0500000US45019,45,019,Charleston,2372.67051,33.215136,32.500187,-79.268762,-80.446077,8742.310301262874,0.2714008572376177,0.2714008572376177
0500000US46071,46,071,Jackson,4827.53726,43.994929,43.389185,-101.064068,-102.139158,5822.093218800848,0.8291755350826051,0.8291755350826051
0500000US46081,46,081,Lawrence,2072.0906499999996,44.604777,44.140772,-103.452453,-104.055927,2474.7925579616017,0.8372785199041922,0.8372785199041922
0500000US46083,46,083,Lincoln,1495.1526099999999,43.500457,43.083366,-96.436589,-96.924841,1832.7304599982276,0.8158060569372791,0.8158060569372791
0500000US46089,46,089,McPherson,2943.90796,45.941104,45.591252,-98.724375,-99.718071,2998.5236924390742,0.9817857925962731,0.9817857925962731
0500000US46099,46,099,Minnehaha,2090.51073,43.849501,43.499683,-96.453049,-97.129478,2116.105734459623,0.9879046665566742,0.9879046665566742
0500000US46105,46,105,Perkins,7434.53802,45.94545,45.037999,-101.99979,-102.957371,7531.663921143055,0.9871043235386007,0.9871043235386007
0500000US46109,46,109,Roberts,2851.6961899999997,45.935857,45.296866,-96.47002,-97.228304,4190.423996512773,0.6805268851966177,0.6805268851966177
0500000US33001,33,001,Belknap,1036.60088,43.765028,43.284717,-71.160134,-71.727979,2445.149586485665,0.4239417030881424,0.4239417030881424
0500000US33007,33,007,Coos,4648.234149999999,45.305293,44.092234,-71.010239,-71.764537,8041.633694258656,0.5780211244039402,0.5780211244039402
0500000US33011,33,011,Hillsborough,2269.20001,43.207263,42.69699,-71.245504,-72.062374,3772.1661405869077,0.6015641743836175,0.6015641743836175
0500000US33013,33,013,Merrimack,2419.36044,43.599442,43.008984,-71.235828,-72.090028,4538.198637539334,0.5331103006350127,0.5331103006350127
0500000US34001,34,001,Atlantic,1439.2733599999997,39.729909,39.289593,-74.302184,-74.985223,2868.964418820501,0.5016699930324402,0.5016699930324402
0500000US34005,34,005,Burlington,2068.31184,40.147324,39.55597,-74.389905,-75.056039,3739.1545048194116,0.5531496057020763,0.5531496057020763
0500000US34011,34,011,Cumberland,1252.7907699999998,39.568643,39.177553,-74.855894,-75.407294,2061.156523837958,0.6078096231465488,0.6078096231465488
0500000US31031,31,031,Cherry,15437.492979999997,42.999356,42.085848,-100.167605,-102.082546,15935.623551691337,0.9687410680808615,0.9687410680808615
0500000US31043,31,043,Dakota,684.42045,42.524652,42.278005,-96.348814,-96.726661,850.8983197490118,0.8043504542374492,0.8043504542374492
0500000US31049,31,049,Deuel,1139.21409,41.221614,41.002174,-102.051718,-102.621033,1163.8055651956233,0.9788697734990726,0.9788697734990726
0500000US31055,31,055,Douglas,850.6984499999999,41.393239,41.189999,-95.90249,-96.47072,1072.8838782339872,0.7929082235817412,0.7929082235817412
0500000US31061,31,061,Franklin,1491.36344,40.350681,40.001925,-98.726373,-99.179403,1492.616533502504,0.9991604719133297,0.9991604719133297
0500000US31067,31,067,Gage,2205.3616899999997,40.523625,40.000851,-96.463632,-96.916407,2233.286032050772,0.9874962984364658,0.9874962984364658
0500000US39035,39,035,Cuyahoga,1184.1246899999999,41.631348,41.275044,-81.391005,-81.971262,1915.9372808624282,0.6180393804263704,0.6180393804263704
0500000US39051,39,051,Fulton,1050.09737,41.720086,41.485519,-83.880387,-84.399546,1125.9098883654165,0.932665554189705,0.932665554189705
0500000US39053,39,053,Gallia,1208.3127,39.035079,38.582588,-82.095465,-82.582683,2124.101554218705,0.5688582533166339,0.5688582533166339
0500000US29063,29,063,DeKalb,1091.31204,40.039217,39.745841,-94.203457,-94.605377,1118.5903834203432,0.9756136438998041,0.9756136438998041
0500000US29069,29,069,Dunklin,1401.3687099999997,36.630656,35.995812,-89.958786,-90.368718,2592.808588583982,0.5404829018887712,0.5404829018887712
0500000US29081,29,081,Harrison,1871.2853599999999,40.577584,40.132909,-93.763324,-94.23224,1964.662927783262,0.952471456318148,0.952471456318148
0500000US29089,29,089,Howard,1201.36891,39.343586,38.970692,-92.430229,-92.94165,1828.3935861153436,0.6570625269761868,0.6570625269761868
0500000US29091,29,091,Howell,2401.57232,37.056248,36.498431,-91.655607,-92.120415,2567.7341437204745,0.9352885406276068,0.9352885406276068
0500000US37015,37,015,Bertie,1811.1092999999998,36.246875,35.812287,-76.668814,-77.327686,2863.146278485171,0.6325591233704688,0.6325591233704688
0500000US37023,37,023,Burke,1313.3864099999998,36.000127,35.564472,-81.364055,-81.987035,2722.3168260633147,0.48245171077286414,0.48245171077286414
0500000US37029,37,029,Camden,623.04004,36.550551,36.160233,-75.887415,-76.541391,2541.782345494745,0.24511935142846716,0.24511935142846716
0500000US37031,37,031,Carteret,1311.1900899999998,35.077121,34.588577,-76.035933,-77.165803,5602.100692959033,0.23405328855440982,0.23405328855440982
0500000US29133,29,133,Mississippi,1065.99997,37.009033,36.565149,-89.100766,-89.519809,1841.8665750481762,0.5787606900744793,0.5787606900744793
0500000US29143,29,143,New Madrid,1747.8355999999999,36.869617,36.336809,-89.327578,-89.96131,3351.5421362782945,0.5215019023872027,0.5215019023872027
0500000US29149,29,149,Oregon,2045.5716400000001,36.888724,36.497112,-91.115926,-91.674237,2167.6808557525906,0.9436682685882762,0.9436682685882762
0500000US29155,29,155,Pemiscot,1275.68896,36.411273,35.99902,-89.534745,-89.96131,1754.4575860750645,0.7271130234922759,0.7271130234922759
0500000US29165,29,165,Platte,1088.2921,39.533347,39.159603,-94.600819,-95.102888,1794.1995023138825,0.6065613654426323,0.6065613654426323
0500000US37101,37,101,Johnston,2049.46441,35.81773,35.262632,-78.064603,-78.708629,3596.7573228029114,0.5698089212209836,0.5698089212209836
0500000US37107,37,107,Lenoir,1037.53069,35.426684,35.008259,-77.390965,-77.83425,1873.5982138319596,0.5537637057616531,0.5537637057616531
0500000US37113,37,113,Macon,1335.29522,35.331004,34.993737,-83.108714,-83.738106,2145.6838123652783,0.6223168634189618,0.6223168634189618
0500000US37119,37,119,Mecklenburg,1356.7507799999998,35.50584,35.001566,-80.550297,-81.058029,2585.130629798602,0.5248287124684679,0.5248287124684679
0500000US37125,37,125,Moore,1807.4133699999998,35.517991,35.043096,-79.09613,-79.769285,3226.6387023002426,0.560153626345432,0.560153626345432
0500000US40001,40,001,Adair,1485.30543,36.161895,35.638556,-94.472647,-94.807297,1754.0811121697038,0.8467712352040306,0.8467712352040306
0500000US40007,40,007,Beaver,4700.00048,37.002206,36.49924,-100.002563,-100.954153,4741.592912276754,0.9912281730957829,0.9912281730957829
0500000US40021,40,021,Cherokee,1940.96672,36.161815,35.638604,-94.797279,-95.278701,2522.7756464601257,0.7693774603871333,0.7693774603871333
0500000US40023,40,023,Choctaw,1995.2246299999997,34.156965,33.866308,-95.155981,-95.991578,2489.218642625967,0.801546555948643,0.801546555948643
0500000US40033,40,033,Cotton,1638.57386,34.507121,34.064269,-98.139072,-98.661956,2365.591216124501,0.6926699122109701,0.6926699122109701
0500000US40041,40,041,Delaware,1911.87843,36.670631,36.16139,-94.562828,-95.011303,2272.377071145689,0.84135615267235,0.84135615267235
0500000US40051,40,051,Grady,2850.28723,35.377753,34.681119,-97.668099,-98.096014,3018.1363101497404,0.9443865144243889,0.9443865144243889
0500000US37189,37,189,Watauga,809.5200399999999,36.3875,36.111544,-81.455579,-81.918113,1272.7157718093974,0.6360572076899146,0.6360572076899146
0500000US48051,48,051,Burleson,1706.8773399999998,30.730819,30.296786,-96.272049,-96.963629,3197.3783327731003,0.533836525538602,0.533836525538602
0500000US35023,35,023,Hidalgo,8901.46999,32.777569,31.332301,-108.208394,-109.050044,12746.752578344645,0.6983323740920989,0.6983323740920989
0500000US35029,35,029,Luna,7679.83692,32.605534,31.783599,-107.296824,-108.229259,8018.975910294863,0.9577079424993069,0.9577079424993069
0500000US35031,35,031,McKinley,14115.00531,36.002338,34.958972,-107.306591,-109.046509,18277.68521966343,0.7722534413063886,0.7722534413063886
0500000US35035,35,035,Otero,17128.21131,33.390815,32.000482,-104.847757,-106.377174,22125.143299540465,0.77415142935394,0.77415142935394
0500000US47153,47,153,Sequatchie,688.57222,35.567422,35.147169,-85.225877,-85.607326,1616.4900420198987,0.4259674987787669,0.4259674987787669
0500000US47157,47,157,Shelby,1976.6206599999998,35.533299,34.994193,-89.632776,-90.309877,3685.1484215709793,0.5363747762315001,0.5363747762315001
0500000US47163,47,163,Sullivan,1070.61017,36.616213,36.396505,-81.826742,-82.680677,1864.5954326172766,0.5741782647709356,0.5741782647709356
0500000US47171,47,171,Unicoi,482.16734999999994,36.252807,35.954671,-82.222052,-82.615062,1170.5067749932953,0.4119304221906463,0.4119304221906463
0500000US47181,47,181,Wayne,1901.319,35.483347,35.003343,-87.575352,-88.024741,2178.2327857590167,0.8728722717014267,0.8728722717014267
0500000US45057,45,057,Lancaster,1422.3243999999997,35.076608,34.457776,-80.408373,-80.906417,3130.432332127213,0.45435398344275724,0.45435398344275724
0500000US36085,36,085,Richmond,151.17829999999998,40.648601,40.496103,-74.053125,-74.256088,290.6889751511796,0.5200689153118937,0.5200689153118937
0500000US36097,36,097,Schuyler,850.38247,42.54679,42.233721,-76.619303,-77.107203,1394.8681520740477,0.6096507893850435,0.6096507893850435
0500000US36105,36,105,Sullivan,2507.46188,42.016375,41.426804,-74.367055,-75.146446,4240.578098784709,0.5913018983705556,0.5913018983705556
0500000US36111,36,111,Ulster,2911.7686499999995,42.170386,41.582544,-73.910675,-74.780693,4708.394487722027,0.6184207074392242,0.6184207074392242
0500000US36115,36,115,Washington,2152.76656,43.808478,42.94129,-73.242042,-73.635463,3066.182508304224,0.702099941594998,0.702099941594998
0500000US36119,36,119,Westchester,1114.98723,41.366375,40.879299,-73.482709,-73.982584,2267.758017541307,0.4916694027208706,0.4916694027208706
0500000US45091,45,091,York,1762.74105,35.164889,34.820746,-80.868652,-81.488434,2160.4838634842636,0.8159010487387699,0.8159010487387699
0500000US46009,46,009,Bon Homme,1459.98559,43.16877,42.762411,-97.635115,-98.157405,1920.2702962574492,0.7603021266565803,0.7603021266565803
0500000US46013,46,013,Brown,4436.62079,45.938685,45.240415,-97.978778,-98.725002,4508.489312696963,0.9840592895508116,0.9840592895508116
0500000US46021,46,021,Campbell,1900.22343,45.943638,45.593428,-99.717466,-100.499354,2361.697860823503,0.8046005636544079,0.8046005636544079
0500000US29209,29,209,Stone,1201.84547,36.99581,36.498408,-93.304359,-93.611003,1511.1175575854393,0.7953355210301347,0.7953355210301347
0500000US29217,29,217,Vernon,2140.37082,38.060056,37.639722,-94.058285,-94.617975,2296.841095647513,0.9318758812074451,0.9318758812074451
0500000US29227,29,227,Worth,690.52767,40.571907,40.384254,-94.214278,-94.632035,737.2886730013889,0.9365770766407788,0.9365770766407788
0500000US30001,30,001,Beaverhead,14352.806159999998,45.940807,44.371038,-111.481536,-113.9426,33683.41575690519,0.4261089867959022,0.4261089867959022
0500000US37171,37,171,Surry,1378.30994,36.561754,36.236383,-80.4401,-80.974619,1730.8376634493802,0.7963253684075554,0.7963253684075554
0500000US37177,37,177,Tyrrell,1007.60065,35.993267,35.597993,-75.999386,-76.405993,1611.841374897694,0.6251239518305292,0.6251239518305292
0500000US39067,39,067,Harrison,1042.05801,40.433486,40.159495,-80.865504,-81.339565,1224.8968781375304,0.8507312154999211,0.8507312154999211
0500000US39073,39,073,Hocking,1091.2265699999998,39.661704,39.368165,-82.159161,-82.748591,1650.3704207790922,0.661200998430924,0.661200998430924
0500000US39079,39,079,Jackson,1088.5873599999998,39.207967,38.844478,-82.424677,-82.80709,1335.1679566820458,0.8153186680012826,0.8153186680012826
0500000US48057,48,057,Calhoun,1312.7155999999998,28.704167,28.061345,-96.322921,-96.930367,4247.6343651844245,0.309046280150576,0.309046280150576
0500000US48071,48,071,Chambers,1546.5848299999998,29.889538,29.524617,-94.354163,-94.98146,2458.3711793308535,0.6291095677508578,0.6291095677508578
0500000US48093,48,093,Comanche,2428.78286,32.261436,31.683989,-98.156568,-98.924401,4650.4809544430145,0.5222648762123344,0.5222648762123344
0500000US48097,48,097,Cooke,2265.62581,33.948994,33.41641,-96.94386,-97.487065,2976.5161871136293,0.7611669709066861,0.7611669709066861
0500000US24510,24,510,Baltimore,209.64496,39.372202,39.197207,-76.528587,-76.711342,306.0638554732021,0.6849713099113586,0.6849713099113586
0500000US45063,45,063,Lexington,1810.1846699999999,34.197587,33.652937,-80.926321,-81.571485,3605.063608700439,0.502122810158276,0.502122810158276
0500000US45067,45,067,Marion,1267.09793,34.300572,33.69425,-79.126681,-79.568984,2749.0319030279593,0.46092514554099473,0.46092514554099473
0500000US45077,45,077,Pickens,1285.6941299999999,35.084585,34.623212,-82.486746,-82.915785,2008.4303138728935,0.6401487376083126,0.6401487376083126
0500000US26053,26,053,Gogebic,2853.7889099999998,46.765826,46.09733,-88.990588,-90.418136,8132.354222409305,0.3509179300301717,0.3509179300301717
0500000US46027,46,027,Clay,1067.55915,43.083733,42.703405,-96.805682,-97.163082,1231.2933979873694,0.8670225567236827,0.8670225567236827
0500000US46031,46,031,Corson,6396.50228,45.944581,45.472414,-100.309013,-102.000679,6896.486497447445,0.9275016027896957,0.9275016027896957
0500000US46047,46,047,Fall River,4506.379849999999,43.478824,43.000474,-103.000785,-104.054779,4541.300313915984,0.9923104702393328,0.9923104702393328
0500000US46053,46,053,Gregory,2628.73863,43.499783,42.997967,-98.49855,-99.534482,4681.72779874834,0.5614889935939448,0.5614889935939448
0500000US27007,27,007,Beltrami,6487.7946,48.540211,47.409542,-94.416279,-95.602315,11099.917572951646,0.5844903403435627,0.5844903403435627
0500000US27015,27,015,Brown,1582.7231,44.498218,44.108016,-94.36885,-95.108777,2554.7724400999264,0.619516272822363,0.619516272822363
0500000US27021,27,021,Cass,5235.793779999999,47.477972,46.277705,-93.77393,-94.787126,10278.002684870931,0.5094174364934746,0.5094174364934746
0500000US27027,27,027,Clay,2707.4979399999997,47.151149,46.630405,-96.17227,-96.826655,2879.364902776229,0.9403108086055649,0.9403108086055649
0500000US46123,46,123,Tripp,4176.23514,43.765925,42.99788,-99.534049,-100.230845,4809.17015196703,0.8683899733287355,0.8683899733287355
0500000US46135,46,135,Yankton,1349.81476,43.169978,42.793385,-97.160353,-97.637496,1625.3543845486452,0.8304741248013051,0.8304741248013051
0500000US30011,30,011,Carter,8652.54768,46.136693,44.997431,-104.040114,-105.038405,9844.387065766463,0.8789320881224748,0.8789320881224748
0500000US30017,30,017,Custer,9798.90758,46.860264,45.786959,-104.732853,-106.191861,13370.95404709206,0.732850292169771,0.732850292169771
0500000US30025,30,025,Fallon,4197.79948,46.684926,45.881971,-104.04403,-104.905878,5913.231189177227,0.7098994349625768,0.7098994349625768
0500000US30027,30,027,Fergus,11240.089769999999,47.793239,46.693661,-108.312615,-110.213418,17543.799069472152,0.6406873292090312,0.6406873292090312
0500000US30033,30,033,Garfield,12109.17204,47.983016,46.845251,-106.086504,-107.968483,17915.2930496088,0.6759125852124654,0.6759125852124654
0500000US30039,30,039,Granite,4474.004849999999,46.832132,45.939898,-113.036834,-113.875931,6385.259373208865,0.700677073318577,0.700677073318577
0500000US30045,30,045,Judith Basin,4842.8363899999995,47.416659,46.67872,-109.746006,-110.772254,6380.229447677983,0.7590379671631556,0.7590379671631556
0500000US31131,31,131,Otoe,1594.4842899999999,40.784012,40.522803,-95.709974,-96.463764,1846.9662680189501,0.863299085429556,0.863299085429556
0500000US25005,25,005,Bristol,1432.51864,42.095699,41.497448,-70.820918,-71.3817,3092.4562008871617,0.4632300498189886,0.4632300498189886
0500000US25009,25,009,Essex,1275.7381699999999,42.886589,42.416197,-70.591469,-71.256103,2843.079289009761,0.44871705651386773,0.44871705651386773
0500000US25019,25,019,Nantucket,116.47229999999999,41.391702,41.237964,-69.960181,-70.275526,450.22752947025066,0.25869653092302974,0.25869653092302974
0500000US34023,34,023,Middlesex,800.0872599999999,40.608903,40.251358,-74.206731,-74.619591,1389.3166408395175,0.5758854651856282,0.5758854651856282
0500000US26055,26,055,Grand Traverse,1202.61729,44.991053,44.512303,-85.332836,-85.817802,2038.680067841573,0.5898999597682122,0.5898999597682122
0500000US31091,31,091,Hooker,1867.70339,42.092194,41.740404,-100.842459,-101.426557,1890.5298831816874,0.9879258754993752,0.9879258754993752
0500000US31095,31,095,Jefferson,1476.7791499999998,40.350392,40.001323,-96.915083,-97.369199,1497.5472479437221,0.9861319247374406,0.9861319247374406
0500000US31103,31,103,Keya Paha,2002.25648,42.998711,42.717626,-99.254235,-100.198478,2405.5791296186794,0.8323386478321284,0.8323386478321284
0500000US31111,31,111,Lincoln,6640.93612,41.394934,40.697802,-100.223311,-101.270381,6806.647997321952,0.9756544076633388,0.9756544076633388
0500000US28089,28,089,Madison,1850.57054,32.884773,32.399495,-89.730016,-90.450037,3637.864948071542,0.5086968775410424,0.5086968775410424
0500000US28093,28,093,Marshall,1829.0398699999998,34.995293,34.495633,-89.244591,-89.724324,2435.3032175979656,0.7510522126292155,0.7510522126292155
0500000US27031,27,031,Cook,3761.39743,48.245784,47.464964,-89.489226,-91.032942,10000.263283736767,0.37612984011301853,0.37612984011301853
0500000US27049,27,049,Goodhue,1960.2104199999999,44.713775,44.194916,-92.24201,-93.041159,3659.5579281686137,0.5356413147368776,0.5356413147368776
0500000US27055,27,055,Houston,1429.8302199999998,43.847065,43.500438,-91.217706,-91.73047,1589.4944037521525,0.8995503328761333,0.8995503328761333
0500000US37049,37,049,Craven,1836.20122,35.418955,34.802755,-76.65421,-77.473716,5107.611189843653,0.35950293625545277,0.35950293625545277
0500000US37051,37,051,Cumberland,1689.49585,35.259287,34.834789,-78.49461,-79.098726,2595.857130592256,0.6508431570016853,0.6508431570016853
0500000US37131,37,131,Northampton,1389.7655100000002,36.54633,36.164944,-77.119577,-77.899771,2962.947746498397,0.4690482684490204,0.4690482684490204
0500000US37137,37,137,Pamlico,871.63083,35.337751,34.95941,-76.467776,-76.98696,1985.8608584785632,0.4389183795423545,0.4389183795423545
0500000US37149,37,149,Polk,615.8735099999999,35.392984,35.187215,-81.968788,-82.35243,796.6976040203624,0.7730329636892683,0.7730329636892683
0500000US37155,37,155,Robeson,2458.4823899999997,34.953584,34.29924,-78.805744,-79.461754,4367.3599091600445,0.5629218661012138,0.5629218661012138
0500000US42091,42,091,Montgomery,1251.0736,40.446995,39.976959,-75.015066,-75.696782,3025.55601094311,0.41350204573142973,0.41350204573142973
0500000US42097,42,097,Northumberland,1187.17312,41.175762,40.610096,-76.380152,-76.949414,3009.717154663092,0.3944467400069998,0.3944467400069998
0500000US42103,42,103,Pike,1411.4489899999999,41.606893,41.078178,-74.689767,-75.359184,3285.46745330004,0.4296037048190176,0.4296037048190176
0500000US34025,34,025,Monmouth,1214.1738699999999,40.476471,40.07913,-73.971381,-74.587847,2310.580709968447,0.5254842926549752,0.5254842926549752
0500000US34039,34,039,Union,266.39445,40.739229,40.591903,-74.136703,-74.463351,451.33701930827607,0.5902339905737822,0.5902339905737822
0500000US35003,35,003,Catron,17932.357099999997,34.579291,33.200997,-107.712713,-109.047237,18878.332886954162,0.9498909256119814,0.9498909256119814
0500000US35005,35,005,Chaves,15709.062249999999,34.088304,32.518769,-103.509726,-105.353907,29910.29499110576,0.5252058615493865,0.5252058615493865
0500000US35009,35,009,Curry,3638.42423,34.954101,34.302585,-103.042521,-103.740017,4623.374983447876,0.7869628232678306,0.7869628232678306
0500000US30061,30,061,Mineral,3158.3418299999994,47.486897,46.713994,-114.419662,-115.661341,8077.326020975983,0.39101329100721094,0.39101329100721094
0500000US38001,38,001,Adams,2557.93321,46.283196,45.944515,-101.997888,-102.995668,2896.489522031073,0.8831149536513182,0.8831149536513182
0500000US09011,09,011,New London,1722.03402,41.714191,41.277782,-71.789356,-72.46673,2737.6339121304986,0.6290227529581806,0.6290227529581806
0500000US10001,10,001,Kent,1518.2036099999998,39.365656,38.829859,-75.311607,-75.760104,2305.849130583633,0.658414112989139,0.658414112989139
0500000US10003,10,003,New Castle,1104.0807399999999,39.838526,39.296817,-75.415041,-75.788658,1929.0563669573055,0.5723423944016022,0.5723423944016022
0500000US12009,12,009,Brevard,2630.56976,28.791237,27.822058,-80.446973,-80.98725,5700.034680632691,0.46150065874827495,0.46150065874827495
0500000US12075,12,075,Levy,2896.15354,29.591312,28.993087,-82.403237,-83.166091,4921.067453097185,0.5885214067076525,0.5885214067076525
0500000US05031,05,031,Craighead,1831.66354,35.996418,35.699914,-90.286736,-91.036967,2229.398501308726,0.8215953939705068,0.8215953939705068
0500000US05035,05,035,Crittenden,1579.2784,35.441763,34.832767,-90.064612,-90.502993,2699.4133565103293,0.5850450418018286,0.5850450418018286
0500000US05041,05,041,Desha,1989.51368,34.124488,33.517148,-90.879163,-91.557648,4232.807098585995,0.47002228867566725,0.47002228867566725
0500000US05057,05,057,Hempstead,1884.2767999999999,34.008893,33.476075,-93.456709,-93.965637,2787.9774466683725,0.6758579780663961,0.6758579780663961
0500000US05063,05,063,Independence,1978.63827,35.942883,35.526362,-91.198556,-91.870983,2811.0219525587922,0.7038857409843073,0.7038857409843073
0500000US05069,05,069,Jefferson,2255.2321399999996,34.492765,34.062312,-91.445614,-92.233376,3464.485173461587,0.6509573651159991,0.6509573651159991
0500000US05075,05,075,Lawrence,1521.92026,36.25788,35.88087,-90.747425,-91.35723,2297.678790811613,0.6623729418081148,0.6623729418081148
0500000US05077,05,077,Lee,1560.78839,34.911796,34.641389,-90.407964,-91.102542,1907.4582223872092,0.8182556093137666,0.8182556093137666
0500000US04025,04,025,Yavapai,21039.862409999998,35.531118,33.882312,-111.477853,-113.334161,31109.16970329355,0.6763234959553579,0.6763234959553579
0500000US05005,05,005,Baxter,1435.59297,36.498634,35.974022,-92.150295,-92.593128,2316.8522194271777,0.6196307895524464,0.6196307895524464
0500000US05007,05,007,Benton,2194.65463,36.499496,36.099396,-93.815605,-94.617919,3198.767433435687,0.6860938394770376,0.6860938394770376
0500000US16073,16,073,Owyhee,19853.67349,43.680865,41.996025,-115.037694,-117.027001,30386.602216488733,0.6533693154816358,0.6533693154816358
0500000US16085,16,085,Valley,9491.09385,45.219699,44.147834,-114.694126,-116.212132,14303.66135016189,0.6635429641161477,0.6635429641161477
0500000US16087,16,087,Washington,3763.22338,44.840531,44.151066,-116.299757,-117.214889,5564.649805282691,0.6762731729187087,0.6762731729187087
0500000US17013,17,013,Calhoun,657.40675,39.395775,38.868847,-90.450809,-90.939983,2472.1385083015266,0.26592634182607705,0.26592634182607705
0500000US17021,17,021,Christian,1837.2864299999999,39.825723,39.345896,-89.025381,-89.535028,2330.1994655050553,0.788467449760478,0.788467449760478
0500000US17027,17,027,Clinton,1227.88015,38.743236,38.415667,-89.138393,-89.707024,1800.3980415178005,0.6820048243136572,0.6820048243136572
0500000US16031,16,031,Cassia,6643.55979,42.687887,41.988057,-113.00082,-114.285363,8216.04361522238,0.8086081453719477,0.8086081453719477
0500000US16035,16,035,Clearwater,6364.33966,46.934502,46.265718,-114.594707,-116.455881,10574.326206473304,0.601867157843488,0.601867157843488
0500000US16037,16,037,Custer,12745.234599999998,44.878922,43.568818,-113.320672,-115.304751,23031.138232736932,0.5533914334239747,0.5533914334239747
0500000US16049,16,049,Idaho,21956.34168,46.654217,45.107619,-114.331093,-116.796418,32818.11349437825,0.6690311947321751,0.6690311947321751
0500000US16059,16,059,Lemhi,11819.17233,45.705247,44.230439,-112.813907,-114.819855,25878.727780013487,0.45671380874944384,0.45671380874944384
0500000US18023,18,023,Clinton,1049.1313,40.432156,40.17719,-86.242365,-86.695804,1090.1282622435933,0.9623925333710572,0.9623925333710572
0500000US02282,02,282,Yakutat,19812.09363,60.527746,58.802349,-137.498558,-143.889952,68861.64279295667,0.28770869857938425,0.28770869857938425
0500000US12021,12,021,Collier,5175.65916,26.517069,25.803322,-80.872748,-81.845834,7707.787027939025,0.6714844534805359,0.6714844534805359
0500000US12033,12,033,Escambia,1700.23399,30.999051,30.280435,-86.919292,-87.634938,5470.891980139815,0.310778205121233,0.310778205121233
0500000US15003,15,003,Honolulu,1555.92437,21.712704,21.2577,-157.6518,-158.27951,3285.9907380128375,0.47350236018648245,0.47350236018648245
0500000US16007,16,007,Bear Lake,2524.6931499999996,42.602078,41.999518,-111.046249,-111.634939,3243.8873024328454,0.7782924974324892,0.7782924974324892
0500000US16011,16,011,Bingham,5423.40302,43.62656,42.863051,-111.587795,-113.00776,9764.486202473607,0.5554212385108502,0.5554212385108502
0500000US16013,16,013,Blaine,6846.887739999999,43.992978,42.625281,-113.00729,-114.989384,24389.64889041358,0.28072924586836456,0.28072924586836456
0500000US05105,05,105,Perry,1428.13118,35.113277,34.771892,-92.544341,-93.288284,2574.088803529623,0.5548103771873483,0.5548103771873483
0500000US05107,05,107,Phillips,1801.7671699999999,34.645721,34.118833,-90.565809,-91.117905,2968.3025663550816,0.6070025308142608,0.6070025308142608
0500000US05119,05,119,Pulaski,1967.78617,35.014484,34.489352,-92.02954,-92.753626,3862.8106006890744,0.5094182380179274,0.5094182380179274
0500000US17031,17,031,Cook,2448.39434,42.154281,41.46962,-87.524044,-88.262876,4661.680521364901,0.5252171033125904,0.5252171033125904
0500000US18123,18,123,Perry,988.6729299999998,38.266328,37.841425,-86.426508,-86.814776,1606.2173835366377,0.6155287199190297,0.6155287199190297
0500000US18129,18,129,Posey,1060.78889,38.230008,37.776843,-87.688374,-88.071449,1691.3054184986443,0.627201260279561,0.627201260279561
0500000US18143,18,143,Scott,493.12823,38.815406,38.561269,-85.56998,-85.888334,780.8255005805287,0.6315472914670034,0.6315472914670034
0500000US18147,18,147,Spencer,1027.56696,38.20513,37.782512,-86.772367,-87.269561,2047.4474429439767,0.5018770877568831,0.5018770877568831
0500000US18155,18,155,Switzerland,571.43947,38.930583,38.687579,-84.785111,-85.203166,978.7868933168721,0.5838241949312682,0.5838241949312682
0500000US18163,18,163,Vanderburgh,604.70025,38.168419,37.825899,-87.451185,-87.700421,831.7947485690289,0.7269825290918114,0.7269825290918114
0500000US18029,18,029,Dearborn,790.03806,39.307232,38.948055,-84.819451,-85.132508,1078.498875614708,0.7325348944380725,0.7325348944380725
0500000US18037,18,037,Dubois,1106.62671,38.526378,38.20358,-86.679511,-87.073141,1231.8166838142402,0.8983696393633852,0.8983696393633852
0500000US18039,18,039,Elkhart,1199.6103,41.760283,41.435812,-85.653507,-86.062572,1227.2591129773348,0.9774710876578797,0.9774710876578797
0500000US13135,13,135,Gwinnett,1114.6919699999999,34.167873,33.752808,-83.799104,-84.276822,2033.4558290677642,0.5481761413578525,0.5481761413578525
0500000US13145,13,145,Harris,1201.42071,32.872495,32.583433,-84.694603,-85.184131,1471.8473115976524,0.8162672177563641,0.8162672177563641
0500000US13151,13,151,Henry,834.30893,33.647411,33.298191,-83.923913,-84.3544,1550.5029574541932,0.5380892219450334,0.5380892219450334
0500000US13161,13,161,Jeff Davis,856.6166,31.971653,31.671398,-82.431362,-82.836633,1278.4075109503071,0.6700653685640755,0.6700653685640755
0500000US13167,13,167,Johnson,784.7959,32.822356,32.512507,-82.434149,-82.957066,1686.442529451685,0.4653558519157849,0.4653558519157849
0500000US13177,13,177,Lee,921.48056,31.91619,31.621951,-83.922494,-84.338245,1285.9188836874469,0.7165930695080868,0.7165930695080868
0500000US13179,13,179,Liberty,1268.58459,32.089351,31.55553,-81.131137,-81.824405,3887.988471104103,0.32628301226411555,0.32628301226411555
0500000US20107,20,107,Linn,1538.6128099999999,38.389945,38.037057,-94.612614,-95.077876,1595.0263033818646,0.9646316218972354,0.9646316218972354
0500000US20117,20,117,Marshall,2331.47397,40.001371,39.56622,-96.238969,-96.806544,2346.697828918502,0.9935126462679185,0.9935126462679185
0500000US17149,17,149,Pike,2153.27679,39.845075,39.393555,-90.566976,-91.370009,3453.3401254701926,0.6235345236104766,0.6235345236104766
0500000US17157,17,157,Randolph,1490.5449999999998,38.223125,37.803179,-89.592797,-90.203847,2499.7386742863537,0.5962803293530405,0.5962803293530405
0500000US17161,17,161,Rock Island,1107.57724,41.783767,41.326983,-90.164842,-91.078682,3862.2063384365933,0.2867731920424384,0.2867731920424384
0500000US17171,17,171,Scott,649.86467,39.79006,39.520192,-90.300666,-90.64599,887.1212690616804,0.7325544913237965,0.7325544913237965
0500000US17173,17,173,Shelby,1964.57457,39.654183,39.215029,-88.470505,-89.140076,2808.0041573686067,0.6996337825372066,0.6996337825372066
0500000US17181,17,181,Union,1070.85881,37.600469,37.329846,-89.041401,-89.521697,1275.5973096449977,0.8394959772202898,0.8394959772202898
0500000US17185,17,185,Wabash,578.22268,38.57014,38.239632,-87.651529,-87.9906,1085.8254857926852,0.5325189798597149,0.5325189798597149
0500000US17193,17,193,White,1281.4439399999999,38.259771,37.888057,-87.910792,-88.37452,1677.785594736295,0.7637709752785249,0.7637709752785249
0500000US17201,17,201,Winnebago,1329.6075799999999,42.500433,42.150297,-88.939732,-89.401416,1477.7201537416886,0.8997695379827787,0.8997695379827787
0500000US13287,13,287,Turner,739.1678699999999,31.854089,31.567977,-83.453634,-83.802223,1049.0638850991165,0.7045975755138713,0.7045975755138713
0500000US13291,13,291,Union,833.78834,34.987504,34.641934,-83.780401,-84.178672,1397.1071658755807,0.5967962661457374,0.5967962661457374
0500000US13299,13,299,Ware,2311.47399,31.469351,30.567009,-82.131698,-82.699206,5426.159841402556,0.42598708065380714,0.42598708065380714
0500000US21105,21,105,Hickman,627.48966,36.78522,36.502815,-88.813229,-89.201047,1086.5253911959849,0.5775195546137172,0.5775195546137172
0500000US48273,48,273,Kleberg,2282.58772,27.843404,27.209308,-97.045409,-98.0598,7052.680321743489,0.32364826078430886,0.32364826078430886
0500000US48311,48,311,McMullen,2951.11334,28.648275,28.05748,-98.334323,-98.803325,3014.9691134817886,0.9788204220082222,0.9788204220082222
0500000US48315,48,315,Marion,986.4791999999999,32.881089,32.69303,-94.042747,-94.705878,1296.2827198112525,0.7610062102375613,0.7610062102375613
0500000US48321,48,321,Matagorda,2849.71484,29.229702,28.383909,-95.507041,-96.381864,8016.397431597084,0.3554857233958596,0.3554857233958596
0500000US48337,48,337,Montague,2411.04654,33.99137,33.433681,-97.484071,-97.978967,2838.647707810006,0.8493644820265854,0.8493644820265854
0500000US54047,54,047,McDowell,1381.65104,37.54891,37.202467,-81.311201,-81.996578,2333.027500168532,0.5922137822636866,0.5922137822636866
0500000US54057,54,057,Mineral,849.0796999999999,39.627492,39.237624,-78.657324,-79.280039,2318.4843946901697,0.3662218740590085,0.3662218740590085
0500000US54063,54,063,Monroe,1224.42768,37.731696,37.372363,-80.220984,-80.858473,2245.4530867904155,0.5452920335780254,0.5452920335780254
0500000US54071,54,071,Pendleton,1802.7669099999998,38.957509,38.411876,-79.057253,-79.649075,3116.652279188276,0.5784305557723384,0.5784305557723384
0500000US54077,54,077,Preston,1680.4049499999999,39.721245,39.194906,-79.476662,-79.899744,2125.825133853456,0.7904718611327881,0.7904718611327881
0500000US51059,51,059,Fairfax,1012.60971,39.058554,38.617217,-77.039239,-77.53576,2110.4390776976993,0.47980996973609247,0.47980996973609247
0500000US51071,51,071,Giles,921.4727899999999,37.481672,37.147482,-80.433361,-81.014489,1909.7534027182596,0.4825087829080005,0.4825087829080005
0500000US51077,51,077,Grayson,1145.23325,36.806422,36.559131,-80.837954,-81.677535,2058.694289445167,0.5562910704476907,0.5562910704476907
0500000US51083,51,083,Halifax,2118.20301,37.061498,36.541533,-78.648541,-79.218638,2934.74770355701,0.7217666470724788,0.7217666470724788
0500000US51089,51,089,Henry,990.24506,36.856139,36.541884,-79.640652,-80.094389,1413.5638707958408,0.70053082174666,0.70053082174666
0500000US51093,51,093,Isle of Wight,817.43508,37.14206,36.64405,-76.484107,-76.926142,2176.82132606271,0.375517765382482,0.375517765382482
0500000US51099,51,099,King George,465.25723999999997,38.400548,38.141131,-76.99767,-77.326692,828.5420082366351,0.56153729729431,0.56153729729431
0500000US51105,51,105,Lee,1127.9916199999998,36.900415,36.593827,-82.771308,-83.675413,2746.1929897384684,0.41074739620081224,0.41074739620081224
0500000US21033,21,033,Caldwell,893.0086899999999,37.379445,36.960116,-87.680617,-88.095781,1715.223132965714,0.520637037150927,0.520637037150927
0500000US13305,13,305,Wayne,1662.20243,31.827075,31.330048,-81.62429,-82.133013,2663.3696624348245,0.6240975308250797,0.6240975308250797
0500000US51117,51,117,Mecklenburg,1620.00615,36.89122,36.540981,-78.027411,-78.734122,2453.232398391095,0.6603557620804492,0.6603557620804492
0500000US72023,72,023,Cabo Rojo,182.26865999999998,18.168182,17.931135,-67.09912,-67.215271,323.6771904637665,0.5631186421843455,0.5631186421843455
0500000US72033,72,033,Cataño,12.548549999999999,18.462387,18.420843,-66.108281,-66.170096,30.121578518228617,0.4165966930453534,0.4165966930453534
0500000US72037,72,037,Ceiba,75.20065,18.296755,18.199975,-65.582967,-65.766831,208.95056034562688,0.3598968573025598,0.3598968573025598
0500000US72047,72,047,Corozal,110.26406999999999,18.369688,18.238689,-66.278076,-66.382452,160.5055525382428,0.6869797851618121,0.6869797851618121
0500000US72049,72,049,Culebra,30.10616,18.349535,18.277744,-65.22111,-65.342068,101.93008663872949,0.2953608791357666,0.2953608791357666
0500000US72057,72,057,Guayama,168.32928,18.107293,17.928613,-66.053146,-66.213374,336.62580975816826,0.5000486448764212,0.5000486448764212
0500000US72065,72,065,Hatillo,108.21278999999998,18.492775,18.320614,-66.764893,-66.836635,144.90114658779606,0.7468042354960491,0.7468042354960491
0500000US53007,53,007,Chelan,7564.15975,48.545153,47.260889,-119.870307,-121.180213,13943.84027013112,0.5424732070549507,0.5424732070549507
0500000US72087,72,087,Loíza,50.157939999999996,18.460419,18.378128,-65.828457,-65.992793,158.64157095239645,0.31617147825049513,0.31617147825049513
0500000US72091,72,091,Manatí,116.88152,18.485713,18.350564,-66.438813,-66.543079,165.30664098185508,0.7070588290087482,0.7070588290087482
0500000US72097,72,097,Mayagüez,201.10054999999997,18.39147,18.052342,-67.019836,-67.954119,3721.0782850350492,0.05404362246523007,0.05404362246523007
0500000US72107,72,107,Orocovis,164.77579999999998,18.293976,18.147619,-66.350793,-66.54722,337.63283557170547,0.48803250940030496,0.48803250940030496
0500000US72113,72,113,Ponce,297.23357999999996,18.159068,17.884813,-66.509525,-66.699115,611.3542916994852,0.4861887518180814,0.4861887518180814
0500000US72121,72,121,Sabana Grande,92.80747,18.151267,18.023247,-66.884653,-66.983337,148.48633570407213,0.6250236397843496,0.6250236397843496
0500000US72127,72,127,San Juan,123.92372999999999,18.470435,18.297295,-65.999556,-66.125015,254.87095551046326,0.4862214674551747,0.4862214674551747
0500000US72133,72,133,Santa Isabel,88.11957000000001,18.042627,17.939004,-66.331244,-66.450368,145.16283947333986,0.6070394483857129,0.6070394483857129
0500000US72141,72,141,Utuado,294.04010999999997,18.328186,18.152267,-66.56662,-66.826128,536.0989204954433,0.5484810708595695,0.5484810708595695
0500000US48117,48,117,Deaf Smith,3876.8881199999996,35.183233,34.746931,-102.167471,-103.042781,3869.6253153191346,1.0018768754308365,1.0
0500000US48261,48,261,Kenedy,3777.0721099999996,27.281727,26.066841,-97.154271,-97.985887,11162.240979535758,0.3383793735437783,0.3383793735437783
0500000US48135,48,135,Ector,2325.00933,32.086991,31.651276,-102.287048,-102.799086,2342.683140109655,0.992455740254814,0.992455740254814
0500000US48141,48,141,El Paso,2622.8748699999996,32.002328,31.386489,-105.997658,-106.627808,4082.62517280733,0.642448120750805,0.642448120750805
0500000US48155,48,155,Foard,1824.38823,34.22978,33.733849,-99.474498,-100.04848,2918.478359270761,0.6251162439511319,0.6251162439511319
0500000US48161,48,161,Freestone,2273.34401,32.012526,31.413392,-95.7873,-96.496713,4470.588999056083,0.5085110732567883,0.5085110732567883
0500000US48165,48,165,Gaines,3891.15125,32.959097,32.522193,-102.202703,-103.064916,3917.7112574129706,0.9932205296235871,0.9932205296235871
0500000US51107,51,107,Loudoun,1335.30299,39.321125,38.847474,-77.328002,-77.961956,2881.8441723559063,0.4633501709804074,0.4633501709804074
0500000US51131,51,131,Northampton,548.07508,37.557265,37.114193,-75.66179,-76.025753,1585.3343387576253,0.3457157689711739,0.3457157689711739
0500000US51147,51,147,Prince Edward,906.3963999999999,37.397974,37.0794,-78.231234,-78.692472,1446.3897919529138,0.6266612257932106,0.6266612257932106
0500000US51149,51,149,Prince George,686.7514499999999,37.320756,36.992985,-76.972439,-77.399203,1378.4115314519622,0.4982194608286569,0.4982194608286569
0500000US51159,51,159,Richmond,495.96428,38.124358,37.792317,-76.507828,-76.936959,1389.0914096452848,0.3570422195085407,0.3570422195085407
0500000US51161,51,161,Roanoke,648.8416199999999,37.422305,37.108156,-79.847082,-80.261984,1282.5613861222298,0.5058951774322048,0.5058951774322048
0500000US51165,51,165,Rockingham,2199.13274,38.850102,38.206621,-78.486003,-79.225839,4604.827161404667,0.47757117974633634,0.47757117974633634
0500000US51175,51,175,Southampton,1551.7855499999998,36.996211,36.543815,-76.816162,-77.501917,3072.6602858426904,0.5050299758648444,0.5050299758648444
0500000US51177,51,177,Spotsylvania,1039.87464,38.367835,37.990928,-77.370301,-77.954819,2141.2573218066077,0.48563740070373407,0.48563740070373407
0500000US72071,72,071,Isabela,143.23736,18.515757,18.393204,-66.92202,-67.103468,260.80689712778957,0.5492084817443186,0.5492084817443186
0500000US55061,55,061,Kewaunee,887.1216199999999,44.677025,44.327185,-87.373228,-87.766194,1212.3312071987007,0.7317485640329647,0.7317485640329647
0500000US56039,56,039,Teton,10348.03161,44.666291,43.235178,-110.05157,-111.055495,12788.789670567336,0.809148627552723,0.809148627552723
0500000US72003,72,003,Aguada,79.90409,18.415587,18.313026,-67.126434,-67.23909,135.58356074859407,0.5893346476433248,0.5893346476433248
0500000US72009,72,009,Aibonito,81.09549,18.180248,18.075884,-66.216899,-66.314848,120.11894967002628,0.6751265326809301,0.6751265326809301
0500000US72015,72,015,Arroyo,38.87072,18.032958,17.954561,-66.019539,-66.095209,69.7615274820918,0.5571942215568366,0.5571942215568366
0500000US53047,53,047,Okanogan,13644.06302,49.001191,47.940809,-118.835399,-120.851202,17522.185888006235,0.778673568880423,0.778673568880423
0500000US48129,48,129,Donley,2400.63474,35.183144,34.747723,-100.538978,-101.090749,2434.3678551014987,0.9861429672467917,0.9861429672467917
0500000US48167,48,167,Galveston,979.9472199999999,29.597467,29.077844,-94.370866,-95.233081,4829.078723441462,0.20292632945557712,0.20292632945557712
0500000US48221,48,221,Hood,1089.46019,32.558822,32.233468,-97.615286,-98.068545,1539.5820685716915,0.7076337223196677,0.7076337223196677
0500000US48225,48,225,Houston,3188.05431,31.592886,30.930418,-94.95811,-95.76441,5645.443060206685,0.5647128623919346,0.5647128623919346
0500000US48229,48,229,Hudspeth,11838.84597,32.002328,30.623792,-104.907592,-105.998003,15878.151589159866,0.745606055183556,0.745606055183556
0500000US48245,48,245,Jefferson,2269.60405,30.187724,29.561459,-93.837971,-94.445096,4076.4611153079763,0.5567584200612524,0.5567584200612524
0500000US48257,48,257,Kaufman,2022.0104099999999,32.841723,32.357505,-96.075899,-96.529987,2290.3299317364726,0.8828467820210343,0.8828467820210343
0500000US51193,51,193,Westmoreland,594.08125,38.278047,37.96663,-76.519536,-77.061695,1642.2741350628723,0.3617430472271649,0.3617430472271649
0500000US51199,51,199,York,271.3802,37.380139,37.091905,-76.389284,-76.741667,999.8285911972912,0.2714267249299434,0.2714267249299434
0500000US53031,53,031,Jefferson,4671.583,48.14324,47.517609,-122.610341,-124.610763,10388.266025011791,0.4496980524711483,0.4496980524711483
0500000US55031,55,031,Douglas,3377.71224,46.757488,46.157045,-91.551282,-92.293857,3797.8215206633317,0.8893815103270163,0.8893815103270163
0500000US55051,55,051,Iron,1963.6706599999998,46.589614,45.981349,-89.928837,-90.55218,3239.7260358382246,0.6061224431565039,0.6061224431565039
0500000US53049,53,049,Pacific,2415.5842199999997,46.794157,46.239787,-123.358247,-124.098359,3490.9466865313525,0.6919567776041157,0.6919567776041157
0500000US51570,51,570,Colonial Heights,19.476799999999997,37.282162,37.233157,-77.362322,-77.431705,33.46066787929213,0.582080431576013,0.582080431576013
0500000US51630,51,630,Fredericksburg,27.039599999999997,38.325925,38.270245,-77.447126,-77.532313,46.0257696934872,0.5874882740706494,0.5874882740706494
0500000US51650,51,650,Hampton,133.15966999999998,37.117453,36.962847,-76.271262,-76.464471,294.8110985322952,0.4516779411051004,0.4516779411051004
0500000US51700,51,700,Newport News,177.96926,37.220645,37.019747,-76.435519,-76.62478,374.85925914870955,0.47476287608357626,0.47476287608357626
0500000US51735,51,735,Poquoson,39.67103,37.170655,37.105167,-76.287236,-76.413638,81.59164897801655,0.4862143429738584,0.4862143429738584
0500000US51770,51,770,Roanoke,110.23557999999998,37.335227,37.211274,-79.878186,-80.033476,189.387662478822,0.5820631532021096,0.5820631532021096
0500000US55071,55,071,Manitowoc,1525.72238,44.327589,43.891692,-87.507419,-88.04324,2073.4984446405997,0.73582036386068,0.73582036386068
0500000US55079,55,079,Milwaukee,625.2311799999999,43.19255,42.842222,-87.827021,-88.069924,769.2769737881694,0.8127517153167327,0.8127517153167327
0500000US55089,55,089,Ozaukee,603.6694299999999,43.543034,43.192008,-87.793239,-88.063353,852.2554245768514,0.7083198447222844,0.7083198447222844
0500000US53055,53,055,San Juan,450.43985,48.722291,48.418196,-122.742082,-123.237148,1231.7002611748699,0.3657057355580515,0.3657057355580515
0500000US53061,53,061,Snohomish,5406.03707,48.29759,47.775284,-120.906411,-122.405757,6474.414246006607,0.8349847360067241,0.8349847360067241
0500000US53071,53,071,Walla Walla,3289.6341099999995,46.596973,45.999855,-117.991292,-119.041418,5356.578452457056,0.6141297358374446,0.6141297358374446
0500000US53073,53,073,Whatcom,5456.75963,49.002357,48.640937,-120.654676,-123.090546,7166.876609828003,0.7613860161227132,0.7613860161227132
0500000US22039,22,039,Evangeline,1715.55902,31.001431,30.480499,-92.17255,-92.633839,2553.660211176977,0.6718039512427153,0.6718039512427153
0500000US27139,27,139,Scott,923.27284,44.804263,44.543163,-93.281521,-93.910405,1443.7512400244598,0.6394957901365045,0.6394957901365045
0500000US31113,31,113,Logan,1478.0094,41.739856,41.393298,-100.251098,-100.713243,1481.6097171089536,0.9975699962902653,0.9975699962902653
0500000US37043,37,043,Clay,556.2050899999999,35.160243,34.987111,-83.483064,-84.005457,915.2054957276572,0.6077379261777434,0.6077379261777434
0500000US39057,39,057,Greene,1071.55811,39.850458,39.550254,-83.647169,-84.114195,1333.760564630312,0.8034111507090566,0.8034111507090566
0500000US36009,36,009,Cattaraugus,3388.6264999999994,42.537853,41.997559,-78.308128,-79.061265,3723.157739132816,0.910148518388927,0.910148518388927
0500000US47169,47,169,Trousdale,295.75987,36.487472,36.295859,-85.978893,-86.283256,580.4608308035076,0.5095259736829993,0.5095259736829993
0500000US46073,46,073,Jerauld,1362.9434699999997,44.196727,43.935143,-98.331508,-98.926997,1383.9059965947224,0.9848526369230977,0.9848526369230977
0500000US48365,48,365,Panola,2076.5299099999997,32.394137,31.973193,-94.01563,-94.599978,2574.029469459104,0.806723440674653,0.806723440674653
0500000US48207,48,207,Haskell,2339.10929,33.399023,32.956962,-99.471258,-99.99098,2377.5827161360535,0.9838182596656073,0.9838182596656073
0500000US51690,51,690,Martinsville,28.376039999999996,36.715237,36.647637,-79.826619,-79.904077,51.92085042766477,0.5465249464573583,0.5465249464573583
0500000US55131,55,131,Washington,1115.5207699999999,43.543532,43.192117,-88.040528,-88.417987,1192.2608968259863,0.9356347867901376,0.9356347867901376
0500000US54067,54,067,Nicholas,1675.2741599999997,38.557649,38.079129,-80.436514,-81.231636,3690.96177987655,0.4538855344245889,0.4538855344245889
0500000US51087,51,087,Henrico,605.27523,37.706985,37.376057,-77.177324,-77.653987,1546.4663531676354,0.3913924339577201,0.3913924339577201
0500000US01043,01,043,Cullman,1903.2381899999998,34.313799,33.858221,-86.45302,-87.151036,3256.3560258906164,0.5844687051623793,0.5844687051623793
0500000US01109,01,109,Pike,1740.72346,32.051049,31.617741,-85.657668,-86.199378,2465.676014342783,0.7059822336244704,0.7059822336244704
0500000US09009,09,009,New Haven,1565.6705399999998,41.639598,41.234358,-72.537776,-73.327114,2964.9943066663723,0.5280517862984796,0.5280517862984796
0500000US05049,05,049,Fulton,1601.1224599999998,36.499463,36.249945,-91.450005,-92.159215,1761.6815731751049,0.9088603095928812,0.9088603095928812
0500000US05127,05,127,Scott,2311.1088,35.099678,34.665608,-93.704885,-94.454576,3300.6403772210524,0.700200123572935,0.700200123572935
0500000US21117,21,117,Kenton,415.04749999999996,39.095081,38.79117,-84.418107,-84.623732,600.9582618300525,0.6906428056019853,0.6906428056019853
0500000US19123,19,123,Mahaska,1478.53517,41.509548,41.161066,-92.410233,-92.871421,1492.0597744312345,0.9909356148707984,0.9909356148707984
0500000US47015,47,015,Cannon,687.99465,35.96106,35.660108,-85.885156,-86.207147,971.6475706222699,0.7080701591827058,0.7080701591827058
0500000US38011,38,011,Bowman,3009.08013,46.280713,45.945131,-102.995454,-104.04667,3023.7391441720365,0.9951520242080768,0.9951520242080768
0500000US38083,38,083,Sheridan,2518.46161,47.8476,47.327087,-100.032849,-100.673445,2780.642720286494,0.9057120469401833,0.9057120469401833
0500000US48375,48,375,Potter,2352.6783,35.620196,35.183117,-101.6228,-102.167471,2399.280723994622,0.9805765021455962,0.9805765021455962
0500000US31065,31,065,Furnas,1862.5518799999998,40.351245,40.001342,-99.628255,-100.197807,1882.6981739132432,0.9892992439295946,0.9892992439295946
0500000US28135,28,135,Tallahatchie,1671.29592,34.164303,33.697208,-89.926099,-90.451643,2518.3264145591284,0.663653412972117,0.663653412972117
0500000US41019,41,019,Douglas,13043.434249999998,43.945131,42.702486,-121.973841,-124.218876,25093.340983264607,0.5197966368328155,0.5197966368328155
0500000US29013,29,013,Bates,2167.0245099999997,38.477602,38.036627,-94.049895,-94.614089,2415.543973584258,0.8971165640940507,0.8971165640940507
0500000US55001,55,001,Adams,1672.2231399999998,44.24947,43.641049,-89.59795,-90.028807,2333.6775577111043,0.7165613494780033,0.7165613494780033
0500000US53057,53,057,Skagit,4483.815769999999,48.657538,48.295548,-120.701557,-122.739898,6047.965324802024,0.7413759056475367,0.7413759056475367
0500000US06085,06,085,Santa Clara,3341.3589999999995,37.484537,36.899152,-121.215406,-122.190402,5621.635562614751,0.5943748865936549,0.5943748865936549
0500000US13017,13,017,Ben Hill,647.81339,31.847857,31.651691,-82.995698,-83.480176,999.2373124190564,0.6483078463430342,0.6483078463430342
0500000US18047,18,047,Franklin,995.6736999999999,39.526213,39.268291,-84.815355,-85.298623,1190.9515542572576,0.8360320757303654,0.8360320757303654
0500000US22123,22,123,West Carroll,931.4831399999999,33.006099,32.581956,-91.265018,-91.637587,1642.4436415506902,0.5671324826223889,0.5671324826223889
0500000US26067,26,067,Ionia,1479.67736,43.118851,42.769878,-84.836889,-85.312513,1502.264462690534,0.9849646295632389,0.9849646295632389
0500000US37185,37,185,Warren,1109.70104,36.544663,36.202663,-77.89795,-78.323912,1450.2843296152448,0.7651610221110225,0.7651610221110225
0500000US45015,45,015,Berkeley,2846.0396299999998,33.500937,32.823983,-79.446699,-80.361851,6412.246822490643,0.44384436669182076,0.44384436669182076
0500000US13045,13,045,Carroll,1292.60684,33.811942,33.425506,-84.808934,-85.337974,2104.970523159307,0.6140736061519535,0.6140736061519535
0500000US37093,37,093,Hoke,1012.02696,35.210678,34.833377,-79.034715,-79.459176,1621.5997569571682,0.6240917067593832,0.6240917067593832
0500000US20149,20,149,Pottawatomie,2178.24698,39.566333,39.126527,-96.035573,-96.726865,2907.0718110609937,0.7492924570050457,0.7492924570050457
0500000US28033,28,033,DeSoto,1233.21555,34.995694,34.70795,-89.723357,-90.309297,1710.7199557076558,0.720875176492501,0.720875176492501
0500000US42001,42,001,Adams,1343.3501199999998,40.069945,39.719998,-76.954932,-77.471085,1713.4519662924677,0.7840022051547283,0.7840022051547283
0500000US37161,37,161,Rutherford,1461.1510899999998,35.579789,35.180132,-81.692329,-82.279615,2366.142776017475,0.6175244811132261,0.6175244811132261
0500000US21051,21,051,Clay,1215.34973,37.358061,36.93755,-83.507886,-83.96899,1910.9464949156436,0.6359935943960848,0.6359935943960848
0500000US13245,13,245,Richmond,840.00434,33.544934,33.230245,-81.851975,-82.353498,1629.3424379257544,0.5155480643279464,0.5155480643279464
0500000US13251,13,251,Screven,1670.8115899999998,33.045654,32.489286,-81.389258,-81.867938,2768.903383176357,0.6034199676853017,0.6034199676853017
0500000US13261,13,261,Sumter,1250.18523,32.229703,31.873591,-83.922494,-84.443807,1945.4999563458882,0.6426035764853706,0.6426035764853706
0500000US13263,13,263,Talbot,1013.69751,32.881788,32.518732,-84.286246,-84.700538,1564.9807637242188,0.6477380000426854,0.6477380000426854
0500000US13273,13,273,Terrell,868.78701,31.967456,31.621199,-84.286456,-84.603086,1152.1575197188065,0.7540522846320827,0.7540522846320827
0500000US20193,20,193,Thomas,2783.4393299999997,39.568369,39.133265,-100.720213,-101.391717,2793.4925486198154,0.9964012008463088,0.9964012008463088
0500000US20199,20,199,Wallace,2366.35868,39.134761,38.697567,-101.478195,-102.047189,2393.141548518358,0.9888084896044115,0.9888084896044115
0500000US20201,20,201,Washington,2317.41804,40.00206,39.5664,-96.805768,-97.369199,2332.2742011908904,0.9936301824273901,0.9936301824273901
0500000US21195,21,195,Pike,2037.8974699999999,37.740815,37.196092,-81.968297,-82.732693,4086.1439312787843,0.49873364822032273,0.49873364822032273
0500000US21211,21,211,Shelby,983.25724,38.358054,38.03727,-84.997667,-85.468206,1466.6831868872707,0.6703951124487617,0.6703951124487617
0500000US21213,21,213,Simpson,606.58836,36.883057,36.633472,-86.400518,-86.763295,896.9171975028486,0.6763036339238812,0.6763036339238812
0500000US21223,21,223,Trimble,392.76831999999996,38.74048,38.492592,-85.16827,-85.456978,691.3936705713122,0.5680820301340737,0.5680820301340737
0500000US21225,21,225,Union,887.9789099999999,37.902038,37.480052,-87.734545,-88.160187,1757.3745418753247,0.5052872275322836,0.5052872275322836
0500000US20037,20,037,Crawford,1527.4680399999997,37.674519,37.33836,-94.616789,-95.088189,1554.2971121559929,0.9827387750088669,0.9827387750088669
0500000US20043,20,043,Doniphan,1018.9189499999999,39.999999,39.615106,-94.895268,-95.339896,1625.477515397258,0.6268428448553357,0.6268428448553357
0500000US20061,20,061,Geary,996.1606199999999,39.220073,38.869704,-96.501174,-96.96347,1555.4036842553598,0.6404514982725567,0.6404514982725567
0500000US20067,20,067,Grant,1488.7319999999997,37.736337,37.387721,-101.089653,-101.527063,1494.5552445768692,0.9961036939932467,0.9961036939932467
0500000US20071,20,071,Greeley,2016.1855,38.699669,38.262412,-101.567094,-102.045288,2023.8094914779188,0.9962328512095517,0.9962328512095517
0500000US20083,20,083,Hodgeman,2227.3792799999997,38.262237,37.913016,-99.569533,-100.227137,2234.846342148639,0.9966588028859915,0.9966588028859915
0500000US20089,20,089,Jewell,2356.33279,40.002614,39.566921,-97.931482,-98.505266,2375.2909080123595,0.9920186121420287,0.9920186121420287
0500000US22019,22,019,Calcasieu,2754.87681,30.490523,30.038479,-92.887605,-93.765822,4239.547430640151,0.6498044555628494,0.6498044555628494
0500000US22027,22,027,Claiborne,1955.13402,33.017992,32.584916,-92.724743,-93.238607,2312.8499044677824,0.845335452258802,0.845335452258802
0500000US22029,22,029,Concordia,1805.0227999999997,31.761864,30.970362,-91.379935,-91.862168,4029.6069830831084,0.44794016080916943,0.44794016080916943
0500000US22037,22,037,East Feliciana,1174.3319,30.99936,30.649548,-90.825829,-91.320706,1838.0815794865985,0.6388899780650688,0.6388899780650688
0500000US53009,53,009,Clallam,4502.27211,48.390691,47.866829,-122.917942,-124.733174,7847.7140442199325,0.5737049138934991,0.5737049138934991
0500000US53027,53,027,Grays Harbor,4926.24993,47.53361,46.792449,-123.158439,-124.353651,7446.9766493583575,0.6615100546104777,0.6615100546104777
0500000US55105,55,105,Rock,1859.98778,42.847347,42.49402,-88.776496,-89.369127,1903.5902410213034,0.9770946183261003,0.9770946183261003
0500000US55117,55,117,Sheboygan,1324.17635,43.892184,43.542361,-87.700085,-88.162274,1444.8802231875175,0.916460983235527,0.916460983235527
0500000US55127,55,127,Walworth,1437.7789299999997,42.842996,42.493587,-88.304692,-88.777137,1500.7707300030056,0.9580270332145405,0.9580270332145405
0500000US55009,55,009,Brown,1371.9437199999998,44.679631,44.240461,-87.762376,-88.245204,1871.2622112337583,0.7331648722257109,0.7331648722257109
0500000US49047,49,047,Uintah,11602.40487,40.858641,39.461695,-109.048249,-110.037952,13064.032516940413,0.8881181867049788,0.8881181867049788
0500000US49053,49,053,Washington,6284.26722,37.618276,36.999976,-112.899366,-114.052718,7012.989007596225,0.8960897005817492,0.8960897005817492
0500000US50001,50,001,Addison,1984.78175,44.29342,43.753268,-72.742303,-73.437429,3338.1988657103916,0.5945666599996358,0.5945666599996358
0500000US50009,50,009,Essex,1718.7188199999998,45.013637,44.359295,-71.464555,-71.974318,2932.1790265198924,0.5861575314655637,0.5861575314655637
0500000US50017,50,017,Orange,1779.41547,44.220979,43.771143,-72.040082,-72.791336,3005.8960415442043,0.5919750534971494,0.5919750534971494
0500000US50023,50,023,Washington,1779.9334699999997,44.506098,44.012938,-72.223689,-72.952167,3181.2655760217053,0.5595048346217844,0.5595048346217844
0500000US22003,22,003,Allen,1973.1837299999997,30.896101,30.423612,-92.597402,-93.131155,2682.2936051818774,0.7356330142934538,0.7356330142934538
0500000US22009,22,009,Avoyelles,2156.0040599999998,31.335374,30.848107,-91.677302,-92.280738,3113.2576370126963,0.6925234951222276,0.6925234951222276
0500000US22101,22,101,St. Mary,1438.4316099999999,29.955989,29.472362,-91.082602,-91.880999,4146.422644149596,0.3469090667902748,0.3469090667902748
0500000US22107,22,107,Tensas,1561.21056,32.249339,31.733013,-91.026931,-91.575721,2971.406917646095,0.5254112288453472,0.5254112288453472
0500000US22109,22,109,Terrebonne,3190.40085,29.775908,29.03658,-90.376666,-91.334885,7630.766142415642,0.418097054798488,0.418097054798488
0500000US21021,21,021,Boyle,466.63771,37.713075,37.545232,-84.658296,-85.039674,626.8210495099245,0.7444512438834614,0.7444512438834614
0500000US21023,21,023,Bracken,532.53508,38.82765,38.550864,-83.903918,-84.229954,870.9230931953351,0.611460511451337,0.611460511451337
0500000US22045,22,045,Iberia,1486.9474899999998,30.108495,29.473925,-91.224356,-92.041168,5561.745072269704,0.26735268709343923,0.26735268709343923
0500000US21047,21,047,Christian,1858.33277,37.157186,36.636838,-87.259371,-87.733368,2438.7927975906787,0.7619887888121843,0.7619887888121843
0500000US21055,21,055,Crittenden,932.27568,37.54721,37.147256,-87.801046,-88.358436,2191.2514439997344,0.4254535382294142,0.4254535382294142
0500000US21059,21,059,Daviess,1187.1161399999999,37.930214,37.560803,-86.817514,-87.408547,2134.638395508908,0.5561204850889911,0.5561204850889911
0500000US21073,21,073,Franklin,538.06473,38.356751,38.116926,-84.725168,-85.023711,695.3376768594308,0.7738178843266896,0.7738178843266896
0500000US21075,21,075,Fulton,532.25536,36.650476,36.497692,-88.834866,-89.571509,1117.5542031103867,0.4762680490294092,0.4762680490294092
0500000US21089,21,089,Greenup,891.9882299999999,38.756576,38.373935,-82.665485,-83.166419,1853.074225517789,0.48135590993434657,0.48135590993434657
0500000US21095,21,095,Harlan,1206.49452,37.021115,36.664885,-82.855705,-83.511729,2312.4028027211534,0.521749289777819,0.521749289777819
0500000US55137,55,137,Waushara,1621.7362699999999,44.245725,43.9821,-88.886193,-89.59798,1665.7354164189612,0.9735857531842892,0.9735857531842892
0500000US56001,56,001,Albany,11069.2456,42.433236,40.996886,-105.27375,-106.322885,13907.846300815616,0.7958993334108713,0.7958993334108713
0500000US56007,56,007,Carbon,20454.72702,42.434356,40.999123,-106.068406,-107.929736,24654.86861075542,0.8296425076496593,0.8296425076496593
0500000US56011,56,011,Crook,7392.916719999999,45.000437,44.176175,-104.054487,-105.082181,7458.985657703702,0.9911423696551198,0.9911423696551198
0500000US56013,56,013,Fremont,23786.07826,44.008022,42.261756,-107.501425,-110.053179,40204.559402624865,0.5916263879874047,0.5916263879874047
0500000US56021,56,021,Laramie,6956.5120799999995,41.656655,40.998173,-104.05216,-105.278236,7496.181089612978,0.9280074743177207,0.9280074743177207
0500000US54031,54,031,Hardy,1508.18808,39.237624,38.761413,-78.508132,-79.134296,2865.2529151795525,0.5263717112056366,0.5263717112056366
0500000US54035,54,035,Jackson,1202.66132,39.095379,38.55437,-81.502628,-81.908645,2115.8867105177974,0.5683958947431954,0.5683958947431954
0500000US54041,54,041,Lewis,996.8780499999999,39.167069,38.723439,-80.300209,-80.728326,1826.3825174034343,0.5458210645912556,0.5458210645912556
0500000US50027,50,027,Windsor,2510.58283,43.961855,43.222495,-72.205717,-72.980158,5127.557516550808,0.4896254838480704,0.4896254838480704
0500000US51001,51,001,Accomack,1164.19464,38.027209,37.449876,-75.242266,-76.04653,4540.122399078117,0.25642362422572407,0.25642362422572407
0500000US51021,51,021,Bland,926.50775,37.293465,36.952417,-80.854627,-81.462213,2042.859963924258,0.4535346359327602,0.4535346359327602
0500000US51027,51,027,Buchanan,1302.15617,37.537798,37.041691,-81.738378,-82.305874,2769.4457446768256,0.4701865607957423,0.4701865607957423
0500000US51037,51,037,Charlotte,1230.95189,37.248759,36.697909,-78.443319,-78.904587,2509.9034057643885,0.49043795357738673,0.49043795357738673
0500000US51041,51,041,Chesterfield,1096.33923,37.562631,37.22271,-77.244167,-77.855148,2040.1678895847094,0.5373769656884305,0.5373769656884305
